상호명,상권업종소분류명,시도명,시군구명,위도,경도
GS25이도,편의점,제주특별자치도,제주시,33.4945231113739,126.551613558542
투썸플레이스용,카페,제주특별자치도,제주시,33.5165392594964,126.504108079731
카페베네제주애월곽지해수욕장점,카페,제주특별자치도,제주시,33.4482558258561,126.304055629876
세븐일레븐서귀포케니스토리호텔점,편의점,제주특별자치도,서귀포시,33.2500984520647,126.564970221798
GS25서귀,편의점,제주특별자치도,서귀포시,33.2534303595389,126.561229984935
GS25한라체육관점,편의점,제주특별자치도,제주시,33.4991148681655,126.514054121554
쿰다카페,카페,제주특별자치도,제주시,33.4621959446476,126.449665609498
빽다방제주법조,카페,제주특별자치도,제주시,33.4945945685296,126.534320508392
투썸플레이스,카페,제주특별자치도,제주시,33.4620427155959,126.310808221129
풀바셋제주아라DT점,카페,제주특별자치도,제주시,33.4876411780853,126.541007397146
할리스제주연북로점,카페,제주특별자치도,제주시,33.4813855128093,126.515325892366
GS25서귀,편의점,제주특별자치도,서귀포시,33.2485488638334,126.56274593356
세라젬웰카페제주,카페,제주특별자치도,제주시,33.4816671126612,126.484563708564
GS25중문상예점,편의점,제주특별자치도,서귀포시,33.2630616793787,126.397964643205
아쿠아플라넷제주,카페,제주특별자치도,서귀포시,33.4329760445783,126.927791118688
톨칸이,카페,제주특별자치도,제주시,33.4941902266734,126.955180718521
투썸플레이스제주노형,카페,제주특별자치도,제주시,33.4842712182037,126.479889406951
애월리다과점,카페,제주특별자치도,제주시,33.4637643042972,126.322175364225
데코르,카페,제주특별자치도,제주시,33.4904112209162,126.430699775732
폴바셋제주용담DT점,카페,제주특별자치도,제주시,33.51743544658,126.487279388431
우도소품관,카페,제주특별자치도,제주시,33.4977465030455,126.967920349761
펜고호다,카페,제주특별자치도,제주시,33.418306419585,126.312379593022
테이크썸윌리,카페,제주특별자치도,제주시,33.4914950161481,126.537242424678
바오밥나무,카페,제주특별자치도,제주시,33.4507960211934,126.391002646435
보목동마을회,카페,제주특별자치도,서귀포시,33.2370114673395,126.595763484635
씨유제주씨앤블루점,편의점,제주특별자치도,제주시,33.4778590820953,126.365315330478
귤곳간,카페,제주특별자치도,서귀포시,33.2895308247843,126.693291143052
동명카페,카페,제주특별자치도,제주시,33.5104829567113,126.532545655661
씨유제주봉개,편의점,제주특별자치도,제주시,33.4914626831977,126.592207089627
파파사이트,카페,제주특별자치도,제주시,33.3394722917475,126.269979909243
세븐일레븐제주봉개LH점,편의점,제주특별자치도,제주시,33.4889804608706,126.594090995677
끌림,카페,제주특별자치도,제주시,33.5043148364244,126.51810387412
미스틱3도,카페,제주특별자치도,제주시,33.4499876610095,126.487364724429
제주로드팡134,카페,제주특별자치도,제주시,33.4725207286254,126.408881160722
썬시티,카페,제주특별자치도,제주시,33.5534082567887,126.795123092512
로이셀팩토리,카페,제주특별자치도,제주시,33.523940594874,126.85680914573
오트팩토리,카페,제주특별자치도,제주시,33.5231676802368,126.567095701064
라플라주,카페,제주특별자치도,제주시,33.5428251320391,126.67051032721
우호적무관심,카페,제주특별자치도,제주시,33.3377249249688,126.267212489957
키아오라카페,카페,제주특별자치도,서귀포시,33.4343040061613,126.904895752235
영란다방,카페,제주특별자치도,제주시,33.5023593253009,126.527714233161
모알보알,카페,제주특별자치도,제주시,33.5595629823147,126.727953105899
더벤티원,카페,제주특별자치도,제주시,33.4855459668075,126.485046438894
다함께야구펍,카페,제주특별자치도,제주시,33.4862386997633,126.484687266614
알맞은시간,카페,제주특별자치도,서귀포시,33.3065192135263,126.769104814506
지에스25제주동광점,편의점,제주특별자치도,제주시,33.4996196253806,126.544882887153
빽다방서귀포성읍,카페,제주특별자치도,서귀포시,33.3846840600333,126.802204589188
리치망고협제점,카페,제주특별자치도,제주시,33.4024032832732,126.251771529084
바이못,카페,제주특별자치도,제주시,33.3501996761908,126.305857454787
쥬씨삼화점,카페,제주특별자치도,제주시,33.516754851222,126.579451976289
유스커피,카페,제주특별자치도,제주시,33.4843220178112,126.54065907944
카페랑스,카페,제주특별자치도,서귀포시,33.2656266333992,126.568166725603
플로레종,카페,제주특별자치도,제주시,33.4339243715943,126.40152967014
한림개발,편의점,제주특별자치도,제주시,33.4859705158053,126.493996036169
공차제주,카페,제주특별자치도,제주시,33.5054041362108,126.541430237215
카페올디,카페,제주특별자치도,제주시,33.4939550748226,126.549119987283
씨유제주도청점,편의점,제주특별자치도,제주시,33.4884460736591,126.499716750524
놀멍쉬멍카페테리아,카페,제주특별자치도,서귀포시,33.2526729580524,126.418371147241
월드카페,카페,제주특별자치도,제주시,33.4173883448733,126.263942280462
이디야커피,카페,제주특별자치도,제주시,33.5133522616018,126.526018513522
업드림스튜디오제주성산브런치난산리다방;조아가지구,카페,제주특별자치도,서귀포시,33.398944824038,126.867903399604
씨유(제주협재점),편의점,제주특별자치도,제주시,33.3971271123496,126.244024024863
씨유,편의점,제주특별자치도,서귀포시,33.2474282941866,126.562021841864
투썸플레이스제주애월다인호텔점,카페,제주특별자치도,제주시,33.4724989159386,126.350476119494
씨유제주서광점,편의점,제주특별자치도,제주시,33.4994692884892,126.521725044659
씨유서귀고근산점,편의점,제주특별자치도,서귀포시,33.2606865655547,126.514616514609
서광마을,편의점,제주특별자치도,서귀포시,33.2994152960776,126.293580029423
CU제주행복날개주유소점,편의점,제주특별자치도,제주시,33.5050446816811,126.497565706073
구달나인,카페,제주특별자치도,서귀포시,33.2693785217354,126.648679276076
제주살롱,카페,제주특별자치도,제주시,33.4710166814836,126.782579665031
메이비,카페,제주특별자치도,서귀포시,33.2449836278081,126.564233719258
씨유제주,편의점,제주특별자치도,제주시,33.4951460250999,126.534715709826
블루로즈553,카페,제주특별자치도,제주시,33.3380493264933,126.228476565961
애월브릭하우스,카페,제주특별자치도,제주시,33.4748357954651,126.364734910698
세븐일레븐제주연동,편의점,제주특별자치도,제주시,33.4931254850809,126.490898401232
소담,카페,제주특별자치도,서귀포시,33.2312468619599,126.50734439069
본태인터네셔널,카페,제주특별자치도,제주시,33.4629265639082,126.309241496562
터미널다방,카페,제주특별자치도,제주시,33.4997131105549,126.514868650075
진주다방,카페,제주특별자치도,제주시,33.4783604382119,126.480763916481
메가엠지씨커피제주,카페,제주특별자치도,제주시,33.505683425168,126.541374953163
빽다방서귀포올레,카페,제주특별자치도,서귀포시,33.2494952195656,126.562644644315
커피473,카페,제주특별자치도,제주시,33.4994329191093,126.540708423149
플레이스엉물,카페,제주특별자치도,제주시,33.4896324562196,126.900660296622
지에스25성산,편의점,제주특별자치도,서귀포시,33.4502243945664,126.914407747341
쪼끌락,카페,제주특별자치도,제주시,33.5577625857075,126.755203727957
토끼문,카페,제주특별자치도,제주시,33.5558972523781,126.795483347561
경운재,카페,제주특별자치도,제주시,33.4939390724003,126.676775483695
개화당,카페,제주특별자치도,제주시,33.4701972269909,126.541529691304
꿈꾸는고양이,카페,제주특별자치도,제주시,33.4660898761859,126.357634430565
달자카페,카페,제주특별자치도,제주시,33.4835490714809,126.37975593484
홀리싯커피서플라이,카페,제주특별자치도,제주시,33.4948009321001,126.54130320819
클라우드나인커피,카페,제주특별자치도,제주시,33.4990384154158,126.529281907653
몽상의정원,카페,제주특별자치도,제주시,33.5245022355574,126.564580908688
씨유제주삼도,편의점,제주특별자치도,제주시,33.503639660609,126.520690484454
글러트니커피,카페,제주특별자치도,제주시,33.4865725227051,126.534890678487
블라썸1407,카페,제주특별자치도,제주시,33.456849976274,126.347538112705
뽀르또,카페,제주특별자치도,서귀포시,33.2731247524618,126.663326449522
도그모루,카페,제주특별자치도,제주시,33.5152790463185,126.673015041003
법환쌀다방,카페,제주특별자치도,서귀포시,33.2374738534746,126.511086154886
카페오트,카페,제주특별자치도,제주시,33.3258566771503,126.256056497606
지에스25서귀,편의점,제주특별자치도,서귀포시,33.2534303595389,126.561229984935
지에스25제주원,편의점,제주특별자치도,제주시,33.4867978118094,126.48255350593
레몬비표선초교점,편의점,제주특별자치도,서귀포시,33.3287417709824,126.835465614621
세븐일레븐제주금등리점,편의점,제주특별자치도,제주시,33.3619183789423,126.193615884084
씨유서귀서홍,편의점,제주특별자치도,서귀포시,33.2611077456127,126.554891841882
리치망고도두해안로점,카페,제주특별자치도,제주시,33.5056533366964,126.468418210416
엘파소,카페,제주특별자치도,서귀포시,33.2453899582715,126.325915334626
세븐일레븐제주우도비양도점,편의점,제주특별자치도,제주시,33.5129376312682,126.964642716204
사계풍경포시즌,카페,제주특별자치도,서귀포시,33.236551424682,126.310619298637
세화인,카페,제주특별자치도,제주시,33.5261936661953,126.856008831392
띠아모제주,카페,제주특별자치도,제주시,33.5059397371195,126.495956962825
지에스25중문상예점,편의점,제주특별자치도,서귀포시,33.2630616793787,126.397964643205
헬렌앤마리,카페,제주특별자치도,제주시,33.5122347431298,126.523785898847
채플린,카페,제주특별자치도,서귀포시,33.2482084351002,126.56594533669
세븐일레븐제주장전점,편의점,제주특별자치도,제주시,33.452688835483,126.387235724786
세화비치,카페,제주특별자치도,제주시,33.5249323900343,126.856839805447
코삿호다,카페,제주특별자치도,제주시,33.3655189350956,126.198288823953
소인,카페,제주특별자치도,제주시,33.4842178404962,126.484376448187
깃든,카페,제주특별자치도,제주시,33.543092173346,126.829612496764
카페현,카페,제주특별자치도,제주시,33.4928889579169,126.543583784268
GS25제주,편의점,제주특별자치도,제주시,33.5415016292601,126.667823669071
큐제이,카페,제주특별자치도,제주시,33.4901482085772,126.536324203216
미르의언덕,카페,제주특별자치도,제주시,33.5451828838992,126.662178352046
카페훤,카페,제주특별자치도,제주시,33.3961711874455,126.24250602005
스위스마을117동;다온,카페,제주특별자치도,제주시,33.4939390724003,126.676775483695
GS25서귀고점,편의점,제주특별자치도,서귀포시,33.2578456123834,126.560456693366
디오,카페,제주특별자치도,제주시,33.5071497372224,126.512190375474
유로에프앤아이,편의점,제주특별자치도,제주시,33.4963821398876,126.455303394768
윈드스톤,카페,제주특별자치도,제주시,33.460476010352,126.436090936563
백향목전통차,카페,제주특별자치도,서귀포시,33.4097563744104,126.897773427959
준파스타,카페,제주특별자치도,서귀포시,33.2585256716543,126.624940914683
블루하이,카페,제주특별자치도,제주시,33.3813955818936,126.218024377817
한앤솜하우스,카페,제주특별자치도,제주시,33.4756775469743,126.477391002937
에이바우트커피올레,카페,제주특별자치도,서귀포시,33.2473679748527,126.562816196731
카페이음새,카페,제주특별자치도,제주시,33.4905755891452,126.495701665351
카페블루탐,카페,제주특별자치도,제주시,33.5312020815466,126.619644684797
세븐일레븐서귀포표선해비치점,편의점,제주특별자치도,서귀포시,33.3249303767183,126.84439777171
세븐일레븐제주이도,편의점,제주특별자치도,제주시,33.5018470920623,126.54257897829
그녀의커피잔,카페,제주특별자치도,서귀포시,33.2415365831449,126.531224688038
이디야커피제주하귀점,카페,제주특별자치도,제주시,33.484618836385,126.416233822757
콩,카페,제주특별자치도,서귀포시,33.2544719090329,126.560001407889
르브아커피,카페,제주특별자치도,서귀포시,33.2740431705844,126.676439598634
씨유서귀포,편의점,제주특별자치도,서귀포시,33.2495901888314,126.566593080776
바닐라파레트,카페,제주특별자치도,제주시,33.4771335810932,126.480599096732
GS25옹포,편의점,제주특별자치도,제주시,33.401974889559,126.251001259748
블루미270,카페,제주특별자치도,서귀포시,33.3122048629135,126.719177381553
모티프커피제주,카페,제주특별자치도,서귀포시,33.2803519315708,126.285103261822
지에스25제주동문,편의점,제주특별자치도,제주시,33.5121012273155,126.528952872329
종달블랑,카페,제주특별자치도,제주시,33.4918492824887,126.899269643273
보라지붕,카페,제주특별자치도,제주시,33.5407685474366,126.67015206559
갤러리오브디지털아트,카페,제주특별자치도,서귀포시,33.304201183662,126.299661658375
씨유제주금능,편의점,제주특별자치도,제주시,33.3878106460356,126.233239024741
씨유노형,편의점,제주특별자치도,제주시,33.4833776708207,126.479658040253
이레하우스,카페,제주특별자치도,제주시,33.4960602073265,126.550335833073
씨유성산신양점,편의점,제주특별자치도,서귀포시,33.4364864650557,126.918324866794
인,카페,제주특별자치도,제주시,33.5451997450253,126.828047112143
버터플라이,카페,제주특별자치도,서귀포시,33.2570233537944,126.575517305929
세븐일레븐제주평대해안로점,편의점,제주특별자치도,제주시,33.5349190066722,126.839597809501
씨유제주아라중점,편의점,제주특별자치도,제주시,33.4869013757555,126.545767173771
제주봄날,카페,제주특별자치도,제주시,33.4625047555696,126.309589056799
메탈리코,카페,제주특별자치도,제주시,33.4253886754925,126.405781609311
씨유서귀포자,편의점,제주특별자치도,서귀포시,33.2426226066671,126.567174692038
씨유제주해녀박물관점,편의점,제주특별자치도,제주시,33.5208912598799,126.863078949373
화의기억,카페,제주특별자치도,제주시,33.4395370425773,126.328504290084
엘앤씨컴퍼니,카페,제주특별자치도,서귀포시,33.2442991865399,126.591019427854
카페오션브릭,카페,제주특별자치도,서귀포시,33.2417405362768,126.324645064696
레이지,카페,제주특별자치도,서귀포시,33.2364466263171,126.312862469452
색달로망스,카페,제주특별자치도,서귀포시,33.2607622657806,126.411084176786
녹원,카페,제주특별자치도,제주시,33.507584534855,126.524306443459
제주엔봄,카페,제주특별자치도,제주시,33.466109871584,126.51465791966
산방산흑돼지,카페,제주특별자치도,서귀포시,33.2358731823675,126.308629051909
이디야커피제주화북점,카페,제주특별자치도,제주시,33.5187693934752,126.572714816227
효진,카페,제주특별자치도,제주시,33.5131703539326,126.530335523668
세븐일레븐서귀포상예동점,편의점,제주특별자치도,서귀포시,33.2638923356013,126.381667220394
세븐일레븐서귀,편의점,제주특별자치도,서귀포시,33.2488212934105,126.560737947834
지에스25제주연북점,편의점,제주특별자치도,제주시,33.4808877667339,126.490141547055
뽀르뽀라,카페,제주특별자치도,서귀포시,33.4105576714962,126.907824302115
유람위드북스,카페,제주특별자치도,제주시,33.3397382299288,126.234777683927
루핀,카페,제주특별자치도,서귀포시,33.2103863304237,126.291335820188
씨유서귀,편의점,제주특별자치도,서귀포시,33.2548615417105,126.512180515837
도노미,카페,제주특별자치도,제주시,33.4842535372197,126.475693297038
오캄커피,카페,제주특별자치도,제주시,33.4995527970798,126.531786542274
리치망고애월점,카페,제주특별자치도,제주시,33.468558694606,126.34017832727
씨유제주은남점,편의점,제주특별자치도,제주시,33.4879876171233,126.493392505798
걸피커피,카페,제주특별자치도,제주시,33.4990705288464,126.525881133967
레몬비추자도점,편의점,제주특별자치도,제주시,33.9453695887175,126.329901987562
에이바우트스타디움,카페,제주특별자치도,제주시,33.5049637941233,126.564312861427
지에스25마라도포구점,편의점,제주특별자치도,서귀포시,33.1199036656122,126.267162421264
씨유제주외도한라점,편의점,제주특별자치도,제주시,33.4880496553057,126.426916961751
파스쿠찌제주노형,카페,제주특별자치도,제주시,33.4870185192496,126.47928119256
속솜,카페,제주특별자치도,제주시,33.5285902843058,126.879838968086
자작나무,카페,제주특별자치도,제주시,33.4798375046639,126.497894173893
파머스커피,카페,제주특별자치도,서귀포시,33.2437499691916,126.456939988661
곱을락;숨바꼭질,카페,제주특별자치도,서귀포시,33.1670806000932,126.272430527395
동광,카페,제주특별자치도,제주시,33.4897295901267,126.542556615256
비원,카페,제주특별자치도,제주시,33.5131034449656,126.52933491405
요거프레스제주성산점,카페,제주특별자치도,서귀포시,33.46642463705,126.911992906116
카페노아,카페,제주특별자치도,제주시,33.5286249339757,126.589040038997
니모스토리,카페,제주특별자치도,제주시,33.5582560467737,126.753985457976
두리,카페,제주특별자치도,서귀포시,33.325851416485,126.831626063579
레드빈,카페,제주특별자치도,서귀포시,33.2523994368399,126.425476868618
제주앨리스연동점,카페,제주특별자치도,제주시,33.4801430443155,126.491017391042
세븐일레븐제주이도정든점,편의점,제주특별자치도,제주시,33.497133183218,126.540526866538
지에스25제주와흘점,편의점,제주특별자치도,제주시,33.4606747570052,126.661678224226
메이플,카페,제주특별자치도,제주시,33.3840768166978,126.267361229248
에이바웃,카페,제주특별자치도,서귀포시,33.2515909625727,126.424172991448
뜨락,카페,제주특별자치도,제주시,33.4829150743148,126.412468732084
모란이피기까지,카페,제주특별자치도,제주시,33.5155754559878,126.866413266174
세븐일레븐제주관광대점,편의점,제주특별자치도,제주시,33.447808353769,126.434054192488
디엔에이투자파트너스,카페,제주특별자치도,제주시,33.3081613518521,126.249076999557
컴포즈서귀포표선점,카페,제주특별자치도,서귀포시,33.3268980000803,126.832139585355
부커피,카페,제주특별자치도,제주시,33.5189066566068,126.492049846575
호꼴락,카페,제주특별자치도,서귀포시,33.325851416485,126.831626063579
마린68,카페,제주특별자치도,서귀포시,33.2308493093442,126.308293097524
덴드리,카페,제주특별자치도,서귀포시,33.3696131363703,126.866056529408
부추,카페,제주특별자치도,제주시,33.4474759023534,126.434303715544
온도커피,카페,제주특별자치도,제주시,33.4829112798037,126.48455633961
세븐일레븐제주화북주공점,편의점,제주특별자치도,제주시,33.5195771705299,126.57427161846
에니스케리,카페,제주특별자치도,제주시,33.3954025155175,126.242125747642
지에스25연동베스트점,편의점,제주특별자치도,제주시,33.4920155998427,126.48848378512
마블러스하도,카페,제주특별자치도,제주시,33.5292036214854,126.880096485938
은찬이네카페,카페,제주특별자치도,서귀포시,33.325851416485,126.831626063579
유심이감성,카페,제주특별자치도,제주시,33.9605845448257,126.295529746767
아주르블루,카페,제주특별자치도,서귀포시,33.2796844666848,126.723822244913
모래비커피팩토리,카페,제주특별자치도,제주시,33.5555194903526,126.796033431471
투썸플레이스제주남원농협하나로마트점,카페,제주특별자치도,서귀포시,33.2843952758353,126.721703336165
그리니티,카페,제주특별자치도,제주시,33.4929204778034,126.544799571334
세븐일레븐제주정,편의점,제주특별자치도,제주시,33.5064373881726,126.523753080007
커피순,카페,제주특별자치도,제주시,33.4916277071978,126.497245071515
우지커피제주,카페,제주특별자치도,서귀포시,33.252097906493,126.422667334144
20세기소년,카페,제주특별자치도,제주시,33.5014108216482,126.529602678808
베러먼데이노형,카페,제주특별자치도,제주시,33.4833783135711,126.477667543798
제파,카페,제주특별자치도,제주시,33.5545694147149,126.793978902639
오,카페,제주특별자치도,제주시,33.5147463906849,126.539475844255
애월맛차,카페,제주특별자치도,제주시,33.4714041132154,126.418699940557
로컬리지,카페,제주특별자치도,서귀포시,33.2315394864296,126.296314845844
카페촐,카페,제주특별자치도,서귀포시,33.4122339693667,126.773770841748
지에스25서귀유포리아점,편의점,제주특별자치도,서귀포시,33.2525513836024,126.518610529363
씨유제주,편의점,제주특별자치도,제주시,33.4804179972854,126.485550180629
록록타르트,카페,제주특별자치도,제주시,33.5288508671799,126.878934329658
씨유제주아모렉스리조트점,편의점,제주특별자치도,제주시,33.5074551488948,126.470204513615
월령15,카페,제주특별자치도,제주시,33.3762631233589,126.21764047499
망고레이필리핀디저트카페,카페,제주특별자치도,서귀포시,33.4363526484369,126.920518764024
송당나무가드닝센터,카페,제주특별자치도,제주시,33.4769604131678,126.789041601023
헬레네감사헌느,카페,제주특별자치도,제주시,33.4948493703284,126.676653730831
하토우커피로스터스,카페,제주특별자치도,제주시,33.5200243128585,126.870141577178
나지금제주,카페,제주특별자치도,제주시,33.481774294775,126.471479861329
세븐일레븐서귀포동광IC점,편의점,제주특별자치도,서귀포시,33.3103527200158,126.341351055005
세븐일레븐제주교래,편의점,제주특별자치도,제주시,33.4363260798688,126.676580608891
서귀포더벤티,카페,제주특별자치도,서귀포시,33.2509213816497,126.433470260415
노마와사비,카페,제주특별자치도,제주시,33.5016411196921,126.542956721872
세븐일레븐제주아라점,편의점,제주특별자치도,제주시,33.4718864172275,126.549782971795
씨유제주아라,편의점,제주특별자치도,제주시,33.4775677395872,126.55013014418
카페두모리에,카페,제주특별자치도,제주시,33.357485704202,126.183063528582
소금인형,카페,제주특별자치도,제주시,33.5044854382824,126.524926073696
메리오가닉,카페,제주특별자치도,제주시,33.3497208830518,126.182738582723
나인커피숍,카페,제주특별자치도,제주시,33.4947397867835,126.546737767968
개떼목장,카페,제주특별자치도,서귀포시,33.2793733441342,126.317936360174
우도몬딱,카페,제주특별자치도,제주시,33.5150179079382,126.956978251494
카페도구리3083,카페,제주특별자치도,서귀포시,33.2749026854726,126.172617017012
구씨커피,카페,제주특별자치도,제주시,33.5236307209662,126.853957047069
좁생이방앗간,카페,제주특별자치도,서귀포시,33.3547062185607,126.840552279698
빽다방제주,카페,제주특별자치도,제주시,33.5451828838992,126.662178352046
씨유제주아라,편의점,제주특별자치도,제주시,33.4746043372285,126.548434876766
카페애옥,카페,제주특별자치도,서귀포시,33.3692458630835,126.868292158839
커피와수다,카페,제주특별자치도,제주시,33.5115270377961,126.52029182337
돌개바람,카페,제주특별자치도,서귀포시,33.4007625834686,126.903201656081
쿠잉,카페,제주특별자치도,제주시,33.4927162492463,126.477062692925
욱앤에프,카페,제주특별자치도,제주시,33.5424880729034,126.669208818134
앤그리고,카페,제주특별자치도,서귀포시,33.2470852181193,126.564459359631
세븐일레븐제주산지로점,편의점,제주특별자치도,제주시,33.5148252018314,126.529261010934
노을해안1014,카페,제주특별자치도,제주시,33.297677007017,126.168558477074
더벤티법환포구점,카페,제주특별자치도,서귀포시,33.2355576033836,126.514465721602
원택,카페,제주특별자치도,제주시,33.4986090905693,126.530188183521
달리는커피도두점,카페,제주특별자치도,제주시,33.5029473389471,126.463947069122
코알라,카페,제주특별자치도,제주시,33.4812170504916,126.489095979498
템푸스,카페,제주특별자치도,제주시,33.5549271614456,126.797693161851
베이커리카페70,카페,제주특별자치도,서귀포시,33.2449922899466,126.569309047493
서정,카페,제주특별자치도,서귀포시,33.2525946407702,126.554409184899
세븐일레븐제주삼화부영,편의점,제주특별자치도,제주시,33.5138685967902,126.573836760142
법인더휘게,카페,제주특별자치도,제주시,33.4293369976029,126.355109613902
지에스25제주,편의점,제주특별자치도,제주시,33.5126610450517,126.524450873898
시작카페,카페,제주특별자치도,제주시,33.5077086876256,126.523767641227
말벗카페,카페,제주특별자치도,제주시,33.4489761397774,126.713445803651
고스란히,카페,제주특별자치도,제주시,33.4884577460332,126.535128082842
어썸커뮤니티,카페,제주특별자치도,제주시,33.4764393584233,126.549748666097
드롭탑제주,카페,제주특별자치도,제주시,33.5039796939876,126.527059712544
꾸까,카페,제주특별자치도,제주시,33.5156754909556,126.539600082963
지에스25제주남녕점,편의점,제주특별자치도,제주시,33.4903455866519,126.481477898116
파피용살롱드떼,카페,제주특별자치도,서귀포시,33.3277254254391,126.830612861138
씨유서귀상창교차로점,편의점,제주특별자치도,서귀포시,33.2837977488391,126.354614799445
컴포즈커피한림점,카페,제주특별자치도,제주시,33.4099143347464,126.265488853323
황금다방,카페,제주특별자치도,서귀포시,33.2474884156951,126.566313732089
에이드롭커피,카페,제주특별자치도,서귀포시,33.2753730905528,126.67471726249
지에스25제주서부관광점,편의점,제주특별자치도,제주시,33.4629968100646,126.451349379096
도로시,카페,제주특별자치도,제주시,33.4881741556667,126.481813639684
머스크,카페,제주특별자치도,제주시,33.5201997656753,126.566615341006
앨리스,카페,제주특별자치도,제주시,33.4975698712657,126.529558885802
달리는커피제주삼화점,카페,제주특별자치도,제주시,33.5170252333879,126.582087761097
레몬올레,카페,제주특별자치도,서귀포시,33.2624917001646,126.368487242869
동감,카페,제주특별자치도,제주시,33.4786039072925,126.48077322288
귤하르방구좌점,카페,제주특별자치도,제주시,33.532397861711,126.84943150158
마당한동,카페,제주특별자치도,제주시,33.5333321625976,126.819899398469
금호다방,카페,제주특별자치도,제주시,33.5121165233442,126.518857091085
씨유삼화주공점,편의점,제주특별자치도,제주시,33.5165270999137,126.576116367867
모카,카페,제주특별자치도,서귀포시,33.2921687165764,126.761391206721
우유부단,카페,제주특별자치도,제주시,33.3476170052038,126.328061340722
모시란,카페,제주특별자치도,제주시,33.4981122344152,126.546870851455
백조,카페,제주특별자치도,제주시,33.51364025318,126.528244924571
달페이지,카페,제주특별자치도,서귀포시,33.2597569034493,126.413934869255
마로네,카페,제주특별자치도,제주시,33.5121770669935,126.539532508478
망고하이,카페,제주특별자치도,서귀포시,33.258226678228,126.406862175307
카카듀,카페,제주특별자치도,제주시,33.4913045272444,126.541784342939
이디야커피제주연북로점,카페,제주특별자치도,제주시,33.4816687675825,126.484961789616
그레이트커피,카페,제주특별자치도,서귀포시,33.2669765984404,126.295376082512
귤꽃,카페,제주특별자치도,제주시,33.5384200589941,126.655314207967
도련마을상회,편의점,제주특별자치도,제주시,33.5094339815376,126.587516372757
샐리가든커피,카페,제주특별자치도,제주시,33.4929151609307,126.536072721593
19티성산,카페,제주특별자치도,서귀포시,33.4612992794318,126.934275548746
씨유제주청귤로점,편의점,제주특별자치도,제주시,33.5014291822906,126.539288098741
엠브릿지,카페,제주특별자치도,서귀포시,33.2100590324929,126.258378431327
코츠커피,카페,제주특별자치도,서귀포시,33.2448042975102,126.506570890272
지에스25서귀돈내코,편의점,제주특별자치도,서귀포시,33.3022259445149,126.576705036205
아이즈,카페,제주특별자치도,제주시,33.5360605347975,126.62518944388
카페헤이브라운,카페,제주특별자치도,제주시,33.4721161585926,126.541132295847
지에스25제주우령점,편의점,제주특별자치도,제주시,33.4906073494235,126.42630829883
카페인어,카페,제주특별자치도,제주시,33.4404340224377,126.276394367786
제주나무카페,카페,제주특별자치도,제주시,33.4561998987089,126.710378044188
쁘띠,카페,제주특별자치도,제주시,33.4951784883097,126.53375781479
꽃길,카페,제주특별자치도,서귀포시,33.2509161810879,126.561618131237
카페바나나,카페,제주특별자치도,제주시,33.5438149723343,126.663098869956
컴플리트,카페,제주특별자치도,제주시,33.4782418321104,126.491297478855
레몬비펄리호텔점,편의점,제주특별자치도,제주시,33.4643192232058,126.454772545626
다코네,카페,제주특별자치도,제주시,33.5291901719606,126.836777127507
씨유제주남녕점,편의점,제주특별자치도,제주시,33.4897369384389,126.480383984475
위즈,카페,제주특별자치도,제주시,33.4875146601587,126.432128275368
커피로카,카페,제주특별자치도,제주시,33.5066266487612,126.540444417076
하례마을공간내창협동조합,카페,제주특별자치도,서귀포시,33.2533941104871,126.627516872201
꿈,카페,제주특별자치도,제주시,33.502062503311,126.527898795165
세븐일레븐서귀포오션,편의점,제주특별자치도,서귀포시,33.2459597573783,126.562340344739
올래파이,카페,제주특별자치도,제주시,33.4801514413796,126.490866715533
씨유한림상로점,편의점,제주특별자치도,제주시,33.4149774473878,126.269424028654
픽토랜드,카페,제주특별자치도,제주시,33.522179100071,126.688102199939
달리는커피제주외도점,카페,제주특별자치도,제주시,33.4889775407788,126.43066611674
칠칠,카페,제주특별자치도,제주시,33.5136544687456,126.527243870057
알레그레,카페,제주특별자치도,제주시,33.4259907701642,126.264159992527
더구두미,카페,제주특별자치도,서귀포시,33.2436643040338,126.595389504256
마크로비오틱올리브,카페,제주특별자치도,서귀포시,33.3260623003597,126.378801241973
소색채본,카페,제주특별자치도,서귀포시,33.2351165556754,126.31364534534
카페쉬머,카페,제주특별자치도,서귀포시,33.254051292775,126.521778754889
바라나시책골목,카페,제주특별자치도,제주시,33.5163216885276,126.515195743107
플라워코티지,카페,제주특별자치도,서귀포시,33.2448675462054,126.363667476257
영국찻집,카페,제주특별자치도,제주시,33.4172341399756,126.314118975787
커피림,카페,제주특별자치도,제주시,33.4694461642905,126.487863377422
노론존,카페,제주특별자치도,제주시,33.4884360674787,126.484082449908
카페분식이다,카페,제주특별자치도,제주시,33.4876430145085,126.534250117257
세븐일레븐제주일도,편의점,제주특별자치도,제주시,33.5131719952237,126.540388289704
해리앤소담,카페,제주특별자치도,제주시,33.4626349968285,126.431085791239
앤드앤드,카페,제주특별자치도,제주시,33.4836145535279,126.486736343101
빽다방제주평화로에스케이점,카페,제주특별자치도,제주시,33.4675217274182,126.457248220739
씨유제주세화리점,편의점,제주특별자치도,제주시,33.521369953667,126.855876889052
지에스25한라체육관점,편의점,제주특별자치도,제주시,33.4991148681655,126.514054121554
씨유제주대공과대점,편의점,제주특별자치도,제주시,33.4572331874152,126.564293590979
컴포즈,카페,제주특별자치도,서귀포시,33.2613086604615,126.521588963126
서귀포평양옥,카페,제주특별자치도,서귀포시,33.2983924781983,126.600752326921
케이빈,카페,제주특별자치도,제주시,33.4775658250651,126.549602975539
몽마르카부덴,카페,제주특별자치도,서귀포시,33.2352384528193,126.312861191042
파라카페,카페,제주특별자치도,제주시,33.4840954374921,126.380838743559
발트글라스카페,카페,제주특별자치도,제주시,33.4680383907675,126.48537591093
씨유제주화삼북로점,편의점,제주특별자치도,제주시,33.5175202432635,126.573894201206
세븐제주대학교병원점,편의점,제주특별자치도,제주시,33.467208437904,126.545202965312
고사리커피,카페,제주특별자치도,제주시,33.4733721081424,126.764080221798
러뷰라떼,카페,제주특별자치도,제주시,33.4798151076186,126.526567040319
세븐서귀포동홍점,편의점,제주특별자치도,서귀포시,33.2567687389423,126.572256126205
혜윰,카페,제주특별자치도,제주시,33.4693299994388,126.54351367891
커피마마제주한림점,카페,제주특별자치도,제주시,33.411124129745,126.267295475492
수궁다방,카페,제주특별자치도,서귀포시,33.2202436587406,126.251749098073
세븐일레븐제주연신로점,편의점,제주특별자치도,제주시,33.4944386342878,126.548213571011
카페온,카페,제주특별자치도,제주시,33.4903458954993,126.47940116177
지에스25도남,편의점,제주특별자치도,제주시,33.4929119772609,126.528066827791
제주에서,카페,제주특별자치도,제주시,33.4986397664282,126.533534794963
자유다방,카페,제주특별자치도,서귀포시,33.2492348524165,126.565532496476
루프탑,카페,제주특별자치도,서귀포시,33.2452230360807,126.563084400066
GS25제주신화월드,편의점,제주특별자치도,서귀포시,33.3049703350934,126.31635204442
산지물마을카페,카페,제주특별자치도,서귀포시,33.2642982662,126.564728119943
웰컴순카페,카페,제주특별자치도,제주시,33.3456973652345,126.283055041085
라브뉴,카페,제주특별자치도,제주시,33.4922618416922,126.530179422657
꼬닥꼬닥걸으멍,카페,제주특별자치도,서귀포시,33.1727985137242,126.269627954198
카페제주로드1136,카페,제주특별자치도,제주시,33.3531050487586,126.259423751312
빽다방제주봉개DT점,카페,제주특별자치도,제주시,33.4841084529415,126.604195450523
봄봄,카페,제주특별자치도,제주시,33.4891390821143,126.475437894646
쉬어갓,카페,제주특별자치도,서귀포시,33.3860931789858,126.882270865704
드리밍,카페,제주특별자치도,제주시,33.5004245354856,126.526304214773
씨유남제주점,편의점,제주특별자치도,서귀포시,33.279104013611,126.718285114327
플랏포커피,카페,제주특별자치도,제주시,33.4870154011296,126.48284272849
세븐일레븐제주연동마이빌점,편의점,제주특별자치도,제주시,33.4821503574252,126.492425875934
모드락572,카페,제주특별자치도,서귀포시,33.354476221193,126.773737726122
세븐일레븐아라중점,편의점,제주특별자치도,제주시,33.4857425378389,126.544460533193
지에스25신서귀LH점,편의점,제주특별자치도,서귀포시,33.2480119208053,126.519837235181
컴포즈커피서귀포성산점,카페,제주특별자치도,서귀포시,33.4509351101045,126.912180643642
제피로스,카페,제주특별자치도,제주시,33.3175872584215,126.169013811741
고다시,카페,제주특별자치도,제주시,33.4740080071096,126.526351183208
카페판포리,카페,제주특별자치도,제주시,33.3631625535064,126.201985005693
아미고라운드,카페,제주특별자치도,서귀포시,33.2424466577732,126.375219469311
엠에이치컴퍼니산노루,카페,제주특별자치도,제주시,33.3300381625586,126.213306684988
티타임커피,카페,제주특별자치도,제주시,33.9630938552796,126.297651283542
더그레이스,카페,제주특별자치도,제주시,33.3213675998996,126.241295919451
레몬비내도점,편의점,제주특별자치도,제주시,33.4941053340209,126.446084948431
세븐일레븐제주연동길점,편의점,제주특별자치도,제주시,33.4865950147424,126.49458419506
유나카페,카페,제주특별자치도,서귀포시,33.2660139096996,126.641823767062
숑,카페,제주특별자치도,서귀포시,33.2663412103428,126.642766919296
록록,카페,제주특별자치도,제주시,33.5288508671799,126.878934329658
지에스25곽지,편의점,제주특별자치도,제주시,33.4485998614495,126.304311001767
씨유표선가마리점,편의점,제주특별자치도,서귀포시,33.3072979610537,126.808177945347
레프트핸더,카페,제주특별자치도,제주시,33.5201901158362,126.864996070783
콜라비,카페,제주특별자치도,제주시,33.4281613987328,126.674621640716
버드아일랜드,카페,제주특별자치도,제주시,33.4639906994962,126.455925602219
아줄레주,카페,제주특별자치도,서귀포시,33.3669845385616,126.839165242285
양철공,카페,제주특별자치도,서귀포시,33.244305983901,126.569001240755
GS25연동해피점,편의점,제주특별자치도,제주시,33.4861863463993,126.489464915601
달비치,카페,제주특별자치도,제주시,33.5550796390955,126.797208226187
소길다방,카페,제주특별자치도,제주시,33.4388106351637,126.379439978734
카페시소,카페,제주특별자치도,제주시,33.543446471266,126.634880114362
마당별,카페,제주특별자치도,서귀포시,33.2514623274867,126.439433137438
지에스25제주하가타운점,편의점,제주특별자치도,제주시,33.4567579865409,126.348904817655
272커피,카페,제주특별자치도,제주시,33.4997810416298,126.52542527847
지에스25이도,편의점,제주특별자치도,제주시,33.4945231113739,126.551613558542
씨유제주애월,편의점,제주특별자치도,제주시,33.4826504419903,126.396794253488
씨유제주추자도점,편의점,제주특별자치도,제주시,33.9629110766574,126.295640398985
카페,카페,제주특별자치도,제주시,33.4072176885672,126.334020520419
해당화다방,카페,제주특별자치도,서귀포시,33.2492384467989,126.56656262495
GS25교래퐁낭점,편의점,제주특별자치도,제주시,33.4259781707596,126.674113668997
아이올레인포레스트,카페,제주특별자치도,제주시,33.5183688332109,126.787767878905
세븐일레븐제주한림,편의점,제주특별자치도,제주시,33.4116355818681,126.265356110475
낭커피,카페,제주특별자치도,서귀포시,33.2915760581588,126.609221785056
지에스25제주함덕,편의점,제주특별자치도,제주시,33.5424888491335,126.669499519961
싱싱프루츠,카페,제주특별자치도,제주시,33.4893952233368,126.539911363285
커피516,카페,제주특별자치도,서귀포시,33.2560736003831,126.577271138383
세븐일레븐제주사대부고점,편의점,제주특별자치도,제주시,33.5126881958434,126.510587889298
메종드카페,카페,제주특별자치도,제주시,33.4995342668824,126.522208952389
헤이브라더,카페,제주특별자치도,서귀포시,33.2255896378551,126.299655865718
씨유제주외도,편의점,제주특별자치도,제주시,33.4857398646509,126.432419609921
투썸플레이스엠제이벤처오름점,카페,제주특별자치도,제주시,33.4545640860538,126.571954395541
매일더탐나,카페,제주특별자치도,서귀포시,33.3066972684137,126.782848746216
별빛카페,카페,제주특별자치도,제주시,33.4482496983063,126.550668745717
아침미소목,카페,제주특별자치도,제주시,33.4547929283652,126.586247927019
커피냅로스터스제주,카페,제주특별자치도,제주시,33.4891869729849,126.41370683222
놀소랑,카페,제주특별자치도,서귀포시,33.2745227499198,126.622672099199
시,카페,제주특별자치도,서귀포시,33.2572404171332,126.570461638559
미엘드세화,카페,제주특별자치도,제주시,33.5245233392328,126.861846053171
세븐일레븐제주인호텔점,편의점,제주특별자치도,제주시,33.4918412077572,126.445830354033
지에스25파르나스제주,편의점,제주특별자치도,서귀포시,33.2441642492679,126.405573007167
에이바우트커피베라체점,카페,제주특별자치도,제주시,33.4920832221768,126.542684126506
설빙제주삼화점,카페,제주특별자치도,제주시,33.515618420705,126.576680499818
바누카페,카페,제주특별자치도,제주시,33.5347727995385,126.628693908174
레몬비제주성산점,편의점,제주특별자치도,서귀포시,33.4602958384298,126.929446529666
예스예스커피,카페,제주특별자치도,제주시,33.4871059048655,126.537685405823
벌툰제주한라대점,카페,제주특별자치도,제주시,33.4760867671043,126.480368655638
수마,카페,제주특별자치도,서귀포시,33.4609925205777,126.933877777654
퍼스트스퀘어,카페,제주특별자치도,서귀포시,33.2531899463612,126.559535661658
풍년다방카페,카페,제주특별자치도,서귀포시,33.2501312475739,126.564036479839
지에스25제주바오젠점,편의점,제주특별자치도,제주시,33.4901298845807,126.490334877138
이디야커피시청고산동산점,카페,제주특별자치도,제주시,33.4964061800638,126.531771198013
케이로컬,카페,제주특별자치도,서귀포시,33.2439228924554,126.218499681925
단수이카스테라인제주,카페,제주특별자치도,제주시,33.4627298121865,126.452136311099
빛채움천연염색체험까페,카페,제주특별자치도,서귀포시,33.3938724846099,126.797196462057
지금;여기,카페,제주특별자치도,서귀포시,33.2524128093608,126.559045931251
오로라공주,카페,제주특별자치도,서귀포시,33.262865599436,126.348340194678
벨롱,카페,제주특별자치도,제주시,33.5282653428121,126.879462637559
지에스25제주동여중점,편의점,제주특별자치도,제주시,33.5028458949067,126.539614210933
지에스25제주고마로점,편의점,제주특별자치도,제주시,33.5084557661679,126.54014415967
설빙제주,카페,제주특별자치도,제주시,33.4980309402389,126.529889991127
호다,카페,제주특별자치도,제주시,33.5428418196766,126.663307216764
킵미클로즈,카페,제주특별자치도,제주시,33.5121668977372,126.484318355557
봉꾸라주,카페,제주특별자치도,서귀포시,33.2542862658629,126.505777142906
디케이리,카페,제주특별자치도,제주시,33.512857974771,126.528798088189
시차,카페,제주특별자치도,제주시,33.4416241084938,126.282600358384
유라디,카페,제주특별자치도,제주시,33.4714314099837,126.551108557231
투썸플레이스연북로점,카페,제주특별자치도,제주시,33.4819403049927,126.502885096199
미소,카페,제주특별자치도,제주시,33.5127730389581,126.518433697015
더벤티제주,카페,제주특별자치도,제주시,33.5051359688163,126.537202126645
카페코랫,카페,제주특별자치도,제주시,33.4398118142198,126.329297963605
카페폴린,카페,제주특별자치도,서귀포시,33.2461252664941,126.573649267481
더벤티제주,카페,제주특별자치도,제주시,33.4866896553268,126.478260976881
다소재티하우스,카페,제주특별자치도,제주시,33.5044931330246,126.524581645691
바람,카페,제주특별자치도,제주시,33.4466504492315,126.554720845031
씨유제주복지로점,편의점,제주특별자치도,제주시,33.4891285408457,126.524202932984
지에스25제주간드락점,편의점,제주특별자치도,제주시,33.4854875233484,126.543762486315
모니카플라워까페,카페,제주특별자치도,제주시,33.467374131328,126.54860146498
수하리,카페,제주특별자치도,서귀포시,33.4076753502188,126.899872163573
GS25서귀,편의점,제주특별자치도,서귀포시,33.2550645763912,126.572232236037
달콤커피제주,카페,제주특별자치도,제주시,33.5059397371195,126.495956962825
세븐일레븐제주이도베라체점,편의점,제주특별자치도,제주시,33.4926322498561,126.54487640377
모멘터리커피,카페,제주특별자치도,제주시,33.5564523361012,126.753721356106
바다는김녕,카페,제주특별자치도,제주시,33.5580686568455,126.754965950765
지에스25수산,편의점,제주특별자치도,서귀포시,33.4436041495272,126.888656799879
율커피,카페,제주특별자치도,서귀포시,33.2752596437733,126.701370036912
스트릿16,카페,제주특별자치도,제주시,33.514534146867,126.512288859836
씨유모슬포점,편의점,제주특별자치도,서귀포시,33.2254126885474,126.256725577267
GS25서귀동변,편의점,제주특별자치도,서귀포시,33.2500921735262,126.565753600881
블루마운틴4255,카페,제주특별자치도,서귀포시,33.380082671352,126.837303424667
빽다방빵연구소제주연동점,카페,제주특별자치도,제주시,33.483750635551,126.486939970424
안녕구움,카페,제주특별자치도,제주시,33.3054015980081,126.17909357063
벌크커피서귀포,카페,제주특별자치도,서귀포시,33.2522978666142,126.557147111023
지에스리테일GS25제주주,편의점,제주특별자치도,제주시,33.4878780321071,126.482148962617
수상한언니들,카페,제주특별자치도,제주시,33.520485518145,126.565828139113
씨유제주도련,편의점,제주특별자치도,제주시,33.515138897629,126.589577404063
센잇,카페,제주특별자치도,제주시,33.5119184896643,126.523604660698
봄봄표선점,카페,제주특별자치도,서귀포시,33.3257181581739,126.833097721787
사계2499,카페,제주특별자치도,서귀포시,33.2311131965202,126.295867672535
쏘잉싸롱,카페,제주특별자치도,제주시,33.3226200956141,126.262130304175
가을남자의커피향기,카페,제주특별자치도,제주시,33.4659333742172,126.334798128814
협재이길,카페,제주특별자치도,제주시,33.3925570799949,126.241236863024
트리앤,카페,제주특별자치도,제주시,33.5439786955557,126.673736058532
머스태쉬커피MustacheCoffee,카페,제주특별자치도,제주시,33.4640699477458,126.32201163159
커피온다,카페,제주특별자치도,제주시,33.4994686653084,126.521563626521
리썸룸lissomroom,카페,제주특별자치도,제주시,33.459809977976,126.434363455948
휴메인제주성산지점,카페,제주특별자치도,서귀포시,33.3727550494236,126.853855069191
씨유서귀호근,편의점,제주특별자치도,서귀포시,33.2538980593049,126.524140461107
시연,카페,제주특별자치도,제주시,33.4968802749417,126.451727599241
살롱드라방,카페,제주특별자치도,제주시,33.4578671782032,126.348950307683
요거랑,카페,제주특별자치도,제주시,33.4939845469307,126.547312024314
세븐일레븐서귀포동백,편의점,제주특별자치도,서귀포시,33.319052270902,126.74620775729
연출까페,카페,제주특별자치도,서귀포시,33.2787160469458,126.718168282465
천사카페,카페,제주특별자치도,서귀포시,33.4472310316118,126.914389177239
리앤오컴퍼니,카페,제주특별자치도,서귀포시,33.2752082781292,126.657006911338
가온해,카페,제주특별자치도,서귀포시,33.2349250926199,126.367676973348
씨유서귀월드컵로점,편의점,제주특별자치도,서귀포시,33.2489998362404,126.507319918983
하늘정원,카페,제주특별자치도,서귀포시,33.2527390456502,126.556973187761
차한모금,카페,제주특별자치도,제주시,33.5377378535287,126.837180950243
용용다방,카페,제주특별자치도,서귀포시,33.3269814278481,126.833836395184
백주산보,카페,제주특별자치도,서귀포시,33.2439596374845,126.59471214975
카페,카페,제주특별자치도,서귀포시,33.2415568861725,126.536643094606
아르본유스호스텔편의점,편의점,제주특별자치도,제주시,33.4309980850732,126.419421078624
네꼬야티하우스,카페,제주특별자치도,제주시,33.4856707707413,126.415613465085
림벅애월점,카페,제주특별자치도,제주시,33.4860456178515,126.414803969802
컴포즈커피서귀포,카페,제주특별자치도,서귀포시,33.2510615602939,126.511128542486
돌트멍으로드는보름,카페,제주특별자치도,제주시,33.5062624655256,126.631065034126
곱닥헌,카페,제주특별자치도,서귀포시,33.2238473322886,126.255794809593
모네의숲,카페,제주특별자치도,제주시,33.3393433937773,126.267993806887
와흘을그리다,카페,제주특별자치도,제주시,33.4626910048987,126.6604548551
토산부부,카페,제주특별자치도,서귀포시,33.3088865077817,126.781866154197
세븐일레븐서귀포,편의점,제주특별자치도,서귀포시,33.2661419073535,126.257303744842
씨유서귀예래,편의점,제주특별자치도,서귀포시,33.2533740838822,126.397097483732
그레이스팜,카페,제주특별자치도,서귀포시,33.2475905811815,126.585703230894
날쌘카페제주,카페,제주특별자치도,제주시,33.4945169010645,126.535246355817
추자향기,카페,제주특별자치도,제주시,33.9628187622534,126.295262485401
디저트39제주시청,카페,제주특별자치도,제주시,33.5013577075044,126.529861246342
양지,카페,제주특별자치도,제주시,33.5131231016728,126.53214398545
달리는커피아라점,카페,제주특별자치도,제주시,33.4742663889538,126.544778795568
카페엔이오,카페,제주특별자치도,서귀포시,33.2776995527365,126.685324785714
지에스25제주,편의점,제주특별자치도,제주시,33.4896199382688,126.539727251034
세븐일레븐제주행원,편의점,제주특별자치도,제주시,33.5456513763043,126.804315122288
망고블루,카페,제주특별자치도,제주시,33.5414004890062,126.667091919833
달리는커피한림점,카페,제주특별자치도,제주시,33.4130123952703,126.26491449604
흰당나귀,카페,제주특별자치도,제주시,33.5538545821308,126.707597428122
씨유제주삼성혈점,편의점,제주특별자치도,제주시,33.5058239078138,126.528362673383
홀리브,카페,제주특별자치도,제주시,33.5375589014726,126.644109986768
프리하우스세븐일레븐제주와산리점,편의점,제주특별자치도,제주시,33.4938753513297,126.680014729265
레몬비뽀로로점,편의점,제주특별자치도,서귀포시,33.3004434210431,126.370812189988
세븐일레븐서귀포삼달점,편의점,제주특별자치도,서귀포시,33.3740210161351,126.849404068006
애월더힐,카페,제주특별자치도,제주시,33.4415699987495,126.401552457687
바램,카페,제주특별자치도,서귀포시,33.3111600568374,126.352577051763
씨유제주금악점,편의점,제주특별자치도,제주시,33.3566368820716,126.297802334481
세븐제주연동센터점주,편의점,제주특별자치도,제주시,33.4828710021357,126.490076131177
183편의점,편의점,제주특별자치도,제주시,33.4631797228606,126.568297709787
씨유서귀포염돈길점,편의점,제주특별자치도,서귀포시,33.2502321273307,126.493126924585
스나오(素直),카페,제주특별자치도,서귀포시,33.2616132080032,126.617361496477
씨유브라운스위트제주호텔점,편의점,제주특별자치도,서귀포시,33.452108842169,126.914524209172
블루오션,카페,제주특별자치도,제주시,33.5134312629103,126.957484912469
고산2리복지회신수카페,카페,제주특별자치도,제주시,33.3027057995146,126.198423821442
에이바우트제대,카페,제주특별자치도,제주시,33.4493147222933,126.558514592665
에이바우트커피뷰하귀점,카페,제주특별자치도,제주시,33.4864569349011,126.408388391256
지에스25이중섭,편의점,제주특별자치도,서귀포시,33.2467226921302,126.56392463866
모슬포정미소,카페,제주특별자치도,서귀포시,33.2229884873593,126.252401546437
GS25화북주공점,편의점,제주특별자치도,제주시,33.518325394598,126.577323906976
그래니,카페,제주특별자치도,제주시,33.5113464642433,126.517903454624
용학,카페,제주특별자치도,제주시,33.5051478315291,126.695309423551
에이바우트커피정부종합,카페,제주특별자치도,제주시,33.4901415177198,126.527393198222
이면,카페,제주특별자치도,제주시,33.3885896337417,126.226557977379
머문,카페,제주특별자치도,제주시,33.555573141975,126.795764092618
디바인커피,카페,제주특별자치도,제주시,33.4977287502672,126.969018015996
씨유외도일주점,편의점,제주특별자치도,제주시,33.492254637805,126.423801004486
한량,카페,제주특별자치도,제주시,33.4821051160445,126.475071444559
카페보리다,카페,제주특별자치도,제주시,33.4966291736431,126.533524055754
씨유하귀,편의점,제주특별자치도,제주시,33.4813460281405,126.404851110353
취향의섬,카페,제주특별자치도,서귀포시,33.2743838375399,126.689823419421
반디,카페,제주특별자치도,제주시,33.3161403650533,126.256547114931
투썸플레이스제주,카페,제주특별자치도,제주시,33.4947607244782,126.532952989345
씨유제주아라,편의점,제주특별자치도,제주시,33.4733297335081,126.545052648905
그림책카페노란우산,카페,제주특별자치도,서귀포시,33.2885129731125,126.302825098232
씨유연동대로점,편의점,제주특별자치도,제주시,33.4934701768197,126.493608074485
지장샘로13,카페,제주특별자치도,서귀포시,33.2654799917242,126.559774495519
쁠랑뜨,카페,제주특별자치도,제주시,33.4528018844825,126.485487439356
스몰홀더,카페,제주특별자치도,제주시,33.3954394303924,126.242265156064
씨유서귀,편의점,제주특별자치도,서귀포시,33.2572405942594,126.461621368814
씨유제주이도남광점,편의점,제주특별자치도,제주시,33.4941739019065,126.537550997768
향다방,카페,제주특별자치도,서귀포시,33.3265114879219,126.833021027561
드라마컴퍼니,카페,제주특별자치도,제주시,33.4563186518045,126.427997037798
씨유제주탑동,편의점,제주특별자치도,제주시,33.5147154288826,126.524127497898
씨유제주사대부점,편의점,제주특별자치도,제주시,33.5125143447364,126.509943085388
별인애월,카페,제주특별자치도,제주시,33.4687873220008,126.366726157348
서귀샌드,카페,제주특별자치도,서귀포시,33.2468275138731,126.557861446292
씨유한림,편의점,제주특별자치도,제주시,33.4127064439915,126.265013828262
디베스트커피,카페,제주특별자치도,서귀포시,33.1743940874651,126.271115706024
씨유제주,편의점,제주특별자치도,서귀포시,33.2464865509766,126.335338747647
글라스어니언,카페,제주특별자치도,서귀포시,33.2464253445882,126.434143084594
씨유서귀포현대점,편의점,제주특별자치도,서귀포시,33.2570293997134,126.574648013228
펠롱,카페,제주특별자치도,제주시,33.4959580129874,126.530084132146
만남,카페,제주특별자치도,제주시,33.5236225658823,126.854689051007
더카이로스,카페,제주특별자치도,제주시,33.4492626946655,126.400122970298
세븐일레븐제주칠성로점,편의점,제주특별자치도,제주시,33.5152128725386,126.526890965417
지에스일도신천지,편의점,제주특별자치도,제주시,33.506227738463,126.54472991566
지에스도두해안로점,편의점,제주특별자치도,제주시,33.5091097268538,126.477674437904
베이스노트,카페,제주특별자치도,제주시,33.4877442806387,126.500075864871
미술카페쌤,카페,제주특별자치도,제주시,33.3326425122705,126.260048054137
이디,카페,제주특별자치도,제주시,33.5239644443392,126.861933058653
세븐일레븐제주노형,편의점,제주특별자치도,제주시,33.4862669188275,126.482804137971
우주인,카페,제주특별자치도,제주시,33.3674275502157,126.245312514543
투썸플레이스제주,카페,제주특별자치도,제주시,33.4947607244782,126.532952989345
지에스25성산아로하,편의점,제주특별자치도,서귀포시,33.4664998107127,126.931044372006
델문도,카페,제주특별자치도,제주시,33.5436948701011,126.66870893878
세븐서귀포고성점,편의점,제주특별자치도,서귀포시,33.4505219037991,126.914375188502
지에스25제주관덕정점,편의점,제주특별자치도,제주시,33.5133153130684,126.521099954129
카페나모나모베이커리,카페,제주특별자치도,제주시,33.5089051877018,126.471960739284
안트레,카페,제주특별자치도,서귀포시,33.2785416169277,126.637006579755
다린,카페,제주특별자치도,서귀포시,33.2365289120442,126.513838064972
차뜨락,카페,제주특별자치도,서귀포시,33.2208492604977,126.249008563515
뮤렌,카페,제주특별자치도,제주시,33.4938831224074,126.676065477023
라몽,카페,제주특별자치도,제주시,33.4901315070849,126.479875895881
날외15,카페,제주특별자치도,서귀포시,33.2397061288353,126.231970230389
GS25한림초교점,편의점,제주특별자치도,제주시,33.4105392569017,126.262925032744
지에스25제주난타파크점,편의점,제주특별자치도,제주시,33.4458234065847,126.547917266061
블라썸,카페,제주특별자치도,서귀포시,33.24292105526,126.554662140004
지에스25제주메종글래드호텔점,편의점,제주특별자치도,제주시,33.485606990772,126.488898050596
해주에이디,카페,제주특별자치도,제주시,33.5129248850782,126.484475305045
씨유제주곽지,편의점,제주특별자치도,제주시,33.4531088009215,126.309330104457
이퀄,카페,제주특별자치도,제주시,33.515159682953,126.529495993894
위드커피,카페,제주특별자치도,제주시,33.469620743477,126.392742840936
신촌,카페,제주특별자치도,제주시,33.4205572192277,126.264668146018
씨유서귀포,편의점,제주특별자치도,서귀포시,33.2521669639423,126.560914367819
오빠커피;언니옷장,카페,제주특별자치도,제주시,33.5197777846452,126.572311590912
엉또돌다카페농원,카페,제주특별자치도,서귀포시,33.263310635117,126.494339280753
업소명없음,카페,제주특별자치도,서귀포시,33.2811831344206,126.30126248234
GS25대포,편의점,제주특별자치도,서귀포시,33.2509522395361,126.434307064698
하루하나,카페,제주특별자치도,제주시,33.4520333215357,126.393274160491
로하스,카페,제주특별자치도,서귀포시,33.276678840376,126.60562785174
인그리드,카페,제주특별자치도,제주시,33.5026001505013,126.456685004566
까메까메까망이,카페,제주특별자치도,제주시,33.4731590694253,126.379012356318
GS25연동국기점,편의점,제주특별자치도,제주시,33.4793326898945,126.49128034426
씨유제주빛의벙커점,편의점,제주특별자치도,서귀포시,33.446178061099,126.904656941345
에이바우트커피,카페,제주특별자치도,제주시,33.4987738611503,126.530843736238
유쥬얼커피,카페,제주특별자치도,제주시,33.4931967850646,126.529464169266
세븐일레븐제주용수해안로점,편의점,제주특별자치도,제주시,33.3239865424466,126.166021189885
세븐일레븐서귀포대정하모점,편의점,제주특별자치도,서귀포시,33.216902112178,126.25082288345
플랫172,카페,제주특별자치도,제주시,33.4813118127879,126.448113793897
카페송키,카페,제주특별자치도,제주시,33.515133029069,126.52019657892
포구편의점,편의점,제주특별자치도,서귀포시,33.27837525172,126.71897445197
카페허그,카페,제주특별자치도,제주시,33.5128193242409,126.521070397429
조남매구움과자,카페,제주특별자치도,제주시,33.4921643386796,126.813313062332
지에스리테일GS25N제주탐라점,편의점,제주특별자치도,제주시,33.4777814113603,126.495560629745
설빙제주대,카페,제주특별자치도,제주시,33.4720142952887,126.545296200253
오가닉제주공방,카페,제주특별자치도,제주시,33.5348064788084,126.823169187567
세븐일레븐서귀포더웰,편의점,제주특별자치도,서귀포시,33.2527547544702,126.420441692622
도을,카페,제주특별자치도,제주시,33.4735551857335,126.65713120465
스완스,카페,제주특별자치도,제주시,33.4859457957007,126.494566446532
카페앤브릭,카페,제주특별자치도,서귀포시,33.2408501681507,126.443438635226
쉬멍놀멍카페,카페,제주특별자치도,제주시,33.3922969886944,126.242937304779
제주특별자치도서귀포시관광지관리사무소,카페,제주특별자치도,서귀포시,33.2447146588123,126.559545984931
다복다복,카페,제주특별자치도,제주시,33.523040359874,126.857994723205
지에스25연동,편의점,제주특별자치도,제주시,33.4874944253498,126.491845946359
사닮과,카페,제주특별자치도,제주시,33.4772084572887,126.543106570252
스팅그레이,카페,제주특별자치도,제주시,33.3040846213043,126.247340310645
카페코삿,카페,제주특별자치도,서귀포시,33.2598456416175,126.572938710678
지에스25한라대학점,편의점,제주특별자치도,제주시,33.4761399772042,126.478012221018
지유명차,카페,제주특별자치도,서귀포시,33.2529054204149,126.425709640328
에스엔씨라운지,카페,제주특별자치도,서귀포시,33.2557711341872,126.575823843191
조은기록,카페,제주특별자치도,제주시,33.4235799464337,126.277351370467
시간당킬로미터,카페,제주특별자치도,서귀포시,33.2548615417105,126.512180515837
씨유성산포항여객,편의점,제주특별자치도,서귀포시,33.4729301558009,126.934503452165
씨유서귀서광신화점,편의점,제주특별자치도,서귀포시,33.2911623479963,126.300978972122
메이크어베러,카페,제주특별자치도,제주시,33.4781491849265,126.475557930733
바다바라,카페,제주특별자치도,서귀포시,33.2458944595186,126.412975846827
로우파이,카페,제주특별자치도,제주시,33.4805578319447,126.475887707251
아일렛,카페,제주특별자치도,제주시,33.4816619781433,126.543007876358
로이셀,카페,제주특별자치도,제주시,33.4946562026827,126.546071030365
씨유제주신성로점,편의점,제주특별자치도,제주시,33.4956791471851,126.520831203569
우도부릉이,카페,제주특별자치도,제주시,33.5175483110187,126.94882878566
씨유제주남성점,편의점,제주특별자치도,제주시,33.5045816158958,126.512549169311
씨유제주한북로점,편의점,제주특별자치도,제주시,33.4630001347302,126.533650475656
유랑노점아일랜드조르바,카페,제주특별자치도,제주시,33.5355674432165,126.839047543941
씨유서귀호근점,편의점,제주특별자치도,서귀포시,33.2572626199254,126.524530024235
망고레이,카페,제주특별자치도,제주시,33.4947052566881,126.439151175968
세븐일레븐서귀포더포그레이스점,편의점,제주특별자치도,서귀포시,33.473420096562,126.910565731635
GS25대평,편의점,제주특별자치도,서귀포시,33.2353586948735,126.369615775282
지중해,카페,제주특별자치도,서귀포시,33.2496323959703,126.514559595363
씨유제주연동점,편의점,제주특별자치도,제주시,33.4839272121241,126.490403486456
제일다방,카페,제주특별자치도,제주시,33.4133598685901,126.261181110294
설빙,카페,제주특별자치도,서귀포시,33.2476155919326,126.564006048325
픽미픽미할인점,편의점,제주특별자치도,제주시,33.4801430443155,126.491017391042
지에스25제대,편의점,제주특별자치도,제주시,33.4603628932368,126.562062070319
세븐일레븐제주,편의점,제주특별자치도,제주시,33.5002535059168,126.5147257357
연화차,카페,제주특별자치도,제주시,33.4875678987046,126.714782141699
빽다방제주연동,카페,제주특별자치도,제주시,33.4858655319027,126.49699861364
달콤해,카페,제주특별자치도,서귀포시,33.223764201565,126.25546296606
시간을담다,카페,제주특별자치도,제주시,33.5299836665689,126.843837704667
카페따라비,카페,제주특별자치도,서귀포시,33.3617302369091,126.766681264252
달리는커피서귀포,카페,제주특별자치도,서귀포시,33.250030252264,126.560957246039
카페온결,카페,제주특별자치도,제주시,33.3598788065284,126.190540439344
씨유제주삼화,편의점,제주특별자치도,제주시,33.5191626918436,126.584972974944
오리지날로맨스,카페,제주특별자치도,제주시,33.4008355722346,126.250452085082
고래가품은바다,카페,제주특별자치도,서귀포시,33.2118545603237,126.25708690654
세븐일레븐서귀포윈스카이점,편의점,제주특별자치도,서귀포시,33.2531876252569,126.508390994232
우담건강다원,카페,제주특별자치도,제주시,33.4953498591862,126.902203361704
그남자이야기파트1,카페,제주특별자치도,제주시,33.5262524023534,126.659969833756
지에스25서귀서문로점,편의점,제주특별자치도,서귀포시,33.2519836072319,126.560056803041
세븐일레븐성산일출로점,편의점,제주특별자치도,서귀포시,33.4601524407271,126.930974100364
설빙제주아라점,카페,제주특별자치도,제주시,33.4939609519037,126.540898728347
세븐일레븐제주가령로점,편의점,제주특별자치도,제주시,33.4966002213653,126.533018439806
지에스25서귀공천포점,편의점,제주특별자치도,서귀포시,33.266221406139,126.641865851305
땡초김밥싱싱왕만두,카페,제주특별자치도,제주시,33.4731865070382,126.545333110629
커피베이,카페,제주특별자치도,제주시,33.490510402458,126.477786132143
헤븐리,카페,제주특별자치도,서귀포시,33.2768403677452,126.714095337518
제주한치빵우도점,카페,제주특별자치도,제주시,33.5141794777356,126.957150880953
컴포즈커피제주서사라점,카페,제주특별자치도,제주시,33.4996502089332,126.5195502349
아라커피,카페,제주특별자치도,제주시,33.4843147660756,126.536290730951
금선다원,카페,제주특별자치도,서귀포시,33.2644782884902,126.61376432224
야자나라,카페,제주특별자치도,서귀포시,33.23580946344,126.505162273337
선물가게바나나,카페,제주특별자치도,서귀포시,33.2580318108309,126.417133692485
공차한라대점,카페,제주특별자치도,제주시,33.4786157693956,126.475027936797
컴포즈커피연동,카페,제주특별자치도,제주시,33.4863670465457,126.496167209847
한라산,카페,제주특별자치도,제주시,33.5247228630118,126.862900676527
씨유제주월정사점,편의점,제주특별자치도,제주시,33.467247733066,126.510542232498
카페봄봄오라점,카페,제주특별자치도,제주시,33.4964083737331,126.509043831345
마레1440,카페,제주특별자치도,제주시,33.5247275779203,126.859068435763
빽다방제주동광육,카페,제주특별자치도,서귀포시,33.3100098379471,126.341299943311
제주미작,카페,제주특별자치도,제주시,33.3947060250608,126.244711381212
카페드벨로브롬톤,카페,제주특별자치도,제주시,33.4813842514601,126.501371226844
지에스25서귀상창,편의점,제주특별자치도,서귀포시,33.2768966574964,126.360869793492
세븐일레븐제주상귀중앙,편의점,제주특별자치도,제주시,33.4729256610858,126.408717040069
티엔미미,카페,제주특별자치도,제주시,33.485223666871,126.487770538414
감성커피연동점,카페,제주특별자치도,제주시,33.4839139090953,126.491554830211
모슬포영다방,카페,제주특별자치도,서귀포시,33.2207564556598,126.251562374248
앙카페,카페,제주특별자치도,서귀포시,33.2202875113089,126.251544913482
시타북빠,카페,제주특별자치도,제주시,33.526236440244,126.854038786328
투썸플레이스제주아라점,카페,제주특별자치도,제주시,33.4743063454348,126.548307322419
디저트39,카페,제주특별자치도,제주시,33.4942249997569,126.548967936919
씨유협재,편의점,제주특별자치도,제주시,33.3937203344049,126.239797249638
카페제주완,카페,제주특별자치도,제주시,33.488990066639,126.433399095269
마록당,카페,제주특별자치도,제주시,33.4858782122634,126.453163416088
미깡창고,카페,제주특별자치도,제주시,33.4602823227596,126.445116926535
지에스25제주,편의점,제주특별자치도,제주시,33.4595289573187,126.454135632817
리릭스,카페,제주특별자치도,제주시,33.4654801315561,126.488101847474
달리북카페;달리책방,카페,제주특별자치도,제주시,33.4032956332132,126.254730700699
등대문화센터,카페,제주특별자치도,제주시,33.5213873839132,126.545791509445
북촌카페,카페,제주특별자치도,제주시,33.5402473731454,126.684667380694
드롭탑서귀포갤러리왈점,카페,제주특별자치도,서귀포시,33.2453048323859,126.573663980957
제주드루앙,카페,제주특별자치도,제주시,33.498893507645,126.678564995448
텀브커피여객,카페,제주특별자치도,서귀포시,33.4729301558009,126.934503452165
동신다방,카페,제주특별자치도,제주시,33.5017651070885,126.527932694853
하와이슈퍼,편의점,제주특별자치도,제주시,33.4827423078374,126.491669268919
망고식스제주프시케월드점,카페,제주특별자치도,제주시,33.4131361894733,126.392792223401
씨앤모어,카페,제주특별자치도,서귀포시,33.2450412584077,126.415599688729
수가티앙커피로스터,카페,제주특별자치도,제주시,33.4941195203981,126.959302188242
커피욜로,카페,제주특별자치도,제주시,33.486778956288,126.534642097887
아도스팩토리,카페,제주특별자치도,제주시,33.3560965400406,126.200964404922
에프앤앰빈티지카페,카페,제주특별자치도,서귀포시,33.3084995996186,126.782318115087
하이월드하이엔드로스터리,카페,제주특별자치도,제주시,33.463584211534,126.30915022551
이디아장,카페,제주특별자치도,서귀포시,33.2364442549601,126.312433330396
지에스25제주,편의점,제주특별자치도,제주시,33.5034153958089,126.542452347367
태희드림,카페,제주특별자치도,제주시,33.3954025155175,126.242125747642
일일오팔족욕카페,카페,제주특별자치도,제주시,33.467087564515,126.336510479026
제돌이팡동문,카페,제주특별자치도,제주시,33.5129015170059,126.526031734429
옥,카페,제주특별자치도,제주시,33.5033120779927,126.526944962504
지에스25제주조수점,편의점,제주특별자치도,제주시,33.3360655749317,126.229890393909
씨유제주청귤로점,편의점,제주특별자치도,제주시,33.5014291822906,126.539288098741
씨유서귀태신로점,편의점,제주특별자치도,서귀포시,33.2865646857535,126.745292713192
소소샵,카페,제주특별자치도,제주시,33.5201806642291,126.948052217065
보손,편의점,제주특별자치도,제주시,33.4495425726036,126.556674283892
달달한제주,카페,제주특별자치도,제주시,33.5094146894922,126.510401827762
새코롬,카페,제주특별자치도,서귀포시,33.262133315837,126.432539318064
새길,편의점,제주특별자치도,제주시,33.4931841694519,126.489821993778
휴린인터내셔날,카페,제주특별자치도,서귀포시,33.43987148568,126.899211452498
빅트리,카페,제주특별자치도,서귀포시,33.2382785894401,126.336420135985
동미다방,카페,제주특별자치도,서귀포시,33.2486702423235,126.566511776721
컴포즈커피토평점,카페,제주특별자치도,서귀포시,33.2678741697655,126.590211930496
씨유서귀정방연로점,편의점,제주특별자치도,서귀포시,33.2517975697195,126.576594212889
소우정,카페,제주특별자치도,제주시,33.5005256822959,126.52682021927
씨유케이티점,편의점,제주특별자치도,제주시,33.5046677737287,126.525452419573
에이바우트커피신제주점,카페,제주특별자치도,제주시,33.4817035380151,126.482486964199
씨유제주아란,편의점,제주특별자치도,제주시,33.4702033036005,126.543175607496
커피프린스,카페,제주특별자치도,제주시,33.5006428457511,126.526808820201
토끼언니외계인,카페,제주특별자치도,제주시,33.4784418950819,126.489521104774
제주들녘,카페,제주특별자치도,제주시,33.4170783789099,126.31366865393
세븐서귀포중문롯데점,편의점,제주특별자치도,서귀포시,33.2496925921646,126.411555470693
나비정원,카페,제주특별자치도,서귀포시,33.2203912736395,126.249312830344
법인슈퍼파머스,카페,제주특별자치도,서귀포시,33.2558627468877,126.578903342818
우도여행,카페,제주특별자치도,제주시,33.5244199934525,126.952549316039
세븐일레븐제주도남로점,편의점,제주특별자치도,제주시,33.4995273641382,126.525103819323
위미2리새마을문고북카페,카페,제주특별자치도,서귀포시,33.2748042197683,126.667581348854
로아네,카페,제주특별자치도,서귀포시,33.3807495986172,126.876120076525
찰리스,카페,제주특별자치도,서귀포시,33.2353586948735,126.369615775282
제주설심당,카페,제주특별자치도,서귀포시,33.2519121554965,126.567965919768
썬샤인워크,카페,제주특별자치도,서귀포시,33.248070525684,126.389289958489
세븐제주공항에어사이드점,편의점,제주특별자치도,제주시,33.5059397371195,126.495956962825
씨유제주표선로얄점,편의점,제주특별자치도,서귀포시,33.3254155881901,126.829392956274
산들티카페,카페,제주특별자치도,서귀포시,33.2473766488823,126.334870607369
카페밭티,카페,제주특별자치도,서귀포시,33.2592534141766,126.533576957188
씨유서귀포보목포구점,편의점,제주특별자치도,서귀포시,33.2395365159122,126.60716807797
별위별,카페,제주특별자치도,제주시,33.3423098032269,126.174558136993
씨유제주표선리점,편의점,제주특별자치도,서귀포시,33.3260238290443,126.832441987
귤밭에고양이,카페,제주특별자치도,서귀포시,33.2794193236217,126.677375130834
씨유강정,편의점,제주특별자치도,서귀포시,33.2361967460671,126.478573504007
빅브라더,카페,제주특별자치도,제주시,33.4871241636117,126.491697470273
창고96,카페,제주특별자치도,서귀포시,33.2796467265867,126.651396903264
약속다방,카페,제주특별자치도,서귀포시,33.4490708354848,126.91514024441
파스쿠찌제주,카페,제주특별자치도,제주시,33.4823140497016,126.484032671648
지에스25아라,편의점,제주특별자치도,제주시,33.4704767167221,126.541528219578
브릭커피,카페,제주특별자치도,제주시,33.482539985585,126.471324580854
워커스폴,카페,제주특별자치도,제주시,33.4691606112225,126.417090518862
여름정원,카페,제주특별자치도,서귀포시,33.3610065011669,126.838950605711
탤러해시,카페,제주특별자치도,제주시,33.4894710220162,126.475048527154
씨유제주이도,편의점,제주특별자치도,제주시,33.4943004831449,126.544953762135
모이,카페,제주특별자치도,서귀포시,33.2569838304031,126.57714870677
카페노이,카페,제주특별자치도,서귀포시,33.2369471987442,126.303974943671
지에스GS라헨느리조트점,편의점,제주특별자치도,제주시,33.4532319793025,126.613833127051
망고홀릭,카페,제주특별자치도,제주시,33.4827118346881,126.53439486318
청춘부부,카페,제주특별자치도,서귀포시,33.2659186504468,126.279114078242
카페베네중앙,카페,제주특별자치도,제주시,33.4923186414439,126.470479643637
오니리크,카페,제주특별자치도,서귀포시,33.2551664100369,126.557529702413
오션컬러,카페,제주특별자치도,제주시,33.5478008163354,126.656827485641
씨유서귀포,편의점,제주특별자치도,서귀포시,33.2547982354583,126.560493415126
씨유중앙여고,편의점,제주특별자치도,제주시,33.4912811158547,126.540331807331
5길,카페,제주특별자치도,제주시,33.5318840296847,126.842251747536
초밥군커피씨,카페,제주특별자치도,제주시,33.5100893414155,126.530976409436
수타로앤카페,카페,제주특별자치도,제주시,33.4976585981562,126.529181763247
89커피,카페,제주특별자치도,제주시,33.4870903097851,126.430032875131
블랙다방,카페,제주특별자치도,서귀포시,33.250058095998,126.561182453346
오제이이,카페,제주특별자치도,제주시,33.2959635474032,126.2329806705
메치카불라,카페,제주특별자치도,서귀포시,33.2441364852009,126.564345223497
이룸갤러리카페,카페,제주특별자치도,제주시,33.4939125832753,126.482844770273
커피앤빵,카페,제주특별자치도,제주시,33.9619005286344,126.29391766364
카페수애기,카페,제주특별자치도,서귀포시,33.2408120512459,126.334716464913
씨유서귀포,편의점,제주특별자치도,서귀포시,33.2646839655533,126.561592294285
씨유제주삼성로점,편의점,제주특별자치도,제주시,33.5093128264795,126.535457866625
씨유제주,편의점,제주특별자치도,제주시,33.5331560272585,126.618828703938
카페해피드리머스,카페,제주특별자치도,서귀포시,33.2503273494143,126.302398793361
더시크릿하모니,카페,제주특별자치도,제주시,33.482856560473,126.47580930726
니모메,카페,제주특별자치도,제주시,33.4937302007538,126.430947072003
락희,카페,제주특별자치도,제주시,33.5054680190973,126.520206870031
아임누,카페,제주특별자치도,제주시,33.4853661695398,126.50059523291
쿠킹클래스카페어썸,카페,제주특별자치도,서귀포시,33.2599116766821,126.571167609621
봄봄한북로점,카페,제주특별자치도,제주시,33.4633743691619,126.530087910879
화수목,카페,제주특별자치도,제주시,33.5408394876142,126.830564385934
2472,카페,제주특별자치도,서귀포시,33.2558826979492,126.416439690646
동원,카페,제주특별자치도,제주시,33.5128395748483,126.528701320056
나우커피제주도남점,카페,제주특별자치도,제주시,33.493238521982,126.52386839517
해거름전망대,카페,제주특별자치도,제주시,33.3728125641225,126.208086330213
루페이퍼,카페,제주특별자치도,서귀포시,33.2772192680255,126.191722790463
카페제이라움,카페,제주특별자치도,서귀포시,33.2564290862529,126.190454838435
카페리,카페,제주특별자치도,제주시,33.5339543688193,126.839653420141
벌크커피,카페,제주특별자치도,제주시,33.4886634361012,126.47595724579
지에스노형,편의점,제주특별자치도,제주시,33.4880224232191,126.480028384124
카페치즈태비,카페,제주특별자치도,제주시,33.555150737583,126.807868835184
7-ELEVEN제주애월,편의점,제주특별자치도,제주시,33.4640118126283,126.436433780205
지에스25화북거로,편의점,제주특별자치도,제주시,33.5066317320017,126.561753826982
씨유서귀포주공점,편의점,제주특별자치도,서귀포시,33.262450385232,126.559736032035
씨유제주동부관광점,편의점,제주특별자치도,제주시,33.5346252280612,126.642894700319
으뜸아이스크림할인점,편의점,제주특별자치도,서귀포시,33.2481944399127,126.561953637026
그리그리카페,카페,제주특별자치도,제주시,33.5007467746848,126.532813227961
세븐일레븐제주롯데오토하우스점,편의점,제주특별자치도,제주시,33.5089553278409,126.50147145504
52번가커피하우스,카페,제주특별자치도,제주시,33.4956758312377,126.527008018462
바끄레카페,카페,제주특별자치도,서귀포시,33.2539115032272,126.559607160169
럭스하우징주,카페,제주특별자치도,서귀포시,33.2599999749084,126.614664057567
씨유서귀감산리점,편의점,제주특별자치도,서귀포시,33.2594491824717,126.355394882368
플루메리아,카페,제주특별자치도,서귀포시,33.2378942785591,126.512532266469
피오레,카페,제주특별자치도,제주시,33.4900244188581,126.493197721519
그럼외도,카페,제주특별자치도,제주시,33.4943031647943,126.433999373433
아리,카페,제주특별자치도,제주시,33.457454552227,126.71098698408
회수농수산물.편의점,편의점,제주특별자치도,서귀포시,33.2628992098737,126.446432665297
제피로스,카페,제주특별자치도,서귀포시,33.2506810280081,126.571759974579
지에프,카페,제주특별자치도,제주시,33.5059397371195,126.495956962825
분홍씨,카페,제주특별자치도,제주시,33.4529301311693,126.308008591452
초가시월,카페,제주특별자치도,서귀포시,33.3846384650125,126.801882270683
원앤온리,카페,제주특별자치도,서귀포시,33.239222348539,126.319192490761
워크인제주,카페,제주특별자치도,제주시,33.3240565666635,126.164366636913
감따남,카페,제주특별자치도,서귀포시,33.2620584094878,126.494593336946
페이지투,카페,제주특별자치도,서귀포시,33.2068331635019,126.28961622907
이디야제주삼화점,카페,제주특별자치도,제주시,33.5135211431903,126.580339442111
대일계획,카페,제주특별자치도,서귀포시,33.228429577639,126.253127666019
세븐일레븐서귀포대포점,편의점,제주특별자치도,서귀포시,33.2394794594579,126.43937014257
구름언덕&KANGSHIMJANG,카페,제주특별자치도,제주시,33.4984245044791,126.655031580918
유끼네하우스,카페,제주특별자치도,서귀포시,33.3938910784965,126.797540371802
셀렉토커피제주삼화점멜리,카페,제주특별자치도,제주시,33.5161504249393,126.576699435784
지에스25엘리시안점,편의점,제주특별자치도,제주시,33.3714185813382,126.379908197979
그라미니,카페,제주특별자치도,서귀포시,33.2416636044043,126.566235198802
씨유제주광령,편의점,제주특별자치도,제주시,33.4494435653822,126.436764636644
서이,카페,제주특별자치도,제주시,33.4986867548717,126.524548819528
그러므로파트투,카페,제주특별자치도,제주시,33.4684282095264,126.485889970655
어글리딜리셔스,카페,제주특별자치도,제주시,33.4889836446189,126.535921523972
52카페,카페,제주특별자치도,서귀포시,33.2198908810425,126.247075190643
씨유제주우당도서관점,편의점,제주특별자치도,제주시,33.5148674735876,126.547870621333
세븐일레븐제주아덴힐점,편의점,제주특별자치도,제주시,33.347533708077,126.368894523245
카페더블유,카페,제주특별자치도,서귀포시,33.2486265827911,126.322564051246
씨유제주,편의점,제주특별자치도,제주시,33.3499312044973,126.183187811484
세븐일레븐제주함덕신북로점,편의점,제주특별자치도,제주시,33.5435590660637,126.661829360047
제주봄,카페,제주특별자치도,서귀포시,33.2502643995811,126.587203661165
세븐일레븐제주수동,편의점,제주특별자치도,제주시,33.3367754159479,126.23680144845
씨씨씨카페커브코너,카페,제주특별자치도,서귀포시,33.2540303774775,126.557535428398
에이바우트커피,카페,제주특별자치도,제주시,33.4781491849265,126.475557930733
세븐일레븐제주연중로점,편의점,제주특별자치도,제주시,33.4875006808967,126.493373821104
픽미픽미아이스제주아라점,편의점,제주특별자치도,제주시,33.4775677395872,126.55013014418
슬로우식스,카페,제주특별자치도,제주시,33.4894867196919,126.49179126959
세븐일레븐제주선흘점,편의점,제주특별자치도,제주시,33.4853684102157,126.699693371559
카페,카페,제주특별자치도,서귀포시,33.2581195812407,126.569180254652
씨유제주,편의점,제주특별자치도,서귀포시,33.4490801599094,126.915591960183
예술창고내맘,카페,제주특별자치도,서귀포시,33.3312586899359,126.794065702916
카페요디,카페,제주특별자치도,제주시,33.5423780933962,126.675346330995
세븐일레븐모슬,편의점,제주특별자치도,서귀포시,33.2166754476127,126.25211199136
지금이순간,카페,제주특별자치도,제주시,33.4604208918449,126.310993157993
아날로그감귤밭,카페,제주특별자치도,제주시,33.455673737716,126.450868461845
지에스25이도,편의점,제주특별자치도,제주시,33.4973508719529,126.536038302129
디피일오구,카페,제주특별자치도,서귀포시,33.2394725347402,126.437835880639
지에스25제주한경점,편의점,제주특별자치도,제주시,33.3312666390795,126.256117922796
메가엠지씨커피제주한라대점,카페,제주특별자치도,제주시,33.4761619015656,126.478937322889
지에스25법환포구,편의점,제주특별자치도,서귀포시,33.2357027821147,126.514700957323
커피구십구점구,카페,제주특별자치도,제주시,33.4697302184186,126.484612869865
컴포즈커피서귀포,카페,제주특별자치도,서귀포시,33.2210765831643,126.253823046785
제주와함께,카페,제주특별자치도,제주시,33.4913062054746,126.474090538657
블루그라스,카페,제주특별자치도,제주시,33.4474463136382,126.309235175604
카페평화쉼터,카페,제주특별자치도,제주시,33.4608033913736,126.613175672129
스물다섯,카페,제주특별자치도,제주시,33.489008832231,126.480904818621
카페신산,카페,제주특별자치도,제주시,33.50395459163,126.532322465971
산노루,카페,제주특별자치도,제주시,33.3300381625586,126.213306684988
에이바우트커피신라,카페,제주특별자치도,제주시,33.4857692621032,126.486712874039
에이바우트커피한라도서관점,카페,제주특별자치도,제주시,33.4775333458453,126.514723337508
스타스낵,카페,제주특별자치도,제주시,33.5048947726826,126.49839525355
쉬멍가,카페,제주특별자치도,서귀포시,33.2489759013868,126.563677374094
차의향기,카페,제주특별자치도,제주시,33.5142663047463,126.526917644175
띠아모제주공항3층,카페,제주특별자치도,제주시,33.5059397371195,126.495956962825
씨유제주조천,편의점,제주특별자치도,제주시,33.5376644699213,126.640082982785
보배다방,카페,제주특별자치도,서귀포시,33.4497085759848,126.911697885419
루바토,카페,제주특별자치도,제주시,33.4884963097807,126.535795002293
세븐일레븐제주애월천덕점,편의점,제주특별자치도,제주시,33.4225749028414,126.336279434371
안길9,카페,제주특별자치도,제주시,33.4840290672239,126.467452876189
레스카페,카페,제주특별자치도,서귀포시,33.2464038303016,126.521348272796
블레블랑제리,카페,제주특별자치도,제주시,33.4747583811791,126.54372190006
미르담,카페,제주특별자치도,제주시,33.5109478538055,126.503720226555
문즈,카페,제주특별자치도,제주시,33.4971465831062,126.517949892704
벌크커피신제주점,카페,제주특별자치도,제주시,33.4895910434097,126.488659443297
그라찌에보건의료관점,카페,제주특별자치도,제주시,33.4474759023534,126.434303715544
지에스25한화리조트제주점,편의점,제주특별자치도,제주시,33.4490023452781,126.637352110834
마노앤디또,카페,제주특별자치도,제주시,33.4258454563528,126.395821905187
마니,카페,제주특별자치도,제주시,33.53731425939,126.837300173209
돌카페,카페,제주특별자치도,서귀포시,33.236249799859,126.498046423693
동백화방,카페,제주특별자치도,서귀포시,33.2733431748835,126.674241773583
리지코티지,카페,제주특별자치도,서귀포시,33.2913193525024,126.327806119684
씨유제주안덕큰길점,편의점,제주특별자치도,서귀포시,33.2512831294981,126.333649897637
녹두카페,카페,제주특별자치도,서귀포시,33.4326144985598,126.862680068829
세븐일레븐서귀포온평점,편의점,제주특별자치도,서귀포시,33.4131912871133,126.909036374928
맥키쉬,카페,제주특별자치도,제주시,33.5236218297587,126.565478770238
협재해녀다방,카페,제주특별자치도,제주시,33.398390644073,126.244238807221
쿠루미,카페,제주특별자치도,제주시,33.4926985908491,126.501209538791
88로스터즈,카페,제주특별자치도,제주시,33.5258597863097,126.563486867581
벨라위미,카페,제주특별자치도,서귀포시,33.2764575315814,126.665460471449
코지코너,카페,제주특별자치도,제주시,33.5130399265963,126.53160627693
유구레,카페,제주특별자치도,서귀포시,33.2510276654029,126.431076601538
파스쿠찌제주,카페,제주특별자치도,제주시,33.4891054399428,126.539568570369
씨유서귀외돌개점,편의점,제주특별자치도,서귀포시,33.2438770354508,126.554732402529
지에스25애월모닝시티점,편의점,제주특별자치도,제주시,33.4864141391593,126.414564776857
씨유제주신설동점,편의점,제주특별자치도,제주시,33.4981155367784,126.547774782243
투썸플레이스제주쇠소깍점,카페,제주특별자치도,서귀포시,33.2522433155358,126.622628378243
투썸플레이스제주연동점,카페,제주특별자치도,제주시,33.4850532021856,126.490160180499
롱플레이,카페,제주특별자치도,제주시,33.5530690260473,126.710938207994
GS25노형신비,편의점,제주특별자치도,제주시,33.4765209187745,126.480699579681
세븐일레븐서귀포서성일로점,편의점,제주특별자치도,서귀포시,33.4031841864376,126.813148848111
망고홀릭애월해안도로점,카페,제주특별자치도,제주시,33.4705316788692,126.341594152803
지에스25제주유수암점,편의점,제주특별자치도,제주시,33.4423742061386,126.40192333631
봄봄카페오일장점,카페,제주특별자치도,제주시,33.4933708289358,126.484817191608
우연히그곳,카페,제주특별자치도,제주시,33.4717202706035,126.782771554225
무채색,카페,제주특별자치도,서귀포시,33.2544041289589,126.430067446678
GS25한림옹포점,편의점,제주특별자치도,제주시,33.4032625987955,126.252237134197
세븐일레븐제주신창리점,편의점,제주특별자치도,제주시,33.3488914007681,126.182735590712
윤재커피,카페,제주특별자치도,제주시,33.5118389203249,126.524014089629
씨유서귀여고점,편의점,제주특별자치도,서귀포시,33.2449905393309,126.53381367816
오엔블루,카페,제주특별자치도,서귀포시,33.4074030761435,126.897679432521
거인의정원,카페,제주특별자치도,제주시,33.4718417929779,126.535249098805
지에스25제주용화점,편의점,제주특별자치도,제주시,33.5097408843318,126.506267113631
자파리버거,카페,제주특별자치도,제주시,33.4187033985375,126.401107294571
휴예그리나,카페,제주특별자치도,제주시,33.5239790112791,126.954691715977
세븐일레븐제주탑동,편의점,제주특별자치도,제주시,33.5171556850488,126.528042861978
세븐일레븐제주센추리호텔점,편의점,제주특별자치도,제주시,33.4848636409772,126.408915682501
초록달과자점,카페,제주특별자치도,제주시,33.4359138485699,126.330392544718
씨유제주건입,편의점,제주특별자치도,제주시,33.5140789715208,126.532192656807
황금다방,카페,제주특별자치도,제주시,33.5080536002723,126.524368452032
고망딱새,카페,제주특별자치도,제주시,33.5034515469262,126.459639204376
화양연화,카페,제주특별자치도,서귀포시,33.288904432767,126.247803459615
지에스25성산,편의점,제주특별자치도,서귀포시,33.4635800991039,126.933800513124
오로지,카페,제주특별자치도,서귀포시,33.2676590648042,126.587873150854
제주돌창고,카페,제주특별자치도,제주시,33.3370890803433,126.233565614084
씨유서귀덕수점,편의점,제주특별자치도,서귀포시,33.2510827517025,126.303659016098
3인칭관찰자시점,카페,제주특별자치도,제주시,33.3497467541043,126.181191393445
화수목스튜디오,카페,제주특별자치도,제주시,33.5243558642339,126.857271341489
파스쿠찌제주서사라점,카페,제주특별자치도,제주시,33.4996732459672,126.518517007347
씨유제주용천점,편의점,제주특별자치도,제주시,33.4840026298294,126.48683088969
언플러그,카페,제주특별자치도,제주시,33.4595289573187,126.454135632817
씨유제주,편의점,제주특별자치도,제주시,33.4973287257003,126.534940779774
진명북카페,카페,제주특별자치도,제주시,33.539212545302,126.674981340622
귤꽃다락,카페,제주특별자치도,서귀포시,33.2464084083402,126.522539313129
지에스리테일GS25N제주관제점주,편의점,제주특별자치도,서귀포시,33.2305102391087,126.255792020107
씨유제주남일점,편의점,제주특별자치도,제주시,33.5111343014726,126.521316464303
제주애퐁당,카페,제주특별자치도,제주시,33.5155620995673,126.526264785385
포레스타,카페,제주특별자치도,서귀포시,33.2481691081102,126.580764439477
동명리공간,카페,제주특별자치도,제주시,33.4097256470369,126.265597943072
카페오르덴,카페,제주특별자치도,제주시,33.4867310865243,126.42643069574
씨유제주우도점,편의점,제주특별자치도,제주시,33.5024443536759,126.943951748977
르카페하도,카페,제주특별자치도,제주시,33.5090791857163,126.899583330766
가배미,카페,제주특별자치도,서귀포시,33.2742091982757,126.567899070913
꿀스커피제주아라점,카페,제주특별자치도,제주시,33.4854795766973,126.544053040436
새벽노을,카페,제주특별자치도,서귀포시,33.2730553856613,126.657734483686
물음표,카페,제주특별자치도,제주시,33.5042911767135,126.518975729878
플레이스꽃섬,카페,제주특별자치도,제주시,33.4694489412287,126.484184226771
소이재,카페,제주특별자치도,제주시,33.4890620037643,126.478537274295
밀류,카페,제주특별자치도,서귀포시,33.3169746926791,126.828195884637
시간의정원,카페,제주특별자치도,서귀포시,33.3151096088036,126.719844614385
파스쿠찌종합,카페,제주특별자치도,제주시,33.4895769305278,126.523576388375
씨유제주송악산점,편의점,제주특별자치도,서귀포시,33.2077794886034,126.291131594388
금능맛차롱,카페,제주특별자치도,제주시,33.3903984580745,126.236204177064
블러썸,카페,제주특별자치도,제주시,33.5194066510201,126.571882859982
뮤제빈티지,카페,제주특별자치도,서귀포시,33.2807034537171,126.69680002948
향기다방,카페,제주특별자치도,제주시,33.5027010614957,126.527486378493
씨유제주유블레스호텔점,편의점,제주특별자치도,제주시,33.5424078852678,126.666205177186
하라케케,카페,제주특별자치도,서귀포시,33.2428667519432,126.527719644116
몽슬슬라임카페,카페,제주특별자치도,서귀포시,33.2167841715362,126.258225163122
지에스25뉴제주동광점,편의점,제주특별자치도,서귀포시,33.3104282789343,126.340298160996
씨유제주용인아파트점,편의점,제주특별자치도,제주시,33.5058834011856,126.539382883423
에이바우트커피구남점,카페,제주특별자치도,제주시,33.4850866969616,126.535372045728
GS25서귀중정점,편의점,제주특별자치도,서귀포시,33.2476588289507,126.5583723241
아일랜드,카페,제주특별자치도,서귀포시,33.2783195506177,126.718266165413
씨유노형해오름점,편의점,제주특별자치도,제주시,33.481261498605,126.486760979984
마더카페,카페,제주특별자치도,서귀포시,33.2813004016351,126.741529392173
코리아세븐서귀포주,편의점,제주특별자치도,서귀포시,33.2458501671922,126.567094402913
르샹스,카페,제주특별자치도,제주시,33.5001215287097,126.520193322168
한미숙커피공방,카페,제주특별자치도,제주시,33.5167320033374,126.535213707579
GS25용담전망대점,편의점,제주특별자치도,제주시,33.5176887757977,126.487493167352
카페바라크라,카페,제주특별자치도,서귀포시,33.2416367498165,126.604143615568
카페블루하우스,카페,제주특별자치도,서귀포시,33.2511664754828,126.561005218867
더벤티,카페,제주특별자치도,서귀포시,33.2567687389423,126.572256126205
또시온,카페,제주특별자치도,제주시,33.5135128607433,126.676810351013
씨유서귀포,편의점,제주특별자치도,서귀포시,33.2474805753684,126.564071101562
콕스,카페,제주특별자치도,제주시,33.4903398322277,126.520344118143
세븐서귀중앙점주,편의점,제주특별자치도,서귀포시,33.2482994202712,126.566180959582
씨유제주에코아바점,편의점,제주특별자치도,제주시,33.4868126961279,126.481800228154
미크라트,카페,제주특별자치도,제주시,33.4169727957282,126.272976669282
세븐일레븐제주송당,편의점,제주특별자치도,제주시,33.4721956608617,126.781371804384
제주인이제이,카페,제주특별자치도,서귀포시,33.2453410032478,126.278617792912
예그리나,카페,제주특별자치도,제주시,33.5155564343542,126.513176487766
봄벳,카페,제주특별자치도,서귀포시,33.2667693990646,126.394676458197
양과자회관,카페,제주특별자치도,서귀포시,33.3620440021827,126.765724157233
씨유해비치리조트점,편의점,제주특별자치도,서귀포시,33.3226036544497,126.843983055228
레이오버,카페,제주특별자치도,제주시,33.5586197841455,126.812384089406
씨유신서귀로점,편의점,제주특별자치도,서귀포시,33.2529490033048,126.507329950744
씨유제주,편의점,제주특별자치도,제주시,33.4997820314169,126.514050393752
오월의향,카페,제주특별자치도,제주시,33.4704767167221,126.541528219578
비에노즈,카페,제주특별자치도,제주시,33.4424629726975,126.284228093332
아스쿰,카페,제주특별자치도,제주시,33.496870208151,126.552430066673
메이비아모르,카페,제주특별자치도,서귀포시,33.2544582986933,126.510519405909
빽다방빵연구소제주합동,카페,제주특별자치도,제주시,33.4901311062032,126.527027405061
컴포즈커피서귀포,카페,제주특별자치도,서귀포시,33.2582170847424,126.568696845548
영희의정원민박&카페,카페,제주특별자치도,제주시,33.4627667357779,126.396039193368
소보리당로222,카페,제주특별자치도,서귀포시,33.2629267237923,126.383305324279
새물,카페,제주특별자치도,제주시,33.4785846927015,126.36969960683
와랑와랑,카페,제주특별자치도,서귀포시,33.27228528503,126.676553417976
카페안녕성산,카페,제주특별자치도,서귀포시,33.461894483921,126.934544023039
용소담,카페,제주특별자치도,제주시,33.5154053235393,126.513726267817
파스쿠찌제주한라,카페,제주특별자치도,제주시,33.4901296041494,126.485901651343
표선카페,카페,제주특별자치도,서귀포시,33.325890029153,126.833516261205
꼬닥꼬닥,카페,제주특별자치도,제주시,33.3587780450785,126.201552297858
더벤티서귀포오일,카페,제주특별자치도,서귀포시,33.2654359374716,126.570378594597
세븐일레븐서귀포서문로점,편의점,제주특별자치도,서귀포시,33.2492806289738,126.558052976998
제이에스디비,카페,제주특별자치도,제주시,33.5173790262309,126.52750346622
씨유제주북촌점,편의점,제주특별자치도,제주시,33.5497761003,126.698706228617
씨유중문,편의점,제주특별자치도,서귀포시,33.2545618383313,126.429068416433
에이바우트커피,카페,제주특별자치도,제주시,33.4891770462939,126.539428309146
나우커피제주,카페,제주특별자치도,제주시,33.4843498134243,126.472884477882
포시즌스,카페,제주특별자치도,제주시,33.4135292596246,126.282358416322
파스쿠찌용담해안도로점,카페,제주특별자치도,제주시,33.5194429457649,126.493112337317
미세스테라,카페,제주특별자치도,제주시,33.4872104737175,126.546464955989
야시장이동식판매대,카페,제주특별자치도,제주시,33.5102795071008,126.526455015809
아꼬와,카페,제주특별자치도,제주시,33.496814039038,126.906850575947
씨유제주외도,편의점,제주특별자치도,제주시,33.4893840896962,126.428888035263
제레미,카페,제주특별자치도,제주시,33.4644476367577,126.31854495106
바람코지머뭄센터신천다방,카페,제주특별자치도,서귀포시,33.3442582850935,126.849294183799
컴포즈커피서홍점,카페,제주특별자치도,서귀포시,33.2570126914243,126.556951619168
플로리카페,카페,제주특별자치도,제주시,33.4876956766659,126.5534564257
더벤티서귀포올레,카페,제주특별자치도,서귀포시,33.2488580847026,126.566081623598
씨유서귀월평동점,편의점,제주특별자치도,서귀포시,33.2427886290131,126.461870926862
리베라떼,카페,제주특별자치도,제주시,33.4984620512895,126.520051818871
솔마루,카페,제주특별자치도,서귀포시,33.2372075541648,126.294177284552
조아찌,카페,제주특별자치도,제주시,33.4967407990719,126.450770744684
신대림,카페,제주특별자치도,제주시,33.4172156483683,126.263707213857
지유명차제주,카페,제주특별자치도,제주시,33.4786442482746,126.479643304524
수다,카페,제주특별자치도,서귀포시,33.2277303448028,126.25229683932
씨유제주그랜드점,편의점,제주특별자치도,제주시,33.4861445134861,126.488066391164
특활제주,카페,제주특별자치도,제주시,33.4647453312352,126.421476690051
지에스25N서귀강정점,편의점,제주특별자치도,서귀포시,33.2325130337463,126.488208188584
토방속에장독대,카페,제주특별자치도,제주시,33.4876610273156,126.49289944927
GS25한림오일장점,편의점,제주특별자치도,제주시,33.4184353183134,126.268706992407
씨유제주중앙여중점,편의점,제주특별자치도,제주시,33.5056842781271,126.522508788943
키위티이십사제주,편의점,제주특별자치도,서귀포시,33.2860498559267,126.7448540625
오엘이에프,카페,제주특별자치도,제주시,33.4939806550134,126.633409186385
상향평준화,카페,제주특별자치도,제주시,33.5090989112415,126.521887328268
요유,카페,제주특별자치도,제주시,33.4340703087252,126.379850085192
꼬스덴뇨,카페,제주특별자치도,제주시,33.5098680467376,126.905254450185
부이크브루어스,카페,제주특별자치도,제주시,33.5533752367972,126.808281958778
커피비터스윗,카페,제주특별자치도,제주시,33.4884604530681,126.498812822667
빠우사,카페,제주특별자치도,제주시,33.457636924944,126.711868400584
세븐일레븐서귀포대정,편의점,제주특별자치도,서귀포시,33.2440934044257,126.225579824205
제이왓,카페,제주특별자치도,서귀포시,33.2410304771752,126.528523513515
샤르망,카페,제주특별자치도,서귀포시,33.2462146242108,126.563025814894
또똣제주,카페,제주특별자치도,서귀포시,33.2109121150466,126.29183569544
라움인제주,카페,제주특별자치도,서귀포시,33.4354746906691,126.915390061355
탐앤탐스신제주점,카페,제주특별자치도,제주시,33.4874491654793,126.489608145045
미쁜제과,카페,제주특별자치도,서귀포시,33.2691371429329,126.18013069207
비선루,카페,제주특별자치도,제주시,33.3991046936931,126.24453359282
버스맨카페,카페,제주특별자치도,제주시,33.4951784883097,126.53375781479
씨유서귀최남단해안로점，모슬포낚시,편의점,제주특별자치도,서귀포시,33.2116738620471,126.257024078133
무화과한입,카페,제주특별자치도,제주시,33.5223142822954,126.562848057419
943랩,카페,제주특별자치도,서귀포시,33.2392438900168,126.514112733319
바스코,카페,제주특별자치도,제주시,33.5170014822206,126.525438905402
알마커피제작소,카페,제주특별자치도,제주시,33.5502172928264,126.69478521311
필앤라이프제주,카페,제주특별자치도,제주시,33.5156973489379,126.889468677166
네이쳐그릭본관,카페,제주특별자치도,서귀포시,33.4372533363223,126.919087674859
세븐일레븐,편의점,제주특별자치도,서귀포시,33.2459597573783,126.562340344739
우리동네만화카페,카페,제주특별자치도,서귀포시,33.2227238994147,126.256394319097
까미노,카페,제주특별자치도,제주시,33.4578965689429,126.347680859753
블랑로쉐,카페,제주특별자치도,제주시,33.5156493473043,126.957903607453
퍼시몬,카페,제주특별자치도,제주시,33.4293307814391,126.396883779232
오멘,카페,제주특별자치도,제주시,33.4754430269547,126.543567692746
세븐일레븐제주납읍점,편의점,제주특별자치도,제주시,33.4346939532336,126.324896229819
세화탐나는도새기,카페,제주특별자치도,제주시,33.5252627654341,126.854083481094
씨유제주하귀,편의점,제주특별자치도,제주시,33.4849336219554,126.416070317473
지에스25아라타운점,편의점,제주특별자치도,제주시,33.4760640450625,126.545726906423
법환동커피,카페,제주특별자치도,서귀포시,33.237044198838,126.511882504608
카페초가헌,카페,제주특별자치도,서귀포시,33.3903266957934,126.801267474695
일광다방,카페,제주특별자치도,제주시,33.5116132314448,126.519268868444
지에스25노형,편의점,제주특별자치도,제주시,33.4827249459674,126.485278319234
에이프릴,카페,제주특별자치도,제주시,33.4788762160499,126.479060939081
뉴-호프세븐일레븐제주공항서로점,편의점,제주특별자치도,제주시,33.5019116223784,126.489835368585
초록지붕,카페,제주특별자치도,제주시,33.3147896129115,126.264397672027
퍼플,카페,제주특별자치도,서귀포시,33.2787107189892,126.719799923318
하얀산호카페,카페,제주특별자치도,제주시,33.4943303977279,126.945033072255
씨유제주월정모살점,편의점,제주특별자치도,제주시,33.5555999586778,126.795624038831
지에스25동홍,편의점,제주특별자치도,서귀포시,33.2620297402303,126.560618186835
밤의테이블,카페,제주특별자치도,제주시,33.5233795884141,126.855076980501
컴포즈커피서귀포창천점,카페,제주특별자치도,서귀포시,33.2612780079653,126.365630526442
다랑쉬,카페,제주특별자치도,제주시,33.5088785052834,126.509328587825
세븐일레븐제주월정리점,편의점,제주특별자치도,제주시,33.5522479629661,126.791378533508
모던플레이스,카페,제주특별자치도,서귀포시,33.2679239016667,126.394765088984
GS25연동서강점,편의점,제주특별자치도,제주시,33.4867188098056,126.491785916999
곰막다방,카페,제주특별자치도,제주시,33.5568777142341,126.720520386812
얼마나오렌지,카페,제주특별자치도,제주시,33.4586171972557,126.512257973555
씨유신제주점,편의점,제주특별자치도,제주시,33.489600636712,126.493189429934
클랭블루,카페,제주특별자치도,제주시,33.3448705885138,126.177316174821
이디야커피제주함덕해수욕장점,카페,제주특별자치도,제주시,33.5411828742258,126.669999758168
광령키즈북카페,카페,제주특별자치도,제주시,33.4595531681557,126.433407800187
오늘종달,카페,제주특별자치도,제주시,33.4982420725428,126.911627120755
오알엔,카페,제주특별자치도,서귀포시,33.4718008361007,126.915752827836
씨유제주신광점,편의점,제주특별자치도,제주시,33.4916782935902,126.485408279278
이스턴펫살롱,카페,제주특별자치도,제주시,33.5011169131156,126.545057999609
제주기와,카페,제주특별자치도,제주시,33.4511315791025,126.425417531466
향다방,카페,제주특별자치도,제주시,33.5231644846397,126.856175318841
피노키오,카페,제주특별자치도,제주시,33.5205053262186,126.948256542565
모슬포동백다방,카페,제주특별자치도,서귀포시,33.2235675528528,126.252739894636
GS25함덕라마다점,편의점,제주특별자치도,제주시,33.5432768664077,126.660839900855
카페라올라,카페,제주특별자치도,서귀포시,33.2762374766031,126.171327119447
지에스25제주,편의점,제주특별자치도,제주시,33.5094707141581,126.522444942684
카페루시아,카페,제주특별자치도,서귀포시,33.2352172220791,126.363082928795
씨유제주대정주공점,편의점,제주특별자치도,서귀포시,33.2277303448028,126.25229683932
카페리꼬,카페,제주특별자치도,제주시,33.405811851943,126.256364663367
씨유도두항점,편의점,제주특별자치도,제주시,33.5040399007625,126.466415586108
지에스25노형라자점,편의점,제주특별자치도,제주시,33.4870293958183,126.477581067873
신산리마을카페,카페,제주특별자치도,서귀포시,33.376629890468,126.876824434888
미주커피앤케이크,카페,제주특별자치도,제주시,33.5038045620085,126.53079507168
커피트리,카페,제주특별자치도,제주시,33.4765280601753,126.478106720952
공차제주연동점,카페,제주특별자치도,제주시,33.4889395021931,126.49026652961
GS25제주애월고점,편의점,제주특별자치도,제주시,33.4622004431781,126.334729832051
컴플렉스,카페,제주특별자치도,제주시,33.5114065794776,126.524124086085
카페기지,카페,제주특별자치도,제주시,33.3384843253468,126.264510040742
비양정거장,카페,제주특별자치도,제주시,33.5130458081787,126.964588855878
히포파운드,카페,제주특별자치도,제주시,33.4855767003576,126.460481890821
카페담아,카페,제주특별자치도,서귀포시,33.240697265371,126.565778596401
씨유제주점,편의점,제주특별자치도,제주시,33.4984743847866,126.530328808334
GS25서귀솔동산점,편의점,제주특별자치도,서귀포시,33.2431515053011,126.563717042843
슈푸,카페,제주특별자치도,제주시,33.5099902022538,126.523895059057
지에스25제주,편의점,제주특별자치도,제주시,33.4343469353046,126.426076593379
인디55,카페,제주특별자치도,서귀포시,33.2236396608174,126.242301604283
커피볶는조아저씨,카페,제주특별자치도,제주시,33.3592602209117,126.195241238382
레몬비곽지중앙,편의점,제주특별자치도,제주시,33.4494390224811,126.304433362885
트라이브,카페,제주특별자치도,제주시,33.4601156814994,126.311232213529
에이바우트커피종합경,카페,제주특별자치도,제주시,33.4959353946339,126.519484667003
카페봄봄,카페,제주특별자치도,서귀포시,33.2528584268682,126.421406801463
씨유제주삼주점,편의점,제주특별자치도,제주시,33.4990472161724,126.533995349538
친봉,카페,제주특별자치도,서귀포시,33.2911373040708,126.596072341384
씨유서귀우리들점,편의점,제주특별자치도,서귀포시,33.262194480265,126.551205162693
GS25제주도두점,편의점,제주특별자치도,제주시,33.5036689148147,126.466105766882
제주노형뜨란채점빽다방,카페,제주특별자치도,제주시,33.4865877612047,126.473355112456
가파도봄날에,카페,제주특별자치도,서귀포시,33.1695844026681,126.270426504666
떼르떼,카페,제주특별자치도,제주시,33.4836779902549,126.469682230778
세븐일레븐제주유수암점,편의점,제주특별자치도,제주시,33.4235870137172,126.407987289065
GS25제주비자림점,편의점,제주특별자치도,제주시,33.4966431934736,126.811915253457
제이스퀘어드카페,카페,제주특별자치도,서귀포시,33.2515684552626,126.423207359824
GS25제주이호점,편의점,제주특별자치도,제주시,33.4949698206378,126.449899538783
두갓,카페,제주특별자치도,제주시,33.4646016026486,126.449306180829
GS25노형런던점,편의점,제주특별자치도,제주시,33.4911357469072,126.4785571257
레몬비막숙포구점,편의점,제주특별자치도,서귀포시,33.2377791210467,126.515365429777
세븐일레븐제주이도,편의점,제주특별자치도,제주시,33.4889663211975,126.538525572146
혜성크루즈,편의점,제주특별자치도,서귀포시,33.2389088406832,126.564864706799
카페다,카페,제주특별자치도,제주시,33.5371369745941,126.638513308531
엔피,카페,제주특별자치도,서귀포시,33.2418778921111,126.563058122653
띠아모서홍점,카페,제주특별자치도,서귀포시,33.2620857453342,126.55861097434
카페비비,카페,제주특별자치도,제주시,33.5295660385069,126.592814173748
숨맥,카페,제주특별자치도,제주시,33.4838456699112,126.394149911459
피에스테크제주,편의점,제주특별자치도,서귀포시,33.2527707928809,126.503328256158
픽스커피공단점,카페,제주특별자치도,제주시,33.5146468095885,126.572046229131
카페봄봄,카페,제주특별자치도,서귀포시,33.2531076828123,126.569516055312
제주설심당협재점,카페,제주특별자치도,제주시,33.3959028242946,126.242852298117
세븐일레븐성산라마다호텔점,편의점,제주특별자치도,서귀포시,33.4496582498134,126.917161692268
GS25제주동교점,편의점,제주특별자치도,제주시,33.5133821551971,126.533896987343
터치우드,카페,제주특별자치도,제주시,33.5305494060459,126.658661171722
진저,카페,제주특별자치도,제주시,33.3937398134587,126.240033539597
플팝카페,카페,제주특별자치도,제주시,33.3966912948063,126.34497842565
피카,카페,제주특별자치도,제주시,33.5212368684807,126.564123648141
2월22일,카페,제주특별자치도,제주시,33.4941050979895,126.517148929437
갤러리&카페아토,카페,제주특별자치도,서귀포시,33.3244136843855,126.767575516766
씨유제주함와로점,편의점,제주특별자치도,제주시,33.5345634996387,126.676193749702
디뷰,카페,제주특별자치도,제주시,33.4799876413499,126.477504990772
컴포즈커피화북공단점,카페,제주특별자치도,제주시,33.5121926994049,126.563781533623
씨유제주,편의점,제주특별자치도,제주시,33.5005256822959,126.52682021927
오로라,편의점,제주특별자치도,제주시,33.4894090886202,126.44229499951
청춘역,카페,제주특별자치도,서귀포시,33.2452456600615,126.564393372019
도담도담,카페,제주특별자치도,제주시,33.492389112086,126.437369104374
씨유성산신산점,편의점,제주특별자치도,서귀포시,33.3801907337511,126.876260578134
힌즈,카페,제주특별자치도,제주시,33.4946065713526,126.435288692502
볼스프로덕션,카페,제주특별자치도,서귀포시,33.2534054937387,126.442479098402
세븐일레븐서귀포법환,편의점,제주특별자치도,서귀포시,33.2312468619599,126.50734439069
카페봄봄용담점,카페,제주특별자치도,제주시,33.5125846386517,126.509479877787
씨유제주신삼도점,편의점,제주특별자치도,제주시,33.5001091748845,126.524002967406
지에스25제주정방폭포점,편의점,제주특별자치도,서귀포시,33.2449786680664,126.573204166948
세논오라,카페,제주특별자치도,제주시,33.485828790232,126.703672923786
카페무로,카페,제주특별자치도,제주시,33.5287350863724,126.589631598453
공차이마트신제주점,카페,제주특별자치도,제주시,33.4849677283175,126.480433984363
씨유제주,편의점,제주특별자치도,제주시,33.4930078245322,126.893844869098
GS25서귀,편의점,제주특별자치도,서귀포시,33.2514774777466,126.426931569569
굿마트，SM,편의점,제주특별자치도,제주시,33.512940020991,126.531413079265
드릴러스커피,카페,제주특별자치도,제주시,33.4797217372113,126.451437632585
씨유서귀구억점,편의점,제주특별자치도,서귀포시,33.271182242511,126.278802499396
서은이네,카페,제주특별자치도,서귀포시,33.3099794239802,126.804714365833
세븐일레븐제주한림한수풀점,편의점,제주특별자치도,제주시,33.418699819462,126.267694156319
지에스25제주애월점,편의점,제주특별자치도,제주시,33.4647319614347,126.319424799358
카페봄봄,카페,제주특별자치도,서귀포시,33.2795633316076,126.718058215051
플로베일배움터,카페,제주특별자치도,제주시,33.4922084354654,126.48933273222
제주의별,카페,제주특별자치도,제주시,33.515608479385,126.514952162369
루마인;퍼즈;투썸플레이스제주루마인점,카페,제주특별자치도,제주시,33.4841963026117,126.901322843762
봄봄,카페,제주특별자치도,제주시,33.450540264865,126.558336296537
카페두가시,카페,제주특별자치도,서귀포시,33.2354968144089,126.366632157591
몽티죠,카페,제주특별자치도,제주시,33.5145589576766,126.532760529072
갈매기팸,카페,제주특별자치도,제주시,33.5247383600549,126.860629299989
제주명월역,카페,제주특별자치도,제주시,33.3916549866001,126.262084910753
씨유제주광평점,편의점,제주특별자치도,제주시,33.4821318919922,126.470767578446
디저트팩토리제주쇠소깍점,카페,제주특별자치도,서귀포시,33.2568559264011,126.621395872583
GS25정든,편의점,제주특별자치도,제주시,33.4900073086481,126.473947747167
템플라도,카페,제주특별자치도,제주시,33.3391899419698,126.196500023219
투썸플레이스신화빌라스점,카페,제주특별자치도,서귀포시,33.30137939057,126.317528908912
씨유서귀남원로점,편의점,제주특별자치도,서귀포시,33.2817519014832,126.720992497497
세븐일레븐서귀포신산리점,편의점,제주특별자치도,서귀포시,33.3839889600378,126.878694841483
제주빽다방,카페,제주특별자치도,제주시,33.4899586295326,126.541102774103
세븐일레븐제주연동풀하우스점,편의점,제주특별자치도,제주시,33.4831899137007,126.490891977198
동문카페,카페,제주특별자치도,제주시,33.5159430946587,126.524519025104
에프터글로우,카페,제주특별자치도,제주시,33.4886636748475,126.549384132784
키즈몬,카페,제주특별자치도,서귀포시,33.3271096541115,126.82867005283
예랑커피하우스,카페,제주특별자치도,제주시,33.5405828743976,126.645378818617
플리,카페,제주특별자치도,서귀포시,33.2468721718394,126.552699901536
씨유서귀사계포구점,편의점,제주특별자치도,서귀포시,33.2279313127852,126.304024910306
래빗,카페,제주특별자치도,제주시,33.4888395262853,126.521729685099
미니핏다이어트,카페,제주특별자치도,제주시,33.5337205270489,126.620624104251
진가커피,카페,제주특별자치도,제주시,33.4895625971784,126.486141725986
컴포즈커피서귀포서광점,카페,제주특별자치도,서귀포시,33.2891344549054,126.322272673238
당당,카페,제주특별자치도,제주시,33.4744433962698,126.3708807249
지에스25서귀보영점,편의점,제주특별자치도,서귀포시,33.2559070692744,126.512088853866
에이바우트커피뷰강정점,카페,제주특별자치도,서귀포시,33.2368827430319,126.498493430833
씨유제주금능점,편의점,제주특별자치도,제주시,33.3881872287988,126.229989982781
오하효,카페,제주특별자치도,서귀포시,33.2591619922299,126.617758532504
모나미카페,카페,제주특별자치도,제주시,33.484113558625,126.483150481512
씨유제주도두점,편의점,제주특별자치도,제주시,33.506125450267,126.464992936252
씨유제주정한점,편의점,제주특별자치도,제주시,33.4840995169937,126.484108161482
디원나인세븐D197,카페,제주특별자치도,제주시,33.5016172386893,126.462846816742
누베커피,카페,제주특별자치도,제주시,33.4716515390785,126.547180747046
세탁쏘,카페,제주특별자치도,제주시,33.5012712290926,126.521403046614
야야,카페,제주특별자치도,제주시,33.5439870586455,126.673488385382
씨유서귀포공업단지점,편의점,제주특별자치도,서귀포시,33.2921618703184,126.584139974129
아름디,카페,제주특별자치도,제주시,33.4911301286714,126.526570036641
씨유제주월랑초교점,편의점,제주특별자치도,제주시,33.4930325689915,126.479385083869
에이바우트커피남녕고점,카페,제주특별자치도,제주시,33.4900294521998,126.481339899105
슈가바당,카페,제주특별자치도,제주시,33.5345496728535,126.839846107586
씨유제주삼화부영6차점,편의점,제주특별자치도,제주시,33.5157976040295,126.584332470782
카페하귀리,카페,제주특별자치도,제주시,33.4803229918673,126.398370437703
서서히,카페,제주특별자치도,제주시,33.5046922423552,126.539098616921
씨유서귀포올레,편의점,제주특별자치도,서귀포시,33.2498385121623,126.562836088026
씨유제주사라점,편의점,제주특별자치도,제주시,33.5146025790771,126.539595002748
씨유서귀포법환길점,편의점,제주특별자치도,서귀포시,33.2450284094959,126.522407324362
규와이너리,카페,제주특별자치도,제주시,33.5526998707165,126.715042094095
씨유제주일주서로점,편의점,제주특별자치도,제주시,33.4924650956937,126.428362065113
곳남모을카페,카페,제주특별자치도,제주시,33.4818044445689,126.559952979404
만호다방,카페,제주특별자치도,서귀포시,33.2486749767018,126.562713113684
씨유서귀포올레,편의점,제주특별자치도,서귀포시,33.2498385121623,126.562836088026
더리트리브,카페,제주특별자치도,서귀포시,33.2479283239466,126.338568404275
준스팜스토리,카페,제주특별자치도,서귀포시,33.279999726016,126.318715090395
혼저옵서편의점,편의점,제주특별자치도,서귀포시,33.4622281077667,126.934597557201
마타하리,카페,제주특별자치도,서귀포시,33.2571960988902,126.617649044978
세븐일레븐제주한림,편의점,제주특별자치도,제주시,33.4134693156558,126.25987935954
우미지베이커리,카페,제주특별자치도,제주시,33.5243925723552,126.582482911614
알앤에이치,카페,제주특별자치도,제주시,33.4796474188432,126.473805952293
가비오타카페,카페,제주특별자치도,제주시,33.5094132653943,126.900185662243
그초록,카페,제주특별자치도,제주시,33.5563746201255,126.806401594328
뷰크레스트,카페,제주특별자치도,서귀포시,33.2412930187007,126.536000704571
더벤티제주대학교점,카페,제주특별자치도,제주시,33.4572331874152,126.564293590979
씨유제주1100도로점,편의점,제주특별자치도,제주시,33.4500814918069,126.48607353505
몬스터커피제주,카페,제주특별자치도,제주시,33.4845301884429,126.479296083154
씨유제주해안도로점,편의점,제주특별자치도,제주시,33.5165392594964,126.504108079731
세븐일레븐서귀포덕수점,편의점,제주특별자치도,서귀포시,33.258704349841,126.304188794978
흐림,카페,제주특별자치도,제주시,33.5109148900382,126.701413327047
샨티,카페,제주특별자치도,서귀포시,33.2536830101147,126.424234387331
GS25월정,편의점,제주특별자치도,제주시,33.5553307943821,126.796421540241
지에스25제주,편의점,제주특별자치도,제주시,33.4994001076371,126.529559747318
바당꽃,카페,제주특별자치도,서귀포시,33.2795668258963,126.723629394849
카페글렌코,카페,제주특별자치도,제주시,33.4336749148676,126.733239359513
델문도로스터스,카페,제주특별자치도,제주시,33.4918054462466,126.52634039124
씨유제주제원점,편의점,제주특별자치도,제주시,33.4880109732976,126.490293489464
씨유서귀천지점,편의점,제주특별자치도,서귀포시,33.245772040959,126.562802681676
꼼비노,카페,제주특별자치도,서귀포시,33.2205020159426,126.251232005807
감성커피삼화점,카페,제주특별자치도,제주시,33.5215721387134,126.585628848726
카페꼼,카페,제주특별자치도,제주시,33.475180407492,126.548173685688
석류다방,카페,제주특별자치도,제주시,33.5120296771657,126.531482564516
씨유노형,편의점,제주특별자치도,제주시,33.4821353382647,126.473694076609
까치상사,카페,제주특별자치도,제주시,33.504210969565,126.516899103284
봄봄하귀점,카페,제주특별자치도,제주시,33.4811097624747,126.404465398973
세븐일레븐서귀포남원신례점,편의점,제주특별자치도,서귀포시,33.285711607582,126.634625893294
오늘은녹차,카페,제주특별자치도,서귀포시,33.3818437607868,126.791077080151
슬랩,카페,제주특별자치도,제주시,33.3948496210565,126.24164687325
롱리브,카페,제주특별자치도,제주시,33.4765895438353,126.541528301666
씨유제주인화점,편의점,제주특별자치도,제주시,33.5079466160522,126.541427590027
혼디인2714,카페,제주특별자치도,제주시,33.3244608816413,126.215300676749
세븐일레븐제주한림해안로점,편의점,제주특별자치도,제주시,33.4359177258513,126.27188317184
블리스풀,카페,제주특별자치도,제주시,33.4051818931712,126.407252180555
늘푸름개발,편의점,제주특별자치도,제주시,33.5442127010477,126.656906270836
바다가는길,카페,제주특별자치도,서귀포시,33.2392017195707,126.558425579137
카페109,카페,제주특별자치도,제주시,33.4897919826871,126.474196533955
코멧1987,카페,제주특별자치도,제주시,33.4990811296737,126.531035783836
사계리어촌계커피스케치,카페,제주특별자치도,서귀포시,33.2333744967527,126.313294184159
지에스25안덕대평점,편의점,제주특별자치도,서귀포시,33.2346336928309,126.367110446147
곰순이,카페,제주특별자치도,제주시,33.4130528961965,126.261108455667
글뤽,카페,제주특별자치도,제주시,33.5215035583383,126.846996120645
소소한담,카페,제주특별자치도,제주시,33.4715199633434,126.366889164839
둥지전통찻집,카페,제주특별자치도,제주시,33.5368492921249,126.671157437113
지에스25함덕골든튤립점,편의점,제주특별자치도,제주시,33.5424006380999,126.66686198178
카페술도가제주바당,카페,제주특별자치도,제주시,33.5372427145613,126.824520773973
공간,카페,제주특별자치도,서귀포시,33.2372942000511,126.480122720284
옐로우사이공,카페,제주특별자치도,제주시,33.4568910235419,126.407804073926
매일차차,카페,제주특별자치도,서귀포시,33.2751778401934,126.277503078538
우포토시네마,카페,제주특별자치도,서귀포시,33.2253049899395,126.265919982749
세븐일레븐제주우평로점,편의점,제주특별자치도,제주시,33.4790949669266,126.464804106695
뷔쏭,카페,제주특별자치도,서귀포시,33.2554653535043,126.576050681363
지에스25노형,편의점,제주특별자치도,제주시,33.4816327913858,126.476376156899
하루필름애월점,카페,제주특별자치도,제주시,33.4811766360148,126.374124330582
아토네정원,카페,제주특별자치도,서귀포시,33.2467585222761,126.517472679776
거목,카페,제주특별자치도,제주시,33.4147640922049,126.263835411187
더치박스,카페,제주특별자치도,제주시,33.4895760172579,126.474294680807
세븐일레븐제주대원룸타운점,편의점,제주특별자치도,제주시,33.4490666759694,126.559752700938
세븐일레븐제주해밀마루점,편의점,제주특별자치도,제주시,33.4889605588313,126.432861283542
큐티파이,카페,제주특별자치도,제주시,33.4778765537969,126.368736455678
하이엔드제주,카페,제주특별자치도,제주시,33.463584211534,126.30915022551
비건테이블바람,카페,제주특별자치도,제주시,33.4423153330963,126.328762495769
엠커피로스터스,카페,제주특별자치도,제주시,33.4608902993941,126.56077937215
지에스25제주진군점,편의점,제주특별자치도,제주시,33.4777858586673,126.479196569671
낭,카페,제주특별자치도,제주시,33.4845539354275,126.431362151642
아꼬아,카페,제주특별자치도,서귀포시,33.2453629182311,126.569586215456
헬로우도,카페,제주특별자치도,제주시,33.5000191220655,126.944136260055
두멩이카페,카페,제주특별자치도,제주시,33.5132174407096,126.533252081759
씨유제주,편의점,제주특별자치도,제주시,33.4913267277033,126.538050352849
화후,카페,제주특별자치도,제주시,33.465106213077,126.51392126769
작은살레,카페,제주특별자치도,제주시,33.4370030491265,126.680352681602
씨유제주연동아랑점,편의점,제주특별자치도,제주시,33.4848464490126,126.494712706998
씨유제주화북점,편의점,제주특별자치도,제주시,33.5119932531487,126.563470407099
팩토리소란,카페,제주특별자치도,제주시,33.4558274878942,126.549381960963
커피템플,카페,제주특별자치도,제주시,33.4781620462008,126.570246075781
꽃길,카페,제주특별자치도,제주시,33.5036168966553,126.521799090861
씨유제주삼광충전소점,편의점,제주특별자치도,제주시,33.5045672345471,126.561796518643
카페봄봄,카페,제주특별자치도,서귀포시,33.2581034974994,126.572356939473
씨유제주용해로점,편의점,제주특별자치도,제주시,33.5129823785787,126.502955194261
커피산책,카페,제주특별자치도,제주시,33.462018522674,126.44024381211
씨유서귀포동문,편의점,제주특별자치도,서귀포시,33.2498548697234,126.567514620143
씨유제주,편의점,제주특별자치도,서귀포시,33.4363984815172,126.921701639082
돌고래전망카페,카페,제주특별자치도,서귀포시,33.2707322504356,126.175929915457
레인보울45도,카페,제주특별자치도,제주시,33.5093466395007,126.50915374326
오늘도화창,카페,제주특별자치도,제주시,33.5551480773,126.794968227062
마마미니,카페,제주특별자치도,제주시,33.4845083151853,126.698222264104
씨유제주신촌누리점,편의점,제주특별자치도,제주시,33.534769849996,126.621760702572
씨유제주,편의점,제주특별자치도,제주시,33.5027160177188,126.543499926953
러스티아일랜드,카페,제주특별자치도,제주시,33.5284554856376,126.645040786848
넙빌레스토리,카페,제주특별자치도,서귀포시,33.2692158356165,126.64854039623
씨유제주스카이점,편의점,제주특별자치도,제주시,33.4860016965461,126.492801522185
세븐제주삼양해수욕장점주,편의점,제주특별자치도,제주시,33.5268189909924,126.588208922372
우도클라쓰,카페,제주특별자치도,제주시,33.508295768174,126.943969502464
물고기,카페,제주특별자치도,서귀포시,33.2343260003045,126.36511711942
씨유제주함덕캠프점,편의점,제주특별자치도,제주시,33.5439312869563,126.672853340681
컴포즈커피제주제원점,카페,제주특별자치도,제주시,33.4885024954381,126.489236124059
에이바우트커피,카페,제주특별자치도,제주시,33.4893500834896,126.476297434963
레이지피크닉,카페,제주특별자치도,제주시,33.5142289261024,126.526573423039
스테이위드커피,카페,제주특별자치도,제주시,33.4582557273721,126.45573554409
사우스쇼어,카페,제주특별자치도,서귀포시,33.2429474074789,126.454852630517
세븐일레븐서귀포천지연점,편의점,제주특별자치도,서귀포시,33.2447146588123,126.559545984931
세븐일레븐제주월림점,편의점,제주특별자치도,제주시,33.3498113577257,126.255928010322
대학나무,카페,제주특별자치도,제주시,33.5199433136572,126.496424717064
지에스25제주용담점,편의점,제주특별자치도,제주시,33.5107454738608,126.514075220051
크로쿠,카페,제주특별자치도,제주시,33.5120895085625,126.528242577555
세븐일레븐제주삼양,편의점,제주특별자치도,제주시,33.5230012381945,126.581628446164
평대랑그네랑,카페,제주특별자치도,제주시,33.5366580658026,126.838808666933
알,카페,제주특별자치도,제주시,33.4994274781733,126.517915727867
세븐일레븐제주대학,편의점,제주특별자치도,제주시,33.4687748684283,126.547023585319
브이아이피편의점,편의점,제주특별자치도,서귀포시,33.2643322279965,126.613185406805
제주901,카페,제주특별자치도,제주시,33.4530122348859,126.486206827172
카일루아,카페,제주특별자치도,서귀포시,33.2458200523091,126.460242820069
파스쿠찌제주한라대점,카페,제주특별자치도,제주시,33.4802898698001,126.472231249179
마피스,카페,제주특별자치도,제주시,33.5506303534956,126.653069088555
GS25이호현사점,편의점,제주특별자치도,제주시,33.4974094235199,126.449066263187
씨유서귀위미,편의점,제주특별자치도,서귀포시,33.2755029266561,126.686652943403
카페드콜리,카페,제주특별자치도,제주시,33.4642890220425,126.521713958987
블로비노형,카페,제주특별자치도,제주시,33.4669019065616,126.478788350396
제주몹시,카페,제주특별자치도,제주시,33.4945446686913,126.433578132014
카페라,카페,제주특별자치도,제주시,33.4996867717438,126.529073930559
과일박스,카페,제주특별자치도,제주시,33.5117385719037,126.526059601217
포빈즈,카페,제주특별자치도,제주시,33.4987892952354,126.656525972076
지에스25표선매봉점,편의점,제주특별자치도,서귀포시,33.3081920272492,126.809120932227
씨유제주위미점,편의점,제주특별자치도,서귀포시,33.2749064638584,126.668729486617
땡큐베리,카페,제주특별자치도,서귀포시,33.2411389823564,126.565754953228
씨앤아이,카페,제주특별자치도,서귀포시,33.3256564109761,126.834118154011
땡큐브레드앤슾,카페,제주특별자치도,서귀포시,33.283732252684,126.727663356206
세븐일레븐제주한림한수풀점,편의점,제주특별자치도,제주시,33.418699819462,126.267694156319
씨유제주하광로점,편의점,제주특별자치도,제주시,33.4661268523984,126.419993769189
비브레이브,카페,제주특별자치도,서귀포시,33.2549209926357,126.518179012422
세븐일레븐제주용담현대점,편의점,제주특별자치도,제주시,33.5127596181333,126.508133506027
자구리몬들락,카페,제주특별자치도,서귀포시,33.2422150861857,126.566661668418
곰다방,카페,제주특별자치도,서귀포시,33.3264111511906,126.832161999326
솜뿡,카페,제주특별자치도,서귀포시,33.2343667116945,126.511972483372
세븐일레븐제주성산일출점,편의점,제주특별자치도,서귀포시,33.462733246491,126.935048973606
몽그레,카페,제주특별자치도,제주시,33.559571119211,126.792696285426
씨유제주신,편의점,제주특별자치도,제주시,33.5214097827207,126.585608094537
에릭스에스프레소,카페,제주특별자치도,제주시,33.5214184792494,126.858869281125
레몬비,편의점,제주특별자치도,서귀포시,33.2822283898681,126.708603027301
구면카페,카페,제주특별자치도,서귀포시,33.351522913219,126.76617133188
지에스25아라영평점,편의점,제주특별자치도,제주시,33.4818920027957,126.559220905226
씨유제주도련,편의점,제주특별자치도,제주시,33.5092062910163,126.589540837143
일출봉아로니아,카페,제주특별자치도,서귀포시,33.4446056420237,126.900066362
GS25함덕교차로점,편의점,제주특별자치도,제주시,33.5403376299406,126.674255768785
카페봄봄김녕점,카페,제주특별자치도,제주시,33.5559903794948,126.752645812078
씨유제주구엄,편의점,제주특별자치도,제주시,33.4819485474852,126.375226973274
세븐일레븐제주광령,편의점,제주특별자치도,제주시,33.4610790469906,126.43984109788
삼돌이농원감귤주스,카페,제주특별자치도,서귀포시,33.2505615378507,126.563326107117
봄봄제원점,카페,제주특별자치도,제주시,33.4862307257628,126.491487493876
어클락,카페,제주특별자치도,제주시,33.4628451045188,126.418079394966
씨유서귀남고,편의점,제주특별자치도,서귀포시,33.2661961024948,126.56858250089
세븐일레븐제주아라,편의점,제주특별자치도,제주시,33.4735966499403,126.544083011346
빌레하임,카페,제주특별자치도,제주시,33.3172965202403,126.259920017287
더벌브,카페,제주특별자치도,제주시,33.5091422584321,126.519110330235
지에스25제주귀일중점,편의점,제주특별자치도,제주시,33.4806180897183,126.405340244427
카페씨닉,카페,제주특별자치도,제주시,33.5592825383274,126.792653898971
카페봉개,카페,제주특별자치도,제주시,33.488062780187,126.597452418367
베네토,카페,제주특별자치도,제주시,33.4917842192486,126.495823784847
밭디,카페,제주특별자치도,서귀포시,33.4079033676032,126.772212531771
레몬뮤지엄,카페,제주특별자치도,서귀포시,33.2988609893435,126.617853892485
세븐일레븐제주더,편의점,제주특별자치도,제주시,33.4855100354984,126.489436604587
공차제주,카페,제주특별자치도,제주시,33.5161001174,126.525497644465
지에스25제주그랜드점,편의점,제주특별자치도,제주시,33.4835465677822,126.48773737257
봉그레,카페,제주특별자치도,제주시,33.4630376016724,126.529250686779
벼레별씨,카페,제주특별자치도,서귀포시,33.2267116536286,126.298767249139
씨유한림,편의점,제주특별자치도,제주시,33.4144837847457,126.263698016683
서사로21길,카페,제주특별자치도,제주시,33.4986736598501,126.521148307674
컴포즈커피제주,카페,제주특별자치도,제주시,33.4813536769828,126.482908652331
쉬리니케이크,카페,제주특별자치도,제주시,33.4384804805263,126.328189816475
요람,카페,제주특별자치도,서귀포시,33.2532440573681,126.583079605175
지에스25동광로점,편의점,제주특별자치도,제주시,33.5011076336095,126.53048677372
바이더씨,카페,제주특별자치도,서귀포시,33.3989514553284,126.904654802504
빽다방제주제원점,카페,제주특별자치도,제주시,33.4871974346677,126.489781780061
알포인트커피,카페,제주특별자치도,제주시,33.4348298803138,126.323368208128
팀블로우,카페,제주특별자치도,제주시,33.4608791848836,126.310720619797
먹쿠슬낭,카페,제주특별자치도,제주시,33.4980501743268,126.507000686934
정원이있는마네,카페,제주특별자치도,서귀포시,33.2259215904349,126.299363573894
월정무인카페,카페,제주특별자치도,제주시,33.5557713794199,126.801234042237
이호캔들어바웃제주,카페,제주특별자치도,제주시,33.5027181086751,126.456856456319
팥,카페,제주특별자치도,제주시,33.4418920551596,126.296320440513
카페캄,카페,제주특별자치도,서귀포시,33.2463435199053,126.561222477346
루씨쏜갤러리스튜디오,카페,제주특별자치도,서귀포시,33.2412853444661,126.593039922375
숨비아일랜드,카페,제주특별자치도,서귀포시,33.3391804393947,126.855457990518
세븐일레븐제주라마다시티점,편의점,제주특별자치도,제주시,33.4935035409713,126.53429406692
아리수다방,카페,제주특별자치도,서귀포시,33.2242406993312,126.252229983575
겔러리앤감자,카페,제주특별자치도,서귀포시,33.2517164891996,126.340525069251
씨유제주고내리점,편의점,제주특별자치도,제주시,33.4661383021477,126.349630720849
자상한하루,카페,제주특별자치도,서귀포시,33.3067442006293,126.768878727415
리코마망,카페,제주특별자치도,제주시,33.4830199836549,126.469718518771
공육사노트,카페,제주특별자치도,제주시,33.4113326618094,126.259897482863
메가엠지씨커피제주연동점,카페,제주특별자치도,제주시,33.4787135245679,126.48761519533
세븐일레븐제주상가리점,편의점,제주특별자치도,제주시,33.4292975169111,126.352722818275
씨유서귀,편의점,제주특별자치도,서귀포시,33.2525082758473,126.565677263993
만나요만나,카페,제주특별자치도,제주시,33.5403055508079,126.668958734673
씨유화북주공점,편의점,제주특별자치도,제주시,33.5194019072616,126.573120735904
인더그린,카페,제주특별자치도,제주시,33.4729448634793,126.485809508851
가배두커피,카페,제주특별자치도,제주시,33.4895613380516,126.524211326345
제주여기쯤,카페,제주특별자치도,제주시,33.4728233792177,126.784576189558
모모제이,카페,제주특별자치도,제주시,33.4761200885835,126.548728253697
인디고,카페,제주특별자치도,제주시,33.4663983676471,126.334084600796
씨유제주,편의점,제주특별자치도,제주시,33.5061069306383,126.50839715108
씨유서귀위미,편의점,제주특별자치도,서귀포시,33.2755029266561,126.686652943403
서광마을기업웨스트힐라운지,카페,제주특별자치도,서귀포시,33.3001284971056,126.319600104624
스타다방,카페,제주특별자치도,서귀포시,33.2223930473642,126.255345855589
젤마씨,카페,제주특별자치도,제주시,33.4875989504615,126.46735570778
씨유서귀에덴점,편의점,제주특별자치도,서귀포시,33.2777490068793,126.713222901656
메가엠지씨커피제주표선점,카페,제주특별자치도,서귀포시,33.326241130058,126.833118205236
보호,카페,제주특별자치도,제주시,33.4070898604685,126.252989080323
에이바우트커피삼무공원점,카페,제주특별자치도,제주시,33.4903714932894,126.489892289768
로바인,카페,제주특별자치도,제주시,33.5302041394027,126.592197561552
카페이에르바,카페,제주특별자치도,제주시,33.5275391840133,126.618853349333
지에스25제주하나호텔점,편의점,제주특별자치도,서귀포시,33.2498654791815,126.408088308253
호텔리어스커피,카페,제주특별자치도,서귀포시,33.2558511141806,126.415474074778
제주의온도,카페,제주특별자치도,제주시,33.4297939989254,126.408826877956
표선모르,카페,제주특별자치도,서귀포시,33.3248607894978,126.832487173096
씨유제주표선번영점,편의점,제주특별자치도,서귀포시,33.3345755975178,126.829009899911
메가엠지씨커피제주아라점,카페,제주특별자치도,제주시,33.473312807135,126.545353967443
커피밸런스,카페,제주특별자치도,제주시,33.4514059779143,126.576476477398
지에스25서귀대포점,편의점,제주특별자치도,서귀포시,33.2391672854971,126.436131863664
카페50번길,카페,제주특별자치도,서귀포시,33.2682432304246,126.590027745345
지에스25연동신라점,편의점,제주특별자치도,제주시,33.4861842963009,126.486785744196
수까페테라스,카페,제주특별자치도,제주시,33.4200057765662,126.26899486672
오젠,카페,제주특별자치도,서귀포시,33.2135870051135,126.292908216312
아라아라,카페,제주특별자치도,제주시,33.4715700717942,126.55205454679
모들모들,카페,제주특별자치도,제주시,33.5197457208476,126.584076779874
가비,카페,제주특별자치도,제주시,33.5112118632225,126.539397703423
카페루시아,카페,제주특별자치도,서귀포시,33.2349768134241,126.36367475607
메가엠지씨커피제주,카페,제주특별자치도,서귀포시,33.2784613245574,126.717170807765
양군의케익한접시,카페,제주특별자치도,제주시,33.5210076981155,126.581325884182
작가의집BYTALKINCOFFEE토크인커피,카페,제주특별자치도,서귀포시,33.238323767746,126.287537700735
무운,카페,제주특별자치도,서귀포시,33.2476467413515,126.284446853033
와플반트,카페,제주특별자치도,제주시,33.5019758930752,126.543277815245
씨유제주연동,편의점,제주특별자치도,제주시,33.4861863534881,126.491659909596
애월기록,카페,제주특별자치도,제주시,33.4783616827093,126.391831923351
커피주의보,카페,제주특별자치도,제주시,33.4927600733559,126.537999699111
돌담너머당근,카페,제주특별자치도,제주시,33.5364770448709,126.838270695301
홉히,카페,제주특별자치도,서귀포시,33.2365359806518,126.508752430096
커피존코-챠스키,카페,제주특별자치도,제주시,33.4890575992733,126.534005821421
와이에스와이에스,카페,제주특별자치도,서귀포시,33.2524696471898,126.57537835837
굴무기낭,카페,제주특별자치도,제주시,33.43311455917,126.327919325847
카페결,카페,제주특별자치도,제주시,33.5126736147488,126.956613462312
곶자왈카페,카페,제주특별자치도,서귀포시,33.285160223975,126.353080410325
인스밀,카페,제주특별자치도,서귀포시,33.2384810480193,126.229234290328
지에스25삼도동양점,편의점,제주특별자치도,제주시,33.5015307226092,126.523231106359
블리오,카페,제주특별자치도,제주시,33.4996931269837,126.528374400613
가보카,카페,제주특별자치도,제주시,33.3173104841187,126.265310772657
씨유디아일랜드호텔점,편의점,제주특별자치도,서귀포시,33.2458274966383,126.56576396075
헛간;더반스위트,카페,제주특별자치도,제주시,33.4842011172763,126.746200595225
김녕어촌계해녀삼춘,카페,제주특별자치도,제주시,33.5581832604532,126.740416951125
로드33,카페,제주특별자치도,제주시,33.4866243799448,126.497370821083
카페토르토니,카페,제주특별자치도,제주시,33.4749294832402,126.543667211152
커피스탬프,카페,제주특별자치도,제주시,33.4877366812823,126.540016973556
세븐일레븐제주한림,편의점,제주특별자치도,제주시,33.4089009342823,126.26032660853
베라벨거,카페,제주특별자치도,서귀포시,33.2508887165285,126.561500228587
제주트립티,카페,제주특별자치도,제주시,33.4646820500762,126.51381606392
고찌가게,카페,제주특별자치도,제주시,33.4981417176361,126.53535612267
레몬일레븐,카페,제주특별자치도,서귀포시,33.3078757758876,126.776284932351
여우별,카페,제주특별자치도,제주시,33.5010497317181,126.520080584768
카페클라츠,카페,제주특별자치도,제주시,33.4912293583984,126.538535089151
동명정류장,카페,제주특별자치도,제주시,33.3971341901607,126.266230558906
낭낭,카페,제주특별자치도,서귀포시,33.2654192012046,126.303802845699
씨유제주용담해안도로점,편의점,제주특별자치도,제주시,33.5197896771861,126.49412212486
핑크헨젤,카페,제주특별자치도,제주시,33.4628385665274,126.309629437466
씨유제주대점,편의점,제주특별자치도,제주시,33.4503329769866,126.558358858025
씨유제주용담,편의점,제주특별자치도,제주시,33.5014201888618,126.513352492809
나인브로스커피,카페,제주특별자치도,서귀포시,33.2662749807027,126.259964287421
다인,카페,제주특별자치도,제주시,33.5117360234793,126.518385627128
지에스25대천교차로점,편의점,제주특별자치도,제주시,33.435508929088,126.734986590967
씨유제주혜인한국,편의점,제주특별자치도,제주시,33.5003875911945,126.516737396922
마로니에미니골프카페,카페,제주특별자치도,서귀포시,33.2961426730617,126.625284638189
아방의차,카페,제주특별자치도,제주시,33.4844627128332,126.746264390403
씨유제주연오로점,편의점,제주특별자치도,제주시,33.4833495501404,126.501327687982
개인주의자,카페,제주특별자치도,제주시,33.5267656816329,126.88580527754
세븐제주상온센터,편의점,제주특별자치도,제주시,33.4844447209048,126.640583006071
코데인커피로스터스디벨로퍼,카페,제주특별자치도,서귀포시,33.2350826154073,126.296275737071
오라단비네커피,카페,제주특별자치도,제주시,33.4943484597243,126.514823245648
한스,카페,제주특별자치도,제주시,33.5083850027323,126.470489435044
발리휴게실,카페,제주특별자치도,제주시,33.3893900003579,126.249722766445
GS25노형대림시티점,편의점,제주특별자치도,제주시,33.4841284917379,126.482407986279
드라이어드,카페,제주특별자치도,제주시,33.4572398210437,126.772363270988
토토네,카페,제주특별자치도,제주시,33.489371025537,126.410692760286
지에스25제주한수풀점,편의점,제주특별자치도,제주시,33.4180509970918,126.264700023184
라쁠라주,카페,제주특별자치도,제주시,33.5198092465059,126.494498748796
마마롱,카페,제주특별자치도,제주시,33.4521502713792,126.439177889803
벨진밧,카페,제주특별자치도,서귀포시,33.2702738391986,126.279185623733
카페베네이도일동점,카페,제주특별자치도,제주시,33.5064891976538,126.525507052491
커피곰여행자,카페,제주특별자치도,제주시,33.5184419673198,126.883717250244
레아드레스앤카페,카페,제주특별자치도,제주시,33.4743960619865,126.48355244982
귤한편,카페,제주특별자치도,서귀포시,33.2862203003769,126.592348399585
오스모시스,카페,제주특별자치도,제주시,33.5407406066626,126.830779912454
문부로25,카페,제주특별자치도,서귀포시,33.2522190903319,126.570679366604
김녕떠오르길,카페,제주특별자치도,제주시,33.5578454388838,126.7470838346
세븐일레븐제주이도뉴타운점,편의점,제주특별자치도,제주시,33.4887221741152,126.538333184968
플랜타,카페,제주특별자치도,제주시,33.5004732224012,126.546546464481
씨유제주하천점,편의점,제주특별자치도,서귀포시,33.3408186382936,126.84566930691
미띠뽀티하우스,카페,제주특별자치도,서귀포시,33.2502073729247,126.509437836267
에곤,카페,제주특별자치도,서귀포시,33.4399125145835,126.918203360375
씨유제주사리탑교차로점,편의점,제주특별자치도,제주시,33.5278434280291,126.633018765971
라조컴컴제주점,카페,제주특별자치도,제주시,33.4013801317258,126.251049359481
이미경;신설동커피,카페,제주특별자치도,제주시,33.4962647168955,126.549549218577
선셋커피스탠드,카페,제주특별자치도,제주시,33.5168336732555,126.517011932929
더핍스시즌,카페,제주특별자치도,제주시,33.3480884962329,126.357524786631
달에사는고래,카페,제주특별자치도,제주시,33.4351987354701,126.427006534595
스마일러,카페,제주특별자치도,제주시,33.469948162146,126.415848109054
연주다방,카페,제주특별자치도,제주시,33.5014686458699,126.514213156063
단정한까페,카페,제주특별자치도,제주시,33.4968111592214,126.529197111622
세븐서귀포동홍현대점주,편의점,제주특별자치도,서귀포시,33.2567537115893,126.575765437013
컴포즈커피제주아라점,카페,제주특별자치도,제주시,33.4759801405553,126.544974246002
아마니타,카페,제주특별자치도,서귀포시,33.3269333674201,126.831623982708
함덕일주동로점,편의점,제주특별자치도,제주시,33.536955679203,126.657193330505
여누카페,카페,제주특별자치도,제주시,33.4322071248477,126.673671015158
조금만천천히,카페,제주특별자치도,제주시,33.5354397079865,126.63466616092
준인베스트먼트지점,편의점,제주특별자치도,서귀포시,33.3049703350934,126.31635204442
카페희상,카페,제주특별자치도,서귀포시,33.3299445585159,126.838223708489
주파수,카페,제주특별자치도,제주시,33.497477535641,126.536155999665
밀팟제주,카페,제주특별자치도,제주시,33.4841641003968,126.529803524295
씨유제주벤처오름점,편의점,제주특별자치도,제주시,33.4545640860538,126.571954395541
파랑카페,카페,제주특별자치도,제주시,33.4231100238681,126.404399383343
카페아오오,카페,제주특별자치도,서귀포시,33.3790853715325,126.879959016774
블루샥제주,카페,제주특별자치도,제주시,33.4920482779083,126.535711486628
돌이삼구,카페,제주특별자치도,서귀포시,33.3252571716056,126.832239392311
위드유,카페,제주특별자치도,제주시,33.4726336376245,126.486854882397
하를,카페,제주특별자치도,서귀포시,33.2663339836978,126.59899855087
바람의향기가전해주는하루는..,카페,제주특별자치도,제주시,33.5120898133194,126.530696540982
씨유제주,편의점,제주특별자치도,제주시,33.5352995758452,126.636066322217
지에스25도남성환점,편의점,제주특별자치도,제주시,33.4956716558942,126.528277835803
클레망스,카페,제주특별자치도,제주시,33.4879455750713,126.538003744973
씨유제주탑동,편의점,제주특별자치도,제주시,33.5147154288826,126.524127497898
커뮤니티라운지,카페,제주특별자치도,제주시,33.5128020372804,126.528314052255
씨유제주,편의점,제주특별자치도,제주시,33.4787135245679,126.48761519533
에이바우트커피삼화점,카페,제주특별자치도,제주시,33.515415305125,126.572666724949
세븐일레븐제주못,편의점,제주특별자치도,제주시,33.3931809468331,126.277796517338
GS25제주보목점,편의점,제주특별자치도,서귀포시,33.2422633048719,126.599891767986
더벤티커피고성교차로점,카페,제주특별자치도,서귀포시,33.4471040438347,126.913292280813
씨유제주당케점,편의점,제주특별자치도,서귀포시,33.3250909264048,126.843012015341
카페서연의집,카페,제주특별자치도,서귀포시,33.2694338664046,126.655569771359
엠소마앤엠단테성산점,카페,제주특별자치도,서귀포시,33.4602958384298,126.929446529666
카페단단,카페,제주특별자치도,제주시,33.5125870366547,126.521620593371
Cafe오름Jeju,카페,제주특별자치도,서귀포시,33.3723335999536,126.855833017707
깅코,카페,제주특별자치도,제주시,33.4908350321484,126.488609090352
더벤티제주외도점,카페,제주특별자치도,제주시,33.4912304548443,126.430436166194
카페인,카페,제주특별자치도,서귀포시,33.3271284717465,126.835930481141
개스토랑,카페,제주특별자치도,제주시,33.4984431837574,126.512906414789
씨유서귀사계,편의점,제주특별자치도,서귀포시,33.2313417612191,126.298022229588
꽃썸,카페,제주특별자치도,서귀포시,33.3097332702025,126.340153064056
베메로,카페,제주특별자치도,서귀포시,33.2496925921646,126.411555470693
공차제주아라점,카페,제주특별자치도,제주시,33.4730511911373,126.545312300962
메가엠지씨커피제주,카페,제주특별자치도,제주시,33.4916093421456,126.592938116568
더콘월티룸,카페,제주특별자치도,서귀포시,33.2591106346566,126.278966099784
모슬포3호텔커피숍,카페,제주특별자치도,서귀포시,33.2177388910874,126.250536860533
카페베네제주점,카페,제주특별자치도,제주시,33.4824401282528,126.48183702564
망고홀릭,카페,제주특별자치도,제주시,33.4944124878566,126.902581048934
오케이인터내셔널,편의점,제주특별자치도,서귀포시,33.2798714217098,126.290935864742
현애원/카페이스틀리,카페,제주특별자치도,서귀포시,33.4560715560727,126.908400034179
그리트커피,카페,제주특별자치도,제주시,33.47518432446,126.549249510419
토르토니,카페,제주특별자치도,서귀포시,33.2519055337905,126.560926406326
러움,카페,제주특별자치도,제주시,33.5159076655521,126.949486332322
로빙화,카페,제주특별자치도,서귀포시,33.275125068144,126.70925992823
파생,카페,제주특별자치도,제주시,33.5076369084102,126.535735882794
씨유제주북성로점,편의점,제주특별자치도,제주시,33.5155939916574,126.51817050901
공차제주,카페,제주특별자치도,제주시,33.4980682684211,126.530223388717
미니편의점,편의점,제주특별자치도,서귀포시,33.2257045256247,126.252764634146
수망일기,카페,제주특별자치도,서귀포시,33.3303743726761,126.712062466609
60빈스,카페,제주특별자치도,서귀포시,33.2415568861725,126.536643094606
하도미술관,카페,제주특별자치도,제주시,33.5102063113232,126.889152771817
우디글레이드,카페,제주특별자치도,서귀포시,33.2427169975907,126.563225626306
한남307,카페,제주특별자치도,서귀포시,33.3140333534085,126.699143862309
무인카페서반,카페,제주특별자치도,제주시,33.5123815460623,126.538756485963
아임마운틴,카페,제주특별자치도,서귀포시,33.4189220062878,126.84246706825
씨유제주애월항점,편의점,제주특별자치도,제주시,33.4663373200966,126.324468132615
씨유서귀포세기점,편의점,제주특별자치도,서귀포시,33.2531187737349,126.575364487555
애월파라다이스리조트;카페호나,카페,제주특별자치도,제주시,33.4348822719483,126.396404489521
가는곶세화,카페,제주특별자치도,제주시,33.5205008958159,126.860679152973
어린왕자감귤밭,카페,제주특별자치도,서귀포시,33.2533027715812,126.281825320497
크래커스,카페,제주특별자치도,서귀포시,33.2632893708874,126.279704484429
에이바우트커피도련점,카페,제주특별자치도,제주시,33.516130381755,126.581413961127
디저트39제주연동,카페,제주특별자치도,제주시,33.4799225098404,126.490007334733
달보드레2,카페,제주특별자치도,제주시,33.5098944115016,126.56144678611
서광리일이삼카페,카페,제주특별자치도,서귀포시,33.2859033939474,126.333333232341
꼬엥,카페,제주특별자치도,제주시,33.511991691168,126.523884097248
희망써니트농장,카페,제주특별자치도,제주시,33.4948058859225,126.54755525012
스테이위드커피,카페,제주특별자치도,서귀포시,33.2278008286577,126.303264264559
구닮,카페,제주특별자치도,서귀포시,33.2364367807338,126.312712341316
카페인섭지코지,카페,제주특별자치도,서귀포시,33.4370210336728,126.922400081263
GS25성산오조점,편의점,제주특별자치도,서귀포시,33.4689557711473,126.921887531488
툇마루커피,카페,제주특별자치도,서귀포시,33.3873870170943,126.801016218104
세븐제주펠리체점주,편의점,제주특별자치도,제주시,33.4901296041494,126.485901651343
무수천마트,편의점,제주특별자치도,제주시,33.460729830757,126.44438262696
에피소드,카페,제주특별자치도,제주시,33.4854164200506,126.413301853778
지에스25한라,편의점,제주특별자치도,제주시,33.4902697445274,126.484910877809
이큐티,카페,제주특별자치도,제주시,33.4723869593631,126.548586233657
오크라,카페,제주특별자치도,서귀포시,33.3642175664163,126.820184117878
씨유제주삼도점,편의점,제주특별자치도,제주시,33.5001749456922,126.517696354042
블루하우스호텔케니,카페,제주특별자치도,서귀포시,33.2262250500843,126.252363285556
스노우빈,카페,제주특별자치도,제주시,33.4322760568824,126.679359209054
제주벨미신비의도로점,편의점,제주특별자치도,제주시,33.4499876610095,126.487364724429
씨유제주새길,편의점,제주특별자치도,제주시,33.4840391578454,126.471918004917
카페로드,카페,제주특별자치도,제주시,33.487465147786,126.484755322591
델문도인김녕,카페,제주특별자치도,제주시,33.5634049019109,126.768401952206
씨유서귀무릉점,편의점,제주특별자치도,서귀포시,33.270621185644,126.203149840551
세븐일레븐제주애월한담점,편의점,제주특별자치도,제주시,33.463156741734,126.310100213882
메가엠지씨커피516도로점,카페,제주특별자치도,서귀포시,33.2700141250991,126.585704706702
델문도제주도립미술관점,카페,제주특별자치도,제주시,33.4525487912154,126.48969437998
씨유제주애월포구점,편의점,제주특별자치도,제주시,33.4729031475765,126.350193394833
씨유제주성읍점,편의점,제주특별자치도,서귀포시,33.3927515916851,126.800982498242
그대가사는시간,카페,제주특별자치도,서귀포시,33.2478802287594,126.583341146686
고토,카페,제주특별자치도,제주시,33.4809942524675,126.380893084613
씨유화북,편의점,제주특별자치도,제주시,33.5200158686426,126.565593677374
재클린디저트모슬포점,카페,제주특별자치도,서귀포시,33.2181444238746,126.252002953751
스테이굿무드,카페,제주특별자치도,제주시,33.5064157387157,126.513539780066
잔디공장,카페,제주특별자치도,서귀포시,33.377428773725,126.873287703622
보롬왓,카페,제주특별자치도,서귀포시,33.4134916666683,126.752491484429
업소명없음,카페,제주특별자치도,제주시,33.5130781609802,126.522726492186
이매커피,카페,제주특별자치도,서귀포시,33.2546289232263,126.508060983469
허커피로스터스,카페,제주특별자치도,제주시,33.4834529989717,126.474008890388
어보브앤비욘드,카페,제주특별자치도,제주시,33.4618077160071,126.310702514546
카페귤한가,카페,제주특별자치도,제주시,33.3882782149845,126.262790536118
빌레못,카페,제주특별자치도,제주시,33.4423739343596,126.324610909064
세븐일레븐서귀포대정주공점,편의점,제주특별자치도,서귀포시,33.2277159225558,126.252897719816
지에스25색달,편의점,제주특별자치도,서귀포시,33.2618769609087,126.412289427561
빽다방신,카페,제주특별자치도,서귀포시,33.2547177674872,126.507727814529
앙데팡당,카페,제주특별자치도,제주시,33.4736245244166,126.353662882288
에스피피,카페,제주특별자치도,서귀포시,33.4352445864084,126.921971516563
동백정원,카페,제주특별자치도,서귀포시,33.2496360396385,126.446366072505
딕시,카페,제주특별자치도,서귀포시,33.254931505489,126.570247577509
까사돌,카페,제주특별자치도,제주시,33.5118469432986,126.523755734389
컴포즈커피제주삼화점,카페,제주특별자치도,제주시,33.514433081421,126.575437727387
소,카페,제주특별자치도,제주시,33.4935426092596,126.959657566234
여러분,카페,제주특별자치도,제주시,33.4173038004386,126.264889089515
씨유제주크라운점,편의점,제주특별자치도,제주시,33.4836986316605,126.489630143416
지에스25노형,편의점,제주특별자치도,제주시,33.4765129885329,126.485282779377
파이굽는돌담집,카페,제주특별자치도,제주시,33.4722578207395,126.540432273712
먹,편의점,제주특별자치도,서귀포시,33.3077306008682,126.336560286053
맘앤맘스,카페,제주특별자치도,제주시,33.4113379239127,126.262294766157
커피를부탁해,카페,제주특별자치도,제주시,33.541110345772,126.66984930038
뷰스트,카페,제주특별자치도,서귀포시,33.2277749827471,126.303479026948
모레기동타잔,카페,제주특별자치도,서귀포시,33.2916550134295,126.591711182465
서귀피안,카페,제주특별자치도,서귀포시,33.2484250287076,126.52883792088
에이바우트,카페,제주특별자치도,제주시,33.4521377055114,126.571643647963
다다,카페,제주특별자치도,제주시,33.4933450720566,126.542580646724
쿠주제주오름,카페,제주특별자치도,제주시,33.498360598887,126.528855123958
지에스25서사라점,편의점,제주특별자치도,제주시,33.5034914080183,126.519658155913
씨유제주큐브리조트점,편의점,제주특별자치도,서귀포시,33.2858974786021,126.56365476054
해난디아장,카페,제주특별자치도,제주시,33.5564622767404,126.804807642542
세븐일레븐제주원,편의점,제주특별자치도,제주시,33.4830234930631,126.481198748886
카페봄봄성산점,카페,제주특별자치도,서귀포시,33.4514576161199,126.911577800794
컴플리트커피,카페,제주특별자치도,제주시,33.4806216410382,126.478189765592
차달임,카페,제주특별자치도,제주시,33.4791399524695,126.454443026299
고려다방,카페,제주특별자치도,서귀포시,33.2491112480647,126.566284255312
할리스커피협재해수욕장점,카페,제주특별자치도,제주시,33.3929567236909,126.240244568317
GS25연동,편의점,제주특별자치도,제주시,33.4906871313545,126.489911959726
GS25제주연중점,편의점,제주특별자치도,제주시,33.4888404969785,126.494711032688
씨유제주서호점,편의점,제주특별자치도,서귀포시,33.2509637749371,126.511483205615
제주아모제,카페,제주특별자치도,서귀포시,33.2334409970375,126.512728636591
줄라이앤어거스트,카페,제주특별자치도,제주시,33.3277729415819,126.220104001773
게우지코지인갤러리,카페,제주특별자치도,서귀포시,33.2440350083921,126.618543301519
씨유제주,편의점,제주특별자치도,제주시,33.5017075592258,126.531774941192
에이바우트커피뷰하귀포구점,카페,제주특별자치도,제주시,33.4864569349011,126.408388391256
까페뚜이,카페,제주특별자치도,제주시,33.3988342315436,126.244535933307
팔공티,카페,제주특별자치도,제주시,33.4787128573147,126.487453816528
LA만화,카페,제주특별자치도,서귀포시,33.2522978666142,126.557147111023
셀라돈,카페,제주특별자치도,서귀포시,33.2435860110794,126.564208464241
해비치불턱,카페,제주특별자치도,서귀포시,33.3124967893474,126.837267994725
무인카페등대,카페,제주특별자치도,서귀포시,33.2779638677794,126.720467834389
카페물썹,카페,제주특별자치도,서귀포시,33.3523095510935,126.864740106692
볼수록제주,카페,제주특별자치도,제주시,33.4683067863344,126.393225334653
세븐일레븐서귀포한국콘도점,편의점,제주특별자치도,서귀포시,33.2476144770119,126.412535132599
월림공간올드보이,카페,제주특별자치도,제주시,33.3422748361892,126.268205601931
더벤티제주삼화점,카페,제주특별자치도,제주시,33.516766714384,126.580291480691
에어그라운드,카페,제주특별자치도,서귀포시,33.2820501021518,126.746561796336
씨유제주원,편의점,제주특별자치도,제주시,33.486414110139,126.485676129325
씨유봄그리고가을리조트점,편의점,제주특별자치도,서귀포시,33.4741417151883,126.911027603586
조식,카페,제주특별자치도,제주시,33.4105310861115,126.333188960354
씨유제주국기점,편의점,제주특별자치도,제주시,33.4807348899729,126.49243413119
워터라이프,카페,제주특별자치도,서귀포시,33.2496258912721,126.515203473727
씨유제주동복점,편의점,제주특별자치도,제주시,33.5532557897007,126.709839230022
말랑제주,카페,제주특별자치도,서귀포시,33.2561054398435,126.523720697976
바다의별,카페,제주특별자치도,제주시,33.5535192642563,126.706866318353
더리터제주;온다제주,카페,제주특별자치도,제주시,33.5082022613747,126.532633256277
협동조합꿈꾸는문화놀이터뜻제주지부,카페,제주특별자치도,제주시,33.5559577744873,126.793921764048
세븐일레븐제주노형백두점,편의점,제주특별자치도,제주시,33.4864463292445,126.484750595797
세븐일레븐제주용담,편의점,제주특별자치도,제주시,33.5072870694441,126.515020116241
세븐일레븐서귀포노블휘닉스점,편의점,제주특별자치도,서귀포시,33.2503551156641,126.57137525434
씨유제주선사로점,편의점,제주특별자치도,제주시,33.5279624736721,126.59046415341
씨유제주제원어반점,편의점,제주특별자치도,제주시,33.4895910434097,126.488659443297
너와의첫여행,카페,제주특별자치도,제주시,33.4506198561252,126.384539939163
남쪽바람,카페,제주특별자치도,서귀포시,33.2871462054684,126.726192737845
카페쏘해피,카페,제주특별자치도,제주시,33.5029619343795,126.517971467342
씨유서귀문부로점,편의점,제주특별자치도,서귀포시,33.2521878499126,126.569466910385
써니봉,카페,제주특별자치도,제주시,33.4906434461933,126.592576782808
커피볶는집오즈비,카페,제주특별자치도,서귀포시,33.2489853715052,126.508221372546
다니쉬,카페,제주특별자치도,제주시,33.5421305934552,126.66368681254
토끼썸,카페,제주특별자치도,제주시,33.5219352233337,126.89859968475
닻별,카페,제주특별자치도,제주시,33.3892393107988,126.232452654359
지에스25강정LH점,편의점,제주특별자치도,서귀포시,33.2532532840242,126.502230949954
우도언니,편의점,제주특별자치도,제주시,33.5069746972747,126.954420753616
씨유성산,편의점,제주특별자치도,서귀포시,33.4728178780135,126.901142093344
나무아래,카페,제주특별자치도,서귀포시,33.4675749932702,126.93524975753
세븐카페,카페,제주특별자치도,서귀포시,33.2068331635019,126.28961622907
해안골프클럽카페,카페,제주특별자치도,제주시,33.4608362458577,126.456181953731
지에스25오라연미점,편의점,제주특별자치도,제주시,33.4876844748902,126.509932340407
지에스25연동,편의점,제주특별자치도,제주시,33.4833787288868,126.495173125371
카페도도다,카페,제주특별자치도,제주시,33.5357450758121,126.659566629569
호끌랑,카페,제주특별자치도,서귀포시,33.2562751648801,126.557459724334
텐저린,카페,제주특별자치도,서귀포시,33.2362833605016,126.508710926494
무무,카페,제주특별자치도,제주시,33.4580946875589,126.710984860217
화신다발,카페,제주특별자치도,서귀포시,33.246839543297,126.335593601257
라라라카페,카페,제주특별자치도,제주시,33.4954412103719,126.531701065869
제주설심당모슬포점,카페,제주특별자치도,서귀포시,33.2208775747386,126.250713911395
경보,카페,제주특별자치도,제주시,33.4698237775036,126.514486609542
지에스25중문시티,편의점,제주특별자치도,서귀포시,33.2509085312806,126.424778392147
하도1940,카페,제주특별자치도,제주시,33.5276461571248,126.88249924505
맨날맨날모드락,카페,제주특별자치도,서귀포시,33.2348968465195,126.365670891424
노기다길직업재활센터,카페,제주특별자치도,제주시,33.4751021223056,126.515511497437
세븐일레븐서귀포솔동산점,편의점,제주특별자치도,서귀포시,33.2413637073023,126.562985572592
고궁,카페,제주특별자치도,제주시,33.5011665385575,126.529378005456
늘봄커피편의점,카페,제주특별자치도,제주시,33.4794720060627,126.47283870883
세븐일레븐제주연동,편의점,제주특별자치도,제주시,33.4775417040667,126.48767588703
비아제주,카페,제주특별자치도,제주시,33.4927090244429,126.494882254196
씨유제주명도암점,편의점,제주특별자치도,제주시,33.4660345879908,126.610904149138
법인국제리더스,편의점,제주특별자치도,제주시,33.5515393189935,126.652483985711
더밴티서귀포광진빌점,카페,제주특별자치도,서귀포시,33.2642819563936,126.555025997366
GS25제대,편의점,제주특별자치도,제주시,33.4497381225246,126.558415649621
그루,카페,제주특별자치도,제주시,33.4357294649264,126.554002374216
지에스25탐라스테이점,편의점,제주특별자치도,제주시,33.4869238758721,126.391244853714
세븐일레븐제주함덕일주점,편의점,제주특별자치도,제주시,33.536955679203,126.657193330505
씨유제주라마다호텔점,편의점,제주특별자치도,제주시,33.5188125544066,126.51814190137
수애기베이커리,카페,제주특별자치도,서귀포시,33.2222175892454,126.244191113064
카페봄봄세화점,카페,제주특별자치도,제주시,33.5245319250153,126.853621827423
하논무인카페,카페,제주특별자치도,서귀포시,33.2442224692876,126.563153758524
레몬비서호,편의점,제주특별자치도,서귀포시,33.2496323959703,126.514559595363
디티이커피,카페,제주특별자치도,제주시,33.5045048668731,126.537205485631
달달한구,카페,제주특별자치도,서귀포시,33.2425797192801,126.562646895784
아일랜드팩토리풍류,카페,제주특별자치도,제주시,33.5105110859681,126.523364828892
엔제리너스제주,카페,제주특별자치도,제주시,33.4955255213554,126.532539966535
카페까르네,카페,제주특별자치도,제주시,33.5159019228739,126.868177996173
씨유제주하도점,편의점,제주특별자치도,제주시,33.5186037489041,126.883178836509
장제현커피,카페,제주특별자치도,서귀포시,33.2498654791815,126.408088308253
로비나발리,카페,제주특별자치도,제주시,33.4443521587054,126.285072933069
더3스페이스,카페,제주특별자치도,제주시,33.3994080337831,126.380666123375
양지다방,카페,제주특별자치도,서귀포시,33.2214417850354,126.253079779781
올레하우스편의점,편의점,제주특별자치도,서귀포시,33.2493721588553,126.29928380461
로우하이,카페,제주특별자치도,제주시,33.4633594098491,126.339023713398
카페조아,카페,제주특별자치도,제주시,33.489753654515,126.502022679582
오마이살롱,카페,제주특별자치도,서귀포시,33.2565545996355,126.306716982363
쿠마리카페,카페,제주특별자치도,서귀포시,33.241587923087,126.333122608835
지에스25한림금능점,편의점,제주특별자치도,제주시,33.3866198588252,126.231669628969
해브어싯,카페,제주특별자치도,서귀포시,33.2577314974025,126.524538216071
FunFun도채비휴게소,카페,제주특별자치도,제주시,33.4514304039576,126.487410013375
토투가,카페,제주특별자치도,제주시,33.4428384491333,126.289946275215
씨유서귀일주대로점,편의점,제주특별자치도,서귀포시,33.2828639615984,126.718348180003
카치토,카페,제주특별자치도,제주시,33.4740715859193,126.483575891335
GS25이호해수욕장점,편의점,제주특별자치도,제주시,33.4998510421271,126.456852839878
투썸플레이스서귀포,카페,제주특별자치도,서귀포시,33.2518163780675,126.510480481111
혜안,카페,제주특별자치도,제주시,33.45040123184,126.453321641703
무인카페솔정,카페,제주특별자치도,제주시,33.5336015582288,126.83873897881
김녕에사는김영훈,카페,제주특별자치도,제주시,33.5542645947287,126.746340486695
이반다방,카페,제주특별자치도,서귀포시,33.2207578165897,126.253289404475
대정로스터리카페,카페,제주특별자치도,서귀포시,33.2466129584418,126.283414452252
오델로,카페,제주특별자치도,서귀포시,33.2791751942489,126.717866243184
제주공간,카페,제주특별자치도,제주시,33.4857480010507,126.483764837008
카페봄봄용담점,카페,제주특별자치도,제주시,33.5125846386517,126.509479877787
세븐일레븐서귀포산방,편의점,제주특별자치도,서귀포시,33.2376133457817,126.307016723003
전농로일공일,카페,제주특별자치도,제주시,33.5045095945637,126.524172597286
키친테왁,카페,제주특별자치도,제주시,33.5078014545296,126.546077748044
용담마을협동조합,카페,제주특별자치도,제주시,33.5106949864019,126.517304349323
오라디오라,카페,제주특별자치도,서귀포시,33.2350501227454,126.3081634638
제주아이푸드,카페,제주특별자치도,제주시,33.5117385719037,126.526059601217
씨유제주중문,편의점,제주특별자치도,서귀포시,33.2562519157446,126.433897312026
도린곁,카페,제주특별자치도,제주시,33.473542768157,126.501964814433
씨유제주해밀타운점,편의점,제주특별자치도,제주시,33.5435527224904,126.659514485766
씨유제주대흘점,편의점,제주특별자치도,제주시,33.49337856982,126.666006043368
칼디의선물,카페,제주특별자치도,제주시,33.5001362454819,126.501091554769
등머울카페,카페,제주특별자치도,제주시,33.5147957890358,126.967784897092
봉자커피,카페,제주특별자치도,제주시,33.4880024275328,126.598302742529
세븐일레븐제주도두점,편의점,제주특별자치도,제주시,33.5047768624162,126.463785121692
지에스25서귀도순점,편의점,제주특별자치도,서귀포시,33.2524866024581,126.473690734154
제주삼화백다방,카페,제주특별자치도,제주시,33.5172873440624,126.587662087012
망고레이천지연폭포점,카페,제주특별자치도,서귀포시,33.2433717084658,126.559681479917
아이엠셀럽커피,카페,제주특별자치도,제주시,33.3890918822578,126.226134373914
위드비키,카페,제주특별자치도,제주시,33.4958664054024,126.440725546815
지에스25제주,편의점,제주특별자치도,제주시,33.4983833705664,126.530103312346
띠아모북,카페,제주특별자치도,제주시,33.4888377805081,126.476677121925
GS25신,편의점,제주특별자치도,서귀포시,33.254571300245,126.507170607941
신제주빠빠라기,카페,제주특별자치도,제주시,33.4880109732976,126.490293489464
cu서귀강정이어도로점;레지나,편의점,제주특별자치도,서귀포시,33.236663818921,126.500104047591
씨유서부관광점,편의점,제주특별자치도,제주시,33.4631147279172,126.451509989678
씨유제주에코,편의점,제주특별자치도,제주시,33.4858717543473,126.483172317603
세븐일레븐서귀포코델리아점,편의점,제주특별자치도,서귀포시,33.4549278802115,126.910272793716
마노르블랑,카페,제주특별자치도,서귀포시,33.2548296421747,126.294979967986
GS25제주성산항점,편의점,제주특별자치도,서귀포시,33.4693572759399,126.92991253393
비치스브류,카페,제주특별자치도,제주시,33.5439312869563,126.672853340681
월정리카페스쿠버스,카페,제주특별자치도,제주시,33.552474754992,126.792207134017
에바,카페,제주특별자치도,제주시,33.4907266684473,126.430676190915
코코메아,카페,제주특별자치도,제주시,33.3596950189274,126.202543109729
씨유서귀논짓물점,편의점,제주특별자치도,서귀포시,33.2367482879201,126.387888077588
씨유제주성화로점,편의점,제주특별자치도,제주시,33.5113323248185,126.505171022522
에이바우트커피연북로점,카페,제주특별자치도,제주시,33.4820948329253,126.498720373917
베이크띵스베럴,카페,제주특별자치도,제주시,33.4912293583984,126.538535089151
아이갓에브리씽,카페,제주특별자치도,제주시,33.4882126289508,126.497727487154
에듀테인먼트노크,카페,제주특별자치도,제주시,33.4740733701631,126.609792388468
씨유제주하귀점,편의점,제주특별자치도,제주시,33.4803183517478,126.401135528656
사우다드,카페,제주특별자치도,서귀포시,33.2256101184994,126.253559276394
GS25노형한빛점,편의점,제주특별자치도,제주시,33.4839438597453,126.48137617326
내딸에게,카페,제주특별자치도,제주시,33.467374131328,126.54860146498
더벤티제주용담점,카페,제주특별자치도,제주시,33.5131880504069,126.507044005892
탄탄면공방제주점,카페,제주특별자치도,제주시,33.4856874020762,126.534475779734
씨유서귀씨엘호텔점,편의점,제주특별자치도,서귀포시,33.2468275138731,126.557861446292
해비치바람의집,카페,제주특별자치도,서귀포시,33.3125137786196,126.836473311078
바당카페,카페,제주특별자치도,서귀포시,33.2384329274394,126.439226612148
씨유제주화북진남점,편의점,제주특별자치도,제주시,33.5227288927302,126.56281367854
민박사봉평막국수교래점,카페,제주특별자치도,제주시,33.4370938740001,126.680610440096
이디야커피서귀포,카페,제주특별자치도,서귀포시,33.2556952665259,126.574729598358
레몬비와흘점,편의점,제주특별자치도,제주시,33.4820573568433,126.653912943027
슬로우,카페,제주특별자치도,서귀포시,33.2827453380663,126.717725939112
알베로,카페,제주특별자치도,서귀포시,33.4386125137217,126.85673438347
카페앤틱애월,카페,제주특별자치도,제주시,33.482634622345,126.414170591874
씨유제주영어,편의점,제주특별자치도,서귀포시,33.2957772557533,126.289615494836
에이바우트커피화북,카페,제주특별자치도,제주시,33.5188005306124,126.563543855849
씨유제주한림점,편의점,제주특별자치도,제주시,33.4168899828805,126.265043090978
저바다에누워,카페,제주특별자치도,제주시,33.3672309928674,126.20514983169
씨유제주관덕점,편의점,제주특별자치도,제주시,33.5123367981924,126.522192411118
세븐일레븐제주조천우회로점,편의점,제주특별자치도,제주시,33.5310521595048,126.68507755423
파란상자,카페,제주특별자치도,제주시,33.5411344064956,126.828668866414
달카라멜,카페,제주특별자치도,제주시,33.5401017441483,126.673696793059
씨유제주가령로점,편의점,제주특별자치도,제주시,33.5042189740528,126.537906539525
커피커넥쳐스,카페,제주특별자치도,제주시,33.4825128798924,126.492886412385
먼트커피,카페,제주특별자치도,제주시,33.4848525398326,126.472375731514
안녕돌하르방,카페,제주특별자치도,제주시,33.5388423430241,126.688806779852
에이에이에이,카페,제주특별자치도,서귀포시,33.2794152111305,126.361463291256
투빅커피효돈점,카페,제주특별자치도,서귀포시,33.2607683960756,126.612417669613
씨유중문오션힐스점,편의점,제주특별자치도,서귀포시,33.2470431206524,126.429246071556
지에스25제주월산타운점,편의점,제주특별자치도,제주시,33.4757507420638,126.460801002719
GS25쇠소깍점,편의점,제주특별자치도,서귀포시,33.2505618637908,126.621176205559
루브린,카페,제주특별자치도,서귀포시,33.2723220644016,126.683841376099
꽃향유,카페,제주특별자치도,제주시,33.4570741187869,126.347299800308
청춘다방,카페,제주특별자치도,제주시,33.4911601559504,126.497559824937
한나스토리,카페,제주특별자치도,제주시,33.4910564798946,126.540537441994
마마뜰,카페,제주특별자치도,서귀포시,33.3101940629254,126.333577945024
망고홀릭법환점,카페,제주특별자치도,서귀포시,33.2342634786721,126.51323905857
지그라나다,카페,제주특별자치도,제주시,33.4994587026933,126.464065425601
씨유서귀남원태위로점,편의점,제주특별자치도,서귀포시,33.2799047965257,126.721545834081
볕이드는곳벧디,카페,제주특별자치도,제주시,33.4716185096656,126.487743019353
지에스25서귀서광동리점,편의점,제주특별자치도,서귀포시,33.2892321641258,126.322003532743
에브리씽글데이카페,카페,제주특별자치도,서귀포시,33.2502077937682,126.27518694161
빽다방제주삼도일동점,카페,제주특별자치도,제주시,33.5070613821879,126.519573859628
메가엠지씨커피제주대점,카페,제주특별자치도,제주시,33.4603426942654,126.561449044287
씨유서귀신북로점,편의점,제주특별자치도,서귀포시,33.2583832744374,126.513556074598
랜딩커피,카페,제주특별자치도,서귀포시,33.4355131042593,126.918906477387
티나,카페,제주특별자치도,제주시,33.4259039519926,126.269300252913
집밥뚝딱삼화점,편의점,제주특별자치도,제주시,33.5144892771681,126.57605096263
보네르,카페,제주특별자치도,제주시,33.4932870615433,126.536673336405
GS중문,편의점,제주특별자치도,서귀포시,33.2582397851484,126.426962543928
콩툰,카페,제주특별자치도,서귀포시,33.2550541938073,126.571835224664
지에스25제주원당점,편의점,제주특별자치도,제주시,33.5291054906551,126.59259026431
르토아베이스먼트,카페,제주특별자치도,제주시,33.5329865385963,126.844273700734
소우주,카페,제주특별자치도,서귀포시,33.3212861429014,126.843083274771
공백,카페,제주특별자치도,제주시,33.5526998707165,126.715042094095
씨유제주도두,편의점,제주특별자치도,제주시,33.5026722729631,126.464971135443
스타벅스부동산,카페,제주특별자치도,제주시,33.5166903273771,126.503558276314
씨유서귀강정천점,편의점,제주특별자치도,서귀포시,33.2338763643801,126.484294976734
에이바우트커피서귀포,카페,제주특별자치도,서귀포시,33.2494698132513,126.514485379441
소은,카페,제주특별자치도,제주시,33.5045432301406,126.52120208292
샤론앤이든,카페,제주특별자치도,제주시,33.4836568929245,126.477450682618
씨유제주이도삼성로점,편의점,제주특별자치도,제주시,33.5072952207125,126.526449745697
온월,카페,제주특별자치도,제주시,33.3963836593317,126.264334380117
씨유제주월성로점,편의점,제주특별자치도,제주시,33.5016413094073,126.50544140676
씨유예래반딧불이점,편의점,제주특별자치도,서귀포시,33.2434472900028,126.38604950332
지에스25제주노형중점,편의점,제주특별자치도,제주시,33.4796588084422,126.474365349175
봉성리북까페,카페,제주특별자치도,제주시,33.4153105270399,126.311908664835
정클리언스,카페,제주특별자치도,제주시,33.4925839598376,126.520127293833
지에스25연동달그네,편의점,제주특별자치도,제주시,33.4856946449088,126.490479213598
카페킹,카페,제주특별자치도,제주시,33.4883731430628,126.517707984941
루이,카페,제주특별자치도,제주시,33.4719131415507,126.507041164045
모뉴에트,카페,제주특별자치도,제주시,33.4914639287119,126.902186209008
카페시오,카페,제주특별자치도,제주시,33.4652454869465,126.337664763932
커피마마제주연동점,카페,제주특별자치도,제주시,33.4891932249617,126.490577087361
베짱이컴퍼니,카페,제주특별자치도,제주시,33.4720792190542,126.540895813171
씨유제주516도로점,편의점,제주특별자치도,서귀포시,33.2687518650494,126.585710667134
씨유서귀,편의점,제주특별자치도,서귀포시,33.2410346264919,126.564274772349
도스페이스,카페,제주특별자치도,서귀포시,33.2900611403087,126.302361895661
사막커피로스터스,카페,제주특별자치도,제주시,33.4707428481357,126.540354207386
세븐일레븐서귀올레,편의점,제주특별자치도,서귀포시,33.2494259556093,126.563460523395
춘배네코히,카페,제주특별자치도,서귀포시,33.2464453409689,126.559419270517
반디왓,카페,제주특별자치도,제주시,33.3059058764334,126.262378479355
카페사분의이,카페,제주특별자치도,제주시,33.3510041933306,126.184574360782
씨유제주,편의점,제주특별자치도,제주시,33.50702761325,126.520165976689
석화,카페,제주특별자치도,제주시,33.4916744686435,126.493231150986
빽다방제주일도,카페,제주특별자치도,제주시,33.5120296771657,126.531482564516
리치망고신화월드점,카페,제주특별자치도,서귀포시,33.3049703350934,126.31635204442
셔링,카페,제주특별자치도,제주시,33.5235416148195,126.584133962032
이마고,카페,제주특별자치도,서귀포시,33.3250484383839,126.795250979129
씨유제주청사로점,편의점,제주특별자치도,제주시,33.4906911912124,126.527314889751
씨유제주용화,편의점,제주특별자치도,제주시,33.509779991715,126.504770875696
투썸플레이스제주애월하귀점,카페,제주특별자치도,제주시,33.4886489505867,126.418154348735
세븐일레븐서귀포롯데기숙사점,편의점,제주특별자치도,서귀포시,33.2510866027151,126.395782573352
지에스25서귀위미점,편의점,제주특별자치도,서귀포시,33.2738591005715,126.654929839813
세븐제주오라점,편의점,제주특별자치도,제주시,33.4967305725362,126.519943001284
열두달,카페,제주특별자치도,제주시,33.3223834560579,126.170321447563
레몬비협재,편의점,제주특별자치도,제주시,33.394248097424,126.240588023356
비엔올더타임,카페,제주특별자치도,제주시,33.4842429080411,126.481740214954
강철카페,카페,제주특별자치도,서귀포시,33.2918247156609,126.284290418362
길카페,카페,제주특별자치도,서귀포시,33.3246869026955,126.830586519889
프레질스콘,카페,제주특별자치도,제주시,33.5161161284776,126.527327352307
나의왼손,카페,제주특별자치도,서귀포시,33.3720622757104,126.855113492893
해빙펀,카페,제주특별자치도,제주시,33.4827169130867,126.485515072275
커피를그리다리다커피,카페,제주특별자치도,제주시,33.4831059497853,126.538524372853
씨유제주과원점,편의점,제주특별자치도,제주시,33.4761120563765,126.486436312429
가호,카페,제주특별자치도,제주시,33.484738727524,126.390571531486
씨유서귀포,편의점,제주특별자치도,서귀포시,33.2598999614336,126.560070785733
귤낭,카페,제주특별자치도,제주시,33.474902238167,126.473146101643
벌크커피연북로점,카페,제주특별자치도,제주시,33.4814236886256,126.484565150263
뮤커피,카페,제주특별자치도,제주시,33.4884207048666,126.433101522802
카페인중독제주,카페,제주특별자치도,제주시,33.5048134675053,126.525828297996
세븐일레븐제주신산파크점,편의점,제주특별자치도,제주시,33.5044174281854,126.530737954379
안녕세화씨,카페,제주특별자치도,제주시,33.5265095254801,126.856266666003
바빈스커피모슬포점,카페,제주특별자치도,서귀포시,33.2185768542216,126.251945640561
세븐일레븐제주아라미화점,편의점,제주특별자치도,제주시,33.4693687542935,126.544245001306
제주담다KBS제주점,카페,제주특별자치도,제주시,33.489082766913,126.519350354381
푸른감람나무,카페,제주특별자치도,제주시,33.4811068502715,126.541612098048
씨유제주,편의점,제주특별자치도,제주시,33.4927973516931,126.535911940555
씨유제주이호오광점,편의점,제주특별자치도,제주시,33.4865498298385,126.460346739421
정다운다방,카페,제주특별자치도,제주시,33.5231285456563,126.856283023341
씨유제주캠퍼스점,편의점,제주특별자치도,제주시,33.4603145048557,126.561126487602
씨유서귀포송산점,편의점,제주특별자치도,서귀포시,33.2446510823687,126.564535812996
올디벗구디,카페,제주특별자치도,서귀포시,33.2529634977263,126.473462522311
GS25제주우령점,편의점,제주특별자치도,제주시,33.4906073494235,126.42630829883
바블,카페,제주특별자치도,제주시,33.4987738611503,126.530843736238
GS25연동,편의점,제주특별자치도,제주시,33.4867510745313,126.490860381876
귤랑,카페,제주특별자치도,제주시,33.4804272725997,126.447893463283
GS25제주중앙,편의점,제주특별자치도,제주시,33.4923186414439,126.470479643637
쿠키키cookiki,카페,제주특별자치도,제주시,33.4821246729424,126.405534374997
서쪽하늘,카페,제주특별자치도,제주시,33.2892222763484,126.166201771415
이디야삼도점,카페,제주특별자치도,제주시,33.5045824353528,126.5196844152
섬타르공항드림,카페,제주특별자치도,제주시,33.4875729662291,126.478201880576
리치망고,카페,제주특별자치도,제주시,33.5424888491335,126.669499519961
씨유이호테우,편의점,제주특별자치도,제주시,33.4968902902704,126.451953518627
노닐다,카페,제주특별자치도,제주시,33.4941886504615,126.951016239135
에이치비디프로젝트,카페,제주특별자치도,제주시,33.4799669840149,126.4747508118
백록다방,카페,제주특별자치도,서귀포시,33.248032224866,126.561975907355
세븐제주저온센터주,편의점,제주특별자치도,제주시,33.4844447209048,126.640583006071
씨유제주설촌로점,편의점,제주특별자치도,제주시,33.5246821288302,126.582793693469
지에스25제주아쿠아플라넷,편의점,제주특별자치도,서귀포시,33.4329760445783,126.927791118688
씨유제주남원의귀점,편의점,제주특별자치도,서귀포시,33.3117212014105,126.716623190595
씨유서귀켄싱턴리조트점,편의점,제주특별자치도,서귀포시,33.2336705309805,126.489038287505
세화카페텐더럽,카페,제주특별자치도,제주시,33.5252128901337,126.857711288822
빈센트커피아라점,카페,제주특별자치도,제주시,33.4715903948141,126.545255382169
세븐일레븐서귀포신화역사로점,편의점,제주특별자치도,서귀포시,33.3093057562279,126.327678873002
초원길,카페,제주특별자치도,서귀포시,33.2724573070463,126.365485295625
디트루키친,카페,제주특별자치도,제주시,33.4765933385161,126.540118902443
씨유서귀예래해안로점,편의점,제주특별자치도,서귀포시,33.2556506036644,126.401749990307
에오마르,카페,제주특별자치도,제주시,33.5257406275064,126.586567029956
가치있는생활,카페,제주특별자치도,서귀포시,33.2807270158593,126.278240969228
카페봄봄,카페,제주특별자치도,제주시,33.5351613371551,126.623007843691
오르또,카페,제주특별자치도,서귀포시,33.4689640496784,126.920725680612
CU제주전농로점,편의점,제주특별자치도,제주시,33.5046061497911,126.516509473182
세븐일레븐제주한림일주점,편의점,제주특별자치도,제주시,33.4019361896395,126.267168372469
쉼표,카페,제주특별자치도,제주시,33.3952482032603,126.241955113494
하빌리스,카페,제주특별자치도,제주시,33.5045726889428,126.51717690735
진다방,카페,제주특별자치도,서귀포시,33.2232458004313,126.25773081288
씨유제주부영7차점,편의점,제주특별자치도,제주시,33.5170252333879,126.582087761097
올레시장,카페,제주특별자치도,서귀포시,33.2498940416934,126.563243580751
핸즈커피,카페,제주특별자치도,제주시,33.511894696461,126.538759069196
제주커피집심심,카페,제주특별자치도,제주시,33.480634230072,126.476898600575
팔공티,카페,제주특별자치도,제주시,33.5209097676399,126.584372604129
놀숲제주외도점,카페,제주특별자치도,제주시,33.4860883182057,126.431728714801
우리주택주,카페,제주특별자치도,제주시,33.4729448634793,126.485809508851
한라원얌얌카페,카페,제주특별자치도,제주시,33.394133406117,126.373426916725
세븐일레븐서귀포,편의점,제주특별자치도,서귀포시,33.2473476015267,126.559597161263
협재만덕휴게소,편의점,제주특별자치도,제주시,33.391561482702,126.237666465626
세븐일레븐한림로점,편의점,제주특별자치도,제주시,33.3951328409729,126.242257068443
세븐일레븐서귀포,편의점,제주특별자치도,서귀포시,33.2490231806782,126.566885607524
슬레이트룸커피,카페,제주특별자치도,서귀포시,33.265585388221,126.304499139292
미미끄,카페,제주특별자치도,제주시,33.4904695178894,126.427697281264
블러프커피앤그릴,카페,제주특별자치도,제주시,33.4661494215444,126.508676633953
씨유제주명월점,편의점,제주특별자치도,제주시,33.3856766195897,126.26650952932
가파도로와,카페,제주특별자치도,서귀포시,33.1729239286862,126.267954414272
스윗대디,카페,제주특별자치도,제주시,33.4950409637353,126.547736962775
노기다제주특별자치도의회점,카페,제주특별자치도,제주시,33.490437981805,126.499565412552
헌치카페,카페,제주특별자치도,제주시,33.4549651253249,126.770927903991
씨유제주탑동로점,편의점,제주특별자치도,제주시,33.5167406939378,126.523266086692
오르바,카페,제주특별자치도,서귀포시,33.2403916068887,126.609567691247
씨유제주우성아파트점,편의점,제주특별자치도,제주시,33.5024612518834,126.547784469689
카페비아라테,카페,제주특별자치도,서귀포시,33.2853848668707,126.301304144133
GS25노형에비뉴점,편의점,제주특별자치도,제주시,33.4824022349852,126.483558739508
카페팔레트,카페,제주특별자치도,제주시,33.5109609037368,126.48483136299
마리따,카페,제주특별자치도,제주시,33.4443488713372,126.284502974569
열린까페,카페,제주특별자치도,서귀포시,33.2427065932232,126.61756191875
타임스탬프,카페,제주특별자치도,제주시,33.5348119474083,126.623741439471
바람불어좋은날,카페,제주특별자치도,서귀포시,33.2371382840371,126.297868620489
지에스25연동모디움점,편의점,제주특별자치도,제주시,33.4903834478548,126.488418059553
GS25제주신엄점,편의점,제주특별자치도,제주시,33.4729759923959,126.371310893535
GS25탑동공원점,편의점,제주특별자치도,제주시,33.5175698936615,126.520861237886
카페아로하,카페,제주특별자치도,서귀포시,33.2527775729195,126.570526399762
투썸플레이스곽지과물,카페,제주특별자치도,제주시,33.4493437117272,126.305122448696
자드부팡,카페,제주특별자치도,제주시,33.5123429831861,126.710514024037
지에스25도련해피점,편의점,제주특별자치도,제주시,33.5016937947601,126.59434375579
GS25,편의점,제주특별자치도,제주시,33.5019489496067,126.531235553956
투빅,카페,제주특별자치도,서귀포시,33.2791521283738,126.719626762362
세븐일레븐제주시민회관점,편의점,제주특별자치도,제주시,33.5085404491729,126.524365788592
카페투비,카페,제주특별자치도,제주시,33.5128592775354,126.526774618516
아이앤지,카페,제주특별자치도,제주시,33.4854771345627,126.674891676926
천년의미;영평나인,카페,제주특별자치도,제주시,33.4780216146896,126.568751294112
와산댕댕마실카페,카페,제주특별자치도,제주시,33.498893507645,126.678564995448
애월더선셋,카페,제주특별자치도,제주시,33.45613559567,126.308875870357
카페인사리,카페,제주특별자치도,제주시,33.5391651319378,126.825948831596
미남미녀,카페,제주특별자치도,서귀포시,33.2602263888442,126.412160965605
올인블룸,카페,제주특별자치도,서귀포시,33.3075947844526,126.807715564376
외인다방,카페,제주특별자치도,서귀포시,33.2503331170935,126.562468777401
세븐일레븐서귀포,편의점,제주특별자치도,서귀포시,33.2567687389423,126.572256126205
인더오조,카페,제주특별자치도,서귀포시,33.4691711297633,126.920273662998
씨유서귀라메르점,편의점,제주특별자치도,서귀포시,33.2486666160421,126.557798532739
씨유제주노형길점,편의점,제주특별자치도,제주시,33.4808567143366,126.476208680529
세븐일레븐제주장전,편의점,제주특별자치도,제주시,33.45244930979,126.38076258138
세븐일레븐제주현대오피스텔점,편의점,제주특별자치도,제주시,33.4908655816036,126.487274627167
리듬,카페,제주특별자치도,제주시,33.5138330575029,126.51976246296
옥분상회,카페,제주특별자치도,서귀포시,33.2802392585026,126.717927227443
카페성지,카페,제주특별자치도,제주시,33.5096957417189,126.524693111856
서귀포호텔편의점,편의점,제주특별자치도,서귀포시,33.2731256947559,126.394654067322
앤더스제주,카페,제주특별자치도,서귀포시,33.2715248675447,126.202068319829
지에스25서귀서홍점,편의점,제주특별자치도,서귀포시,33.2598307951477,126.55583200013
멍우주,카페,제주특별자치도,서귀포시,33.2326417291631,126.36723208112
씨유제주신촌동수동점,편의점,제주특별자치도,제주시,33.5174003223066,126.623127957966
카페테리아구상나무,카페,제주특별자치도,서귀포시,33.3072162270515,126.586012070538
프렌즈스크린앤데미다,카페,제주특별자치도,제주시,33.4949998568006,126.551309795777
파인브레드,카페,제주특별자치도,제주시,33.4627387162731,126.33423090939
섭지로카페,카페,제주특별자치도,서귀포시,33.4446101673969,126.918586124624
메가엠지씨커피제주동문,카페,제주특별자치도,제주시,33.5133261613587,126.526266208425
씨오버더썬샤인,카페,제주특별자치도,제주시,33.5367769341804,126.840089622859
콜라,카페,제주특별자치도,제주시,33.4433185660302,126.291921158764
씨유제주토산점,편의점,제주특별자치도,서귀포시,33.3265038377131,126.766710748665
에이엠11,카페,제주특별자치도,제주시,33.4839542947907,126.377859389188
오늘의감정오감,카페,제주특별자치도,제주시,33.5219711058146,126.861215013803
베니스,카페,제주특별자치도,서귀포시,33.2585853438237,126.576153662307
지에스25서귀송악산점,편의점,제주특별자치도,서귀포시,33.2068331635019,126.28961622907
씨유제주우도해변길점,편의점,제주특별자치도,제주시,33.5143417586627,126.957129274105
사우스카페,카페,제주특별자치도,서귀포시,33.2453899582715,126.325915334626
세븐일레븐서귀포산방,편의점,제주특별자치도,서귀포시,33.2489601584325,126.298171125165
엠닷에이(M.ACo.，Ltd.)주,편의점,제주특별자치도,제주시,33.364938900386,126.19921817736
봄봄삼도점,카페,제주특별자치도,제주시,33.5049354290755,126.513106815499
카페하모,카페,제주특별자치도,서귀포시,33.2261065038907,126.247654869642
정은카페,카페,제주특별자치도,서귀포시,33.448016324864,126.915689787655
김한미술관,카페,제주특별자치도,제주시,33.4090490418341,126.287168301499
지에스25금악중앙,편의점,제주특별자치도,제주시,33.3577624912928,126.294376770018
씨유제주애월한담점,편의점,제주특별자치도,제주시,33.4621770556433,126.312270064947
카페밀에드,카페,제주특별자치도,제주시,33.5127783953194,126.510598144533
카페봄봄효돈점,카페,제주특별자치도,서귀포시,33.2635327308858,126.61705261804
지에스25조천상록점,편의점,제주특별자치도,제주시,33.5406741841164,126.639532178166
그리너리,카페,제주특별자치도,서귀포시,33.2615784925791,126.384151900227
보보,카페,제주특별자치도,서귀포시,33.2744323509091,126.65681673661
빽다방서귀포하원점,카페,제주특별자치도,서귀포시,33.2536511108436,126.461385835325
그레이그로브,카페,제주특별자치도,서귀포시,33.2258429850505,126.299814761203
지에스25제주세화,편의점,제주특별자치도,제주시,33.5247275779203,126.859068435763
시시소소,카페,제주특별자치도,제주시,33.472108034871,126.782813619406
리틀포레스트,카페,제주특별자치도,서귀포시,33.2448060643079,126.459283345251
비양놀,카페,제주특별자치도,제주시,33.4289801827669,126.263511120901
차걸신,카페,제주특별자치도,제주시,33.4977778949551,126.527362469177
씨유제주중문자청비점,편의점,제주특별자치도,서귀포시,33.2626202952836,126.426665635889
유앤유,카페,제주특별자치도,제주시,33.4851404541341,126.530497627233
GS서귀오션점,편의점,제주특별자치도,서귀포시,33.2462372933242,126.561780984812
모래알,카페,제주특별자치도,제주시,33.3945200720539,126.240832867829
지에스25예래자스름,편의점,제주특별자치도,서귀포시,33.2564440033873,126.401744582937
씨유서귀위미항점,편의점,제주특별자치도,서귀포시,33.2741619534846,126.656849995826
시인의집,카페,제주특별자치도,제주시,33.5359983386765,126.634545384803
씨유제주연화점,편의점,제주특별자치도,제주시,33.478102485759,126.490297727152
GS25제주세화점,편의점,제주특별자치도,제주시,33.5212742970494,126.85893410092
지에스25외도월대점,편의점,제주특별자치도,제주시,33.4923171731349,126.433452749568
우드앤카페,카페,제주특별자치도,제주시,33.346223246308,126.185564249823
지에스25구남,편의점,제주특별자치도,제주시,33.4881268706789,126.533451284093
봉성프리마,카페,제주특별자치도,제주시,33.4163363273652,126.311545791005
베르앤베르,카페,제주특별자치도,제주시,33.4944669878816,126.671812748097
서늘다방,카페,제주특별자치도,제주시,33.4590029242699,126.702355111576
빽다방서귀포,카페,제주특별자치도,서귀포시,33.2544648280816,126.560548740994
전농로의오후,카페,제주특별자치도,제주시,33.5045163493252,126.521245279184
채색,카페,제주특별자치도,제주시,33.489399336536,126.536177551486
비자림베리멍,카페,제주특별자치도,제주시,33.4920914639313,126.812818228808
길리,카페,제주특별자치도,제주시,33.5566876860376,126.793693889169
평대당,카페,제주특별자치도,제주시,33.5356655104338,126.838196844135
오카소,카페,제주특별자치도,제주시,33.5420146150271,126.664139466625
알14,카페,제주특별자치도,제주시,33.3765027807861,126.214188857986
컵독스커피제주,카페,제주특별자치도,제주시,33.4955403897148,126.526954950187
버터모닝,카페,제주특별자치도,제주시,33.4642563396964,126.422953649722
우연못,카페,제주특별자치도,제주시,33.4667493944109,126.487621061785
다과상점,카페,제주특별자치도,제주시,33.4382330216407,126.403199189629
아하비제주,카페,제주특별자치도,제주시,33.347533708077,126.368894523245
감저,카페,제주특별자치도,서귀포시,33.2297249980955,126.24517789096
제주돌돌,카페,제주특별자치도,제주시,33.4463166843449,126.295940563686
마음에온,카페,제주특별자치도,제주시,33.5145781928198,126.525958011976
리에또,카페,제주특별자치도,제주시,33.4841936116774,126.485054441788
카페몽,카페,제주특별자치도,제주시,33.4740680335047,126.552203068441
더제파,카페,제주특별자치도,제주시,33.5545694147149,126.793978902639
공차제주삼화점,카페,제주특별자치도,제주시,33.5161109310431,126.580994277039
어반르토아,카페,제주특별자치도,제주시,33.4910799286125,126.542000734139
카페옜다,카페,제주특별자치도,서귀포시,33.3789421723267,126.840819719172
담담,카페,제주특별자치도,제주시,33.3390400102805,126.262432268327
지오시까페,카페,제주특별자치도,제주시,33.4516067373916,126.70486492695
빈2020,카페,제주특별자치도,제주시,33.3211733836628,126.167336685852
드숑,카페,제주특별자치도,서귀포시,33.2570572186912,126.57224398878
비마이게스트,카페,제주특별자치도,제주시,33.3979654919355,126.245489335292
메가엠지커피제주삼화지구점,카페,제주특별자치도,제주시,33.5164445148491,126.580992668869
메가커피제주,카페,제주특별자치도,서귀포시,33.2571346639534,126.568562652698
세븐제주삼도서광점,편의점,제주특별자치도,제주시,33.5005738126169,126.522913505168
테오도라,카페,제주특별자치도,제주시,33.4845783140895,126.551557211913
지에스25서귀,편의점,제주특별자치도,서귀포시,33.2512890547411,126.562528399206
포토힐링쉼터,카페,제주특별자치도,서귀포시,33.2750051642357,126.379034270507
우여,카페,제주특별자치도,제주시,33.4998244483284,126.536896787259
GS25서귀,편의점,제주특별자치도,서귀포시,33.2464453409689,126.559419270517
알라운지,카페,제주특별자치도,제주시,33.4906980397868,126.494775566676
어제보다오늘,카페,제주특별자치도,제주시,33.5028538620632,126.456973988353
커피방아,카페,제주특별자치도,제주시,33.5119526514914,126.518449004823
카페봄봄제주,카페,제주특별자치도,제주시,33.5191626918436,126.584972974944
삼양다방,카페,제주특별자치도,제주시,33.5214665755711,126.586415138582
라이드원,카페,제주특별자치도,제주시,33.4820434098836,126.515257672763
케니스토리서귀포브랜치,편의점,제주특별자치도,서귀포시,33.2500984520647,126.564970221798
씨유제주선흘점,편의점,제주특별자치도,제주시,33.5109703072141,126.701962047237
깡,카페,제주특별자치도,서귀포시,33.3533549320089,126.771946456343
봉쥬르봉봉,카페,제주특별자치도,제주시,33.3978575684409,126.245533262702
레몬비안덕상천점,편의점,제주특별자치도,서귀포시,33.308098653068,126.381698995398
드롭탑제주용담해안도로점,카페,제주특별자치도,제주시,33.5199433136572,126.496424717064
카페빠네띠에,카페,제주특별자치도,제주시,33.4946562026827,126.546071030365
아란치오,카페,제주특별자치도,제주시,33.5086212487363,126.470918497666
GS25월산,편의점,제주특별자치도,제주시,33.4717470904556,126.464827765191
도깨비방망이,카페,제주특별자치도,제주시,33.3984914343457,126.251944791573
에이바우트커피,카페,제주특별자치도,제주시,33.5162091715248,126.525723082858
산호다방,카페,제주특별자치도,서귀포시,33.2400614448828,126.564440543665
촐리케이크,카페,제주특별자치도,제주시,33.4939921005826,126.54200692347
산책,카페,제주특별자치도,제주시,33.4669091542476,126.336866828537
제주신서란진흥원,카페,제주특별자치도,제주시,33.5221991965813,126.576433157957
테,카페,제주특별자치도,서귀포시,33.2517973291047,126.437746244064
식물집카페,카페,제주특별자치도,서귀포시,33.2559671957322,126.522938049498
피플,카페,제주특별자치도,제주시,33.5379369172793,126.613801412512
펠릭스,카페,제주특별자치도,서귀포시,33.2442105522274,126.559773844763
빽다방베이커리제주사수점,카페,제주특별자치도,제주시,33.5092855886279,126.476618644162
세븐일레븐제주여중고점,편의점,제주특별자치도,제주시,33.4839044184847,126.539886598037
리치망고우도검멀레점,카페,제주특별자치도,제주시,33.4977554097252,126.967500652938
예향,카페,제주특별자치도,제주시,33.469036078541,126.341788340832
세븐일레븐제주연동이타스점,편의점,제주특별자치도,제주시,33.4842487228084,126.489659195772
봄봄도두점,카페,제주특별자치도,제주시,33.5034241935414,126.465805936484
씨유제주그랜드조선호텔점,편의점,제주특별자치도,서귀포시,33.254218181698,126.411439286911
카페홍리,카페,제주특별자치도,서귀포시,33.2683024766299,126.565008780866
파파카페테리아,카페,제주특별자치도,제주시,33.3402831543376,126.172138932388
애월7일,카페,제주특별자치도,제주시,33.4381181610755,126.331214402516
거문오름,카페,제주특별자치도,제주시,33.4792756092841,126.700532081497
중섭의집,카페,제주특별자치도,서귀포시,33.2472664427034,126.564715991513
요나스,카페,제주특별자치도,제주시,33.3497268350372,126.185015977561
원더러스트제주,카페,제주특별자치도,제주시,33.4724203121652,126.581204675215
지미스베이킹컴퍼니,카페,제주특별자치도,제주시,33.4924876555781,126.549719425451
카페679,카페,제주특별자치도,제주시,33.4477896864293,126.703501197047
카페더라이트,카페,제주특별자치도,서귀포시,33.4656369255695,126.936004216597
씨유제주,편의점,제주특별자치도,제주시,33.4813545296897,126.483113071536
지에스25화순아일랜드점,편의점,제주특별자치도,서귀포시,33.2440193149487,126.335936835568
요석드림,카페,제주특별자치도,제주시,33.4235870137172,126.407987289065
GS25제주,편의점,제주특별자치도,제주시,33.4529582602853,126.571671880812
효재마트로또명당,편의점,제주특별자치도,서귀포시,33.2337794381203,126.311520797548
GS25용담열린점,편의점,제주특별자치도,제주시,33.5079556638022,126.515382311169
달그리안,카페,제주특별자치도,제주시,33.4977465030455,126.967920349761
엠지편의점,편의점,제주특별자치도,제주시,33.4134481366176,126.393897377222
로이셀세화,카페,제주특별자치도,제주시,33.523940594874,126.85680914573
제주카페스르륵,카페,제주특별자치도,서귀포시,33.2322546403034,126.46326579559
토끼네집으로오세요,카페,제주특별자치도,제주시,33.4434299109729,126.295641254965
보메와산,카페,제주특별자치도,제주시,33.4844991289783,126.680178327098
안트레밀,카페,제주특별자치도,제주시,33.4975584906602,126.545840659617
씨유제주서해점,편의점,제주특별자치도,제주시,33.5054041362108,126.541430237215
카페512,카페,제주특별자치도,제주시,33.5007535541807,126.544317349322
와토커피,카페,제주특별자치도,서귀포시,33.2254566773237,126.256542836942
카페준,카페,제주특별자치도,서귀포시,33.2435786625474,126.562116151308
카페커피메딕,카페,제주특별자치도,서귀포시,33.2391107902092,126.429673148567
커피동굴,카페,제주특별자치도,제주시,33.5146099939692,126.539164430561
씨유제주외도점,편의점,제주특별자치도,제주시,33.487679292277,126.430674611929
안녕육지사람,카페,제주특별자치도,제주시,33.5151892794435,126.957171910216
외도339오이디오339,카페,제주특별자치도,제주시,33.4937337068503,126.431711056422
김박사커피밀,카페,제주특별자치도,제주시,33.4924907809429,126.498864928094
지에스25모슬포타운,편의점,제주특별자치도,서귀포시,33.2211942373353,126.253897137119
오멍가멍쉬멍,카페,제주특별자치도,서귀포시,33.1669275820514,126.272474673125
세븐일레븐제주월랑점,편의점,제주특별자치도,제주시,33.4903764817913,126.478098984252
지에스25제주하귀점,편의점,제주특별자치도,제주시,33.4860407795633,126.411877363404
벌크커피한림점,카페,제주특별자치도,제주시,33.4087134519792,126.266713714481
씨유제주고산점,편의점,제주특별자치도,제주시,33.3012479793405,126.179508271413
세븐일레븐서귀포성산,편의점,제주특별자치도,서귀포시,33.4747719876622,126.898202797023
하이디펍,카페,제주특별자치도,서귀포시,33.2455564410941,126.297350656837
화북대표술집,카페,제주특별자치도,제주시,33.5198093365142,126.565831517381
씨유제주중문길점,편의점,제주특별자치도,서귀포시,33.2518450116371,126.422572418976
씨유중흥S점,편의점,제주특별자치도,제주시,33.4773439158353,126.481307914179
오시록,카페,제주특별자치도,제주시,33.4761372190411,126.548480717818
고성리안,카페,제주특별자치도,서귀포시,33.4507832965532,126.914267375998
아띠마루커피랩,카페,제주특별자치도,제주시,33.5003848601956,126.513734940476
이에스리조트클럽,편의점,제주특별자치도,서귀포시,33.2899009707326,126.45624632413
씨유제주도리로점,편의점,제주특별자치도,제주시,33.4990375901542,126.458450598714
지에스25제주도남점,편의점,제주특별자치도,제주시,33.4901036877036,126.529297973838
지에스25동홍,편의점,제주특별자치도,서귀포시,33.2575755717576,126.576169270029
꽃이피다,카페,제주특별자치도,제주시,33.4773294155369,126.477854466776
달콤아재,카페,제주특별자치도,제주시,33.5134312629103,126.957484912469
소랑아시,카페,제주특별자치도,서귀포시,33.255703073631,126.414670207121
씨유효돈,편의점,제주특별자치도,서귀포시,33.2677007172531,126.617850134094
께끼랑까까랑,편의점,제주특별자치도,제주시,33.5157976040295,126.584332470782
사일리커피,카페,제주특별자치도,서귀포시,33.19995585211,126.275890843007
서귀포시장애인단체연합회모커리,카페,제주특별자치도,서귀포시,33.2397733409483,126.56455999719
집밥뚝딱한라초등학교점,편의점,제주특별자치도,제주시,33.4782619826547,126.487434953999
봉카페,카페,제주특별자치도,서귀포시,33.4651577074534,126.93341204964
옹포다방,카페,제주특별자치도,제주시,33.4030233370393,126.251432985185
씨유제주하귀주공점,편의점,제주특별자치도,제주시,33.4818049839705,126.41413313998
메가엠지씨커피제주남녕점,카페,제주특별자치도,제주시,33.4905430311269,126.481261515184
GS25다인리조트,편의점,제주특별자치도,제주시,33.4714481581273,126.351258523913
GS25제주,편의점,제주특별자치도,제주시,33.5094707141581,126.522444942684
씨유제주김녕리점,편의점,제주특별자치도,제주시,33.5544250289468,126.749861269539
더카페,카페,제주특별자치도,제주시,33.5372299467548,126.645726261964
아뜰리에안,카페,제주특별자치도,서귀포시,33.2315029682346,126.505991165274
귀농,카페,제주특별자치도,제주시,33.4960298013287,126.956019141054
공생,카페,제주특별자치도,제주시,33.5082329421247,126.543277235808
지에스25제주구남점,편의점,제주특별자치도,제주시,33.4858002329995,126.535712547922
씨유제주신화빌라스점,편의점,제주특별자치도,서귀포시,33.30137939057,126.317528908912
숨비아일랜드월정리점,카페,제주특별자치도,제주시,33.5555999586778,126.795624038831
유동커피,카페,제주특별자치도,서귀포시,33.2444322508473,126.563839441486
지에스25엔제주탐라,편의점,제주특별자치도,제주시,33.4777814113603,126.495560629745
카페힐,카페,제주특별자치도,서귀포시,33.3115006227915,126.833962412877
더오라,카페,제주특별자치도,제주시,33.4970419453043,126.509664400628
베트로,카페,제주특별자치도,서귀포시,33.2476393642812,126.563072377369
일오구카페,카페,제주특별자치도,서귀포시,33.2647370100303,126.304344877786
지에스25제주곽지점,편의점,제주특별자치도,제주시,33.4488835619889,126.305061588153
커넥,카페,제주특별자치도,서귀포시,33.3243977077207,126.794307381895
카페쿠이,카페,제주특별자치도,제주시,33.4491256529373,126.304823046249
카페연이랑,카페,제주특별자치도,제주시,33.453962246833,126.709664837372
더바당카페,카페,제주특별자치도,제주시,33.467134138575,126.336789814018
써니하우스,카페,제주특별자치도,서귀포시,33.2364361286159,126.312594328087
지에스25제주협재점,편의점,제주특별자치도,제주시,33.3929567236909,126.240244568317
씨유성산동서로점,편의점,제주특별자치도,서귀포시,33.4506467240993,126.912363778593
오버더윈도우,카페,제주특별자치도,서귀포시,33.245198809659,126.56132476873
청연,카페,제주특별자치도,제주시,33.4856874020762,126.534475779734
씨유대정하모리점,편의점,제주특별자치도,서귀포시,33.2202889951656,126.251791619772
컴포즈커피하효점,카페,제주특별자치도,서귀포시,33.2568811257998,126.617843586708
잇츠오케이크,카페,제주특별자치도,제주시,33.4825625304212,126.470270031191
커피앤두제주하귀점,카페,제주특별자치도,제주시,33.4842132356734,126.408651113649
씨유서귀포효돈,편의점,제주특별자치도,서귀포시,33.2611801992245,126.620228875982
모래시계,카페,제주특별자치도,제주시,33.5109204335018,126.524309715886
파스쿠찌제주제원점,카페,제주특별자치도,제주시,33.4874615905701,126.490436586928
커피맛이멜로,카페,제주특별자치도,서귀포시,33.3122854841681,126.366260018134
이디야제주한림점,카페,제주특별자치도,제주시,33.4182470416219,126.26431132741
비브레이브커피로스터즈,카페,제주특별자치도,서귀포시,33.2549209926357,126.518179012422
세븐일레븐제주로얄점,편의점,제주특별자치도,제주시,33.4886407872979,126.492172813605
씨유제주대유,편의점,제주특별자치도,제주시,33.5031423811184,126.551622929133
나이체,카페,제주특별자치도,제주시,33.4751664430209,126.54681819376
세븐일레븐제주한림읍사무소점,편의점,제주특별자치도,제주시,33.4116517839136,126.26809732441
마라와플,카페,제주특별자치도,서귀포시,33.1141521763498,126.267317323511
설빙제주,카페,제주특별자치도,제주시,33.5416103678222,126.668027821042
레몬비하례점,편의점,제주특별자치도,서귀포시,33.2637869607562,126.626528304969
말로나,카페,제주특별자치도,제주시,33.4458157639076,126.29505197613
이디야커피,카페,제주특별자치도,서귀포시,33.2483307587086,126.509126404627
커피랑카페,카페,제주특별자치도,제주시,33.4137849182511,126.264434958853
지에스25성산삼달점,편의점,제주특별자치도,서귀포시,33.3693911107315,126.869226801129
소설다방,카페,제주특별자치도,제주시,33.5010729443523,126.528474534142
지에스25서귀엘지점,편의점,제주특별자치도,서귀포시,33.2487067720372,126.561500394941
씨유제주에코미르점,편의점,제주특별자치도,제주시,33.4858777616156,126.48245137992
아델,카페,제주특별자치도,제주시,33.4240981471498,126.405521600625
레이지,카페,제주특별자치도,제주시,33.5011355182595,126.516636385949
파파스브로트,카페,제주특별자치도,서귀포시,33.2899009707326,126.45624632413
세븐일레븐서귀포동홍현대점,편의점,제주특별자치도,서귀포시,33.2567537115893,126.575765437013
GS25서귀신시가지,편의점,제주특별자치도,서귀포시,33.2521318139646,126.510446529272
카페카약올레,카페,제주특별자치도,제주시,33.563242067859,126.77794412479
메리앤커피,카페,제주특별자치도,제주시,33.5046539959363,126.540939137128
성산해나,카페,제주특별자치도,서귀포시,33.4625157435749,126.932951518012
지에스25중문,편의점,제주특별자치도,서귀포시,33.2516522352234,126.423775546605
갤러리카페꽃담,카페,제주특별자치도,제주시,33.4753918272478,126.357167737166
망고홀릭제주,카페,제주특별자치도,제주시,33.4907135612025,126.491956268387
아뽀밍고,카페,제주특별자치도,서귀포시,33.4599449325353,126.930726860786
여기제주,카페,제주특별자치도,서귀포시,33.2484883140055,126.563475915671
그림앤카페,카페,제주특별자치도,제주시,33.4917493116259,126.591635438354
봄뜨랑,카페,제주특별자치도,서귀포시,33.449963046137,126.914580091461
스윗카페우도,카페,제주특별자치도,제주시,33.4936567375286,126.951102625571
제이아일랜드,카페,제주특별자치도,서귀포시,33.3787966242497,126.879722986328
씨유서귀포신효점,편의점,제주특별자치도,서귀포시,33.2641480586782,126.611951976721
씨유제주서광로점,편의점,제주특별자치도,제주시,33.4996303072742,126.523736551866
토프플러스,편의점,제주특별자치도,제주시,33.516107249188,126.579907178106
저장고,카페,제주특별자치도,서귀포시,33.3454228430127,126.763480512443
몽그레제주,카페,제주특별자치도,제주시,33.5000484640122,126.460768781259
스톤헤이븐,카페,제주특별자치도,제주시,33.4883273896127,126.497124262201
씨유제주이도,편의점,제주특별자치도,제주시,33.5031016606189,126.530884959552
테라피쉬,카페,제주특별자치도,제주시,33.4609586222894,126.562252695557
예래마을사업협동조합,카페,제주특별자치도,서귀포시,33.2458524891569,126.378360630988
제주청소년카페그래,카페,제주특별자치도,제주시,33.3013764629679,126.179850644442
제로포인트트레일,카페,제주특별자치도,제주시,33.5147438558629,126.529207634822
지에스25제주신대로점,편의점,제주특별자치도,제주시,33.4837433171135,126.49836657491
세븐일레븐전농로점,편의점,제주특별자치도,제주시,33.5046082107697,126.521686018422
텀프타운,카페,제주특별자치도,제주시,33.4975306630869,126.535897447379
세렝게티,카페,제주특별자치도,서귀포시,33.2508861204049,126.621067497282
지에스25화순육,편의점,제주특별자치도,서귀포시,33.2465541596979,126.33113199995
봄봄,카페,제주특별자치도,제주시,33.4603145048557,126.561126487602
도이프,카페,제주특별자치도,제주시,33.4946264727297,126.545339447504
정원다방,카페,제주특별자치도,서귀포시,33.2482994202712,126.566180959582
프래그란스,카페,제주특별자치도,제주시,33.4543896602086,126.439937892567
지에스25제주추사관점,편의점,제주특별자치도,서귀포시,33.2499862637541,126.278955197697
GS25노형,편의점,제주특별자치도,제주시,33.4839566778393,126.477986856974
네모의작업실,카페,제주특별자치도,제주시,33.3849089485848,126.233468692165
씨오피원두제주총판점,카페,제주특별자치도,제주시,33.4934050381529,126.488723110424
GS25아라나래점,편의점,제주특별자치도,제주시,33.4713386396419,126.550388251121
지에스25연동바다,편의점,제주특별자치도,제주시,33.4887368593243,126.489223988139
씨유제주고내올레점,편의점,제주특별자치도,제주시,33.4667550946327,126.338406289518
이츠커피,카페,제주특별자치도,제주시,33.4769040000171,126.477458949819
종달리746,카페,제주특별자치도,제주시,33.4918789295476,126.90251932226
미소다방,카페,제주특별자치도,서귀포시,33.4505219037991,126.914375188502
세븐일레븐제주이도아람점,편의점,제주특별자치도,제주시,33.495802450226,126.531860535868
말리가,카페,제주특별자치도,제주시,33.3871406730055,126.249000521825
랩툰,카페,제주특별자치도,제주시,33.4997513537281,126.529460994039
아르커피,카페,제주특별자치도,제주시,33.5281493822461,126.589731250379
더스트롱홀드수,카페,제주특별자치도,제주시,33.487844823324,126.467924480713
카페힐섬2020,카페,제주특별자치도,제주시,33.5395601966485,126.640904143828
세븐일레븐제주신산로점,편의점,제주특별자치도,제주시,33.5128866186105,126.531596339919
드몬아이다,카페,제주특별자치도,제주시,33.4940294355851,126.455404213152
지에스25제주탑동,편의점,제주특별자치도,제주시,33.5163686499076,126.524990292426
곶자왈노크,카페,제주특별자치도,제주시,33.4740733701631,126.609792388468
커피초아,카페,제주특별자치도,제주시,33.5174756331876,126.57666069035
GS25중문,편의점,제주특별자치도,서귀포시,33.2563219189963,126.425569242793
엔일공구,카페,제주특별자치도,제주시,33.5518212366627,126.76936968403
카페신상,카페,제주특별자치도,제주시,33.4972749066542,126.449228532027
호텔샌드,카페,제주특별자치도,제주시,33.3938867577292,126.240472936032
씨유제주공설로점,편의점,제주특별자치도,제주시,33.4973167093817,126.517647637089
씨유제주진군,편의점,제주특별자치도,제주시,33.4767506343365,126.479579314705
지미네커피,카페,제주특별자치도,제주시,33.483397740257,126.493204038986
비엔,카페,제주특별자치도,제주시,33.5049637941233,126.564312861427
법인다락,카페,제주특별자치도,제주시,33.4695545188086,126.340945328277
제주스,카페,제주특별자치도,제주시,33.5128779255781,126.526935963506
수편의점,편의점,제주특별자치도,제주시,33.500799833784,126.542197068588
카페지니,카페,제주특별자치도,서귀포시,33.2648654448381,126.640647864432
휠스,카페,제주특별자치도,제주시,33.5024600194863,126.505006278737
써니의놀이터,카페,제주특별자치도,서귀포시,33.2392208955522,126.440015555925
할렘버거,카페,제주특별자치도,서귀포시,33.2995866334586,126.713280304678
설빙신제주,카페,제주특별자치도,제주시,33.4861804311317,126.490218134452
지에스25제주아로마점,편의점,제주특별자치도,제주시,33.4851600626215,126.49203173317
빈티지무드,카페,제주특별자치도,제주시,33.5056023709553,126.949546131612
카페느슨,카페,제주특별자치도,서귀포시,33.2626268642013,126.475110981382
씨유제주고마로점,편의점,제주특별자치도,제주시,33.512292879762,126.541587634982
카페파스쿠찌,카페,제주특별자치도,제주시,33.5060049338192,126.538123055526
귤당리,카페,제주특별자치도,제주시,33.3630618796735,126.196162489383
여섯번의보름,카페,제주특별자치도,서귀포시,33.2569244848969,126.530455702813
가파리212,카페,제주특별자치도,서귀포시,33.1738378437798,126.270048184013
씨유제주구남,편의점,제주특별자치도,제주시,33.4890623267886,126.535264734603
스쿠피케이크,카페,제주특별자치도,제주시,33.5078960496845,126.509398707391
씨유제주건입현대점,편의점,제주특별자치도,제주시,33.5171153823866,126.536471002175
홍대더브릿지,카페,제주특별자치도,제주시,33.5001188726677,126.528899406407
씨유제주연산홍점,편의점,제주특별자치도,제주시,33.4969175409114,126.538300451218
지에스25대정,편의점,제주특별자치도,서귀포시,33.2213891015043,126.251814436192
세븐일레븐제주,편의점,제주특별자치도,제주시,33.4934501496788,126.536887681809
지에스25퍼시픽랜드점,편의점,제주특별자치도,서귀포시,33.2437337950724,126.415576199635
몬데이,카페,제주특별자치도,제주시,33.4880665071944,126.481943400821
선흘2리마을회오름보러가게앤카페,카페,제주특별자치도,제주시,33.4569132951147,126.714753474998
씨유제주샹그릴라호텔점,편의점,제주특별자치도,제주시,33.4644506233579,126.453900400815
고요새,카페,제주특별자치도,제주시,33.5255158080055,126.586740334952
씨유제주김녕교차로점,편의점,제주특별자치도,제주시,33.5512029351484,126.743786661371
윈드스테이,카페,제주특별자치도,제주시,33.4963210204029,126.441572742223
라꾸르,카페,제주특별자치도,제주시,33.4585403589775,126.351817195617
세븐서귀포서문로점,편의점,제주특별자치도,서귀포시,33.2492806289738,126.558052976998
파스쿠찌,카페,제주특별자치도,제주시,33.5153015492227,126.526503000306
씨유제주아라초교점,편의점,제주특별자치도,제주시,33.4757980069345,126.544480305957
파파엔도터,카페,제주특별자치도,서귀포시,33.2451974677854,126.568674959533
비하이브,카페,제주특별자치도,제주시,33.4775290910123,126.488988523015
탐나는제주이야기,카페,제주특별자치도,제주시,33.5126476632497,126.52802428696
에이바우트커피,카페,제주특별자치도,제주시,33.4894184267832,126.595681467332
제주설심당,카페,제주특별자치도,제주시,33.5194420646503,126.49289706461
이너프,카페,제주특별자치도,제주시,33.4560061706722,126.418964051305
카페동경앤책방,카페,제주특별자치도,제주시,33.4813460281405,126.404851110353
에이바우트커피인화점,카페,제주특별자치도,제주시,33.51028304231,126.539348810704
라피아,카페,제주특별자치도,제주시,33.3985115381776,126.252288579655
보롬창고,카페,제주특별자치도,제주시,33.4978537427451,126.910734320737
제주;길,카페,제주특별자치도,서귀포시,33.24896055819,126.556788371174
투썸플레이스제주대학,카페,제주특별자치도,제주시,33.4691153056164,126.546430140765
아트인명도암,카페,제주특별자치도,제주시,33.4680565409621,126.611658904078
씨유제주무근성점,편의점,제주특별자치도,제주시,33.5142230263274,126.520352287872
카페7,카페,제주특별자치도,제주시,33.5089217584492,126.511147223206
카페연대,카페,제주특별자치도,제주시,33.4949408127513,126.42562331011
끄티탑동,카페,제주특별자치도,제주시,33.5182662981979,126.528478145351
동네,카페,제주특별자치도,제주시,33.4924006460198,126.538324425145
다락,카페,제주특별자치도,제주시,33.4369403163454,126.67701923567
일루올레,카페,제주특별자치도,제주시,33.3444962921036,126.183442660209
세븐일레븐제주이도,편의점,제주특별자치도,제주시,33.5017386685698,126.5328509462
엠츄로,카페,제주특별자치도,제주시,33.4865706277863,126.490829158269
우드스탁,카페,제주특별자치도,제주시,33.5553220970484,126.796615393273
리부아르,카페,제주특별자치도,제주시,33.4819485474852,126.375226973274
오조리카페앤라운지,카페,제주특별자치도,서귀포시,33.4579703360113,126.916024361205
지에스25표선동서로점,편의점,제주특별자치도,서귀포시,33.3126416129749,126.824435151215
렌시아,카페,제주특별자치도,제주시,33.3782892019536,126.25234348181
프리튀르,카페,제주특별자치도,서귀포시,33.2869628152629,126.329149209048
이성필커피,카페,제주특별자치도,제주시,33.4999847409784,126.529190693653
세븐일레븐제주함덕삼다점,편의점,제주특별자치도,제주시,33.5427469389347,126.664890315103
카페베고니아,카페,제주특별자치도,제주시,33.486042232379,126.54505075272
까페더모해,카페,제주특별자치도,서귀포시,33.4617768403773,126.933726585296
어반브루잉,카페,제주특별자치도,제주시,33.5128193242409,126.521070397429
라녹,카페,제주특별자치도,제주시,33.4672817049894,126.317468556229
메가엠지씨커피제주도청점,카페,제주특별자치도,제주시,33.4919526655474,126.497340037968
하르,카페,제주특별자치도,서귀포시,33.2494503375332,126.560144611647
더모아,카페,제주특별자치도,제주시,33.4646820500762,126.51381606392
에브리선데이커피제주점,카페,제주특별자치도,서귀포시,33.2703211052631,126.673630462432
커피핌,카페,제주특별자치도,제주시,33.4869147291466,126.4956045254
설렁설렁,카페,제주특별자치도,제주시,33.4844223397993,126.548330137688
씨유제주와흘점,편의점,제주특별자치도,제주시,33.5028317551419,126.635588832221
순백,카페,제주특별자치도,제주시,33.5014527816401,126.526416992464
무우수커피로스터스,카페,제주특별자치도,제주시,33.5377946886151,126.638359843363
점점,카페,제주특별자치도,제주시,33.5370308136458,126.615248104929
941헤르쯔,카페,제주특별자치도,제주시,33.4853296347134,126.485058478793
도서관가는길커피숍,카페,제주특별자치도,제주시,33.4761516597232,126.514150078718
스콘가게끌림,카페,제주특별자치도,제주시,33.5243845359488,126.582773593297
컴포즈커피연동점,카페,제주특별자치도,제주시,33.4811352148132,126.491119180073
지에스25제주,편의점,제주특별자치도,제주시,33.5112789761505,126.526115921424
블랑로쉐,카페,제주특별자치도,서귀포시,33.1741593632143,126.271064042519
씨유제주영평점,편의점,제주특별자치도,제주시,33.4817703665209,126.560512633827
지오,카페,제주특별자치도,제주시,33.4979083632899,126.526113455459
솜반내풍경,카페,제주특별자치도,서귀포시,33.2532138673941,126.553601204261
씨유제주,편의점,제주특별자치도,제주시,33.5521329734599,126.703985161629
사뿐,카페,제주특별자치도,제주시,33.4922687772636,126.486480838813
씨유제주월광점,편의점,제주특별자치도,제주시,33.4847430510137,126.465759252611
컨벤션편의점,편의점,제주특별자치도,서귀포시,33.2434837312482,126.423818418789
씨유제주여상점,편의점,제주특별자치도,제주시,33.5140694358919,126.536853196646
세븐일레븐제주거문덕이점,편의점,제주특별자치도,제주시,33.4311185445398,126.397419812057
우성다방,카페,제주특별자치도,서귀포시,33.2494320076561,126.565188138079
시월의LIBRA,카페,제주특별자치도,제주시,33.5133170569777,126.538181074358
씨유제주중문,편의점,제주특별자치도,서귀포시,33.2562519157446,126.433897312026
슬로리,카페,제주특별자치도,제주시,33.4342903786324,126.400774426674
커피마마퀸,카페,제주특별자치도,제주시,33.4844212779905,126.470613781247
씨유제주탐라점,편의점,제주특별자치도,제주시,33.4929447558864,126.5440461992
더벤티해비치리조트점,카페,제주특별자치도,서귀포시,33.3248395267852,126.843850190382
카페효주,카페,제주특별자치도,제주시,33.5127348510908,126.520209816509
씨유서귀,편의점,제주특별자치도,서귀포시,33.2527707928809,126.503328256158
베카신,카페,제주특별자치도,제주시,33.4649450783294,126.710209119118
서귀포오름지역자활센터,편의점,제주특별자치도,서귀포시,33.2232549271616,126.256239644282
골목다방,카페,제주특별자치도,서귀포시,33.2212267547913,126.251805091125
봄봄화북점,카페,제주특별자치도,제주시,33.5239347713865,126.567307169143
마더웍스스위밍룸,카페,제주특별자치도,제주시,33.4719671172332,126.552149326425
욜로펜션카페,카페,제주특별자치도,제주시,33.5193479807754,126.888516798957
차귀놀,카페,제주특별자치도,제주시,33.3222611448148,126.166864551216
영재당,카페,제주특별자치도,서귀포시,33.2522106830186,126.557984572593
음부리카페,카페,제주특별자치도,제주시,33.3521290993842,126.257541236853
블레스가든,카페,제주특별자치도,서귀포시,33.2809043234779,126.713051564576
로치아,카페,제주특별자치도,제주시,33.5018589017469,126.466611917682
카페오드리,카페,제주특별자치도,제주시,33.3569048574339,126.297359691397
별세계,카페,제주특별자치도,제주시,33.4073298946945,126.261457909033
미정,카페,제주특별자치도,제주시,33.4893952233368,126.539911363285
컴포즈커피제주,카페,제주특별자치도,제주시,33.4887221741152,126.538333184968
오늘;당근,카페,제주특별자치도,서귀포시,33.3860931789858,126.882270865704
세븐일레븐서귀포송산점,편의점,제주특별자치도,서귀포시,33.2440435110147,126.568712817361
세븐일레븐서귀포,편의점,제주특별자치도,서귀포시,33.4505219037991,126.914375188502
내가좋아하는것들,카페,제주특별자치도,제주시,33.4877914076605,126.489520057675
고미커피,카페,제주특별자치도,서귀포시,33.2556199582079,126.55576745605
씨유제주산방산점,편의점,제주특별자치도,서귀포시,33.2338090831198,126.310361874624
GS25제주일고점,편의점,제주특별자치도,제주시,33.4788382705183,126.480761065923
세븐일레븐서귀포안덕사계점,편의점,제주특별자치도,서귀포시,33.2312595125969,126.296231261851
칠선녀편의점,편의점,제주특별자치도,서귀포시,33.2506380891164,126.415122476462
오브제주,카페,제주특별자치도,서귀포시,33.2603544695824,126.618515316572
더치앤빈,카페,제주특별자치도,제주시,33.4836602020598,126.478236102877
세븐일레븐서귀포스카이힐점,편의점,제주특별자치도,서귀포시,33.2644361878355,126.393232943074
로쿤커피에스프레소바,카페,제주특별자치도,제주시,33.4500109484352,126.367454194306
씨유제주정든점,편의점,제주특별자치도,제주시,33.4894710220162,126.475048527154
이디야커피연동점,카페,제주특별자치도,제주시,33.4896790552776,126.490326757944
산도롱앤드또,카페,제주특별자치도,제주시,33.5131576115575,126.524631130567
벙커하우스,카페,제주특별자치도,서귀포시,33.2404629182457,126.519224003311
세계조가비박물관커피숍,카페,제주특별자치도,서귀포시,33.2474363246466,126.551623981575
레몬비곽지,편의점,제주특별자치도,제주시,33.4512119093299,126.307075771034
씨유제주동부관광점,편의점,제주특별자치도,제주시,33.5346252280612,126.642894700319
피프스페이스,카페,제주특별자치도,제주시,33.5113659048753,126.511359499991
에스알디서귀포지점,카페,제주특별자치도,서귀포시,33.2468464923266,126.560672713957
자키커피,카페,제주특별자치도,제주시,33.5120426753039,126.525422926425
하도록,카페,제주특별자치도,제주시,33.5186671346324,126.883469378046
스페이스플로스,카페,제주특별자치도,제주시,33.4836581757819,126.413270670539
제주감성,카페,제주특별자치도,제주시,33.4967869740286,126.451017957463
신비의사랑,카페,제주특별자치도,제주시,33.4486303119693,126.48616813511
세븐일레븐서귀포라마다점,편의점,제주특별자치도,서귀포시,33.2544743831356,126.519265325188
애플망고1947,카페,제주특별자치도,서귀포시,33.2662332814754,126.25750688948
에피소드,카페,제주특별자치도,제주시,33.305776252533,126.18808791498
스테이잔다,카페,제주특별자치도,제주시,33.4641597837066,126.313760375291
에이에이에이,카페,제주특별자치도,서귀포시,33.2794152111305,126.361463291256
커피비원,카페,제주특별자치도,제주시,33.4835365289827,126.487489964428
티유인,카페,제주특별자치도,제주시,33.5228278139993,126.586365602153
씨유제주성산점,편의점,제주특별자치도,서귀포시,33.4472583170747,126.914733314553
GS25이도프라임점,편의점,제주특별자치도,제주시,33.496468395489,126.531534119501
소심한물고기,카페,제주특별자치도,제주시,33.5562761347339,126.806843326647
씨유서귀코업시티호텔점,편의점,제주특별자치도,서귀포시,33.2744924439264,126.658995468076
그해여름,카페,제주특별자치도,제주시,33.3370003294605,126.227970238524
하늘샐리,카페,제주특별자치도,제주시,33.4946562026827,126.546071030365
유동커피팩토리,카페,제주특별자치도,서귀포시,33.2552738512787,126.559857879808
하올람커피,카페,제주특별자치도,서귀포시,33.2473499146611,126.56538086618
메가엠지씨커피서귀포여중점,카페,제주특별자치도,서귀포시,33.2555178119191,126.544972135594
씨유제주사리탑교차로점,편의점,제주특별자치도,제주시,33.527825587754,126.633083431391
스타다방,카페,제주특별자치도,서귀포시,33.2223930473642,126.255345855589
한아름마트,편의점,제주특별자치도,제주시,33.4145738470873,126.265202361836
제이팩토리,카페,제주특별자치도,서귀포시,33.2880136304778,126.589334136118
수애기베이커리카페,카페,제주특별자치도,서귀포시,33.2222175892454,126.244191113064
바이러닉에스프레소바,카페,제주특별자치도,제주시,33.4976778903974,126.444577156318
오우야에스프레소,카페,제주특별자치도,서귀포시,33.2210134558309,126.250820023009
청자다방서귀포,카페,제주특별자치도,서귀포시,33.2530553247144,126.506857184761
솔트스톤,카페,제주특별자치도,제주시,33.5215181729332,126.580311589738
블리스풀,카페,제주특별자치도,제주시,33.405191319662,126.407338114288
샐러드샌드위치달리는커피제주삼화점,카페,제주특별자치도,제주시,33.5170252333879,126.582087761097
클로피,카페,제주특별자치도,서귀포시,33.236808285391,126.513804331411
조이아지,카페,제주특별자치도,제주시,33.5384340477683,126.670387026036
다올그집,카페,제주특별자치도,제주시,33.5047334592965,126.94185163774
지에스25제주신산리점,편의점,제주특별자치도,서귀포시,33.3819582719515,126.876623475276
뜻밖의발견,카페,제주특별자치도,서귀포시,33.2598652333869,126.509802408317
씨유서귀포,편의점,제주특별자치도,서귀포시,33.2584326520351,126.510057240226
드럼카페,카페,제주특별자치도,제주시,33.5013824425802,126.685798458718
미닝,카페,제주특별자치도,제주시,33.440647772273,126.277489499102
세븐일레븐서귀포상모로점,편의점,제주특별자치도,서귀포시,33.2235569926412,126.260023830211
GS25서귀효돈점,편의점,제주특별자치도,서귀포시,33.2637311782349,126.614164712574
씨유제주,편의점,제주특별자치도,제주시,33.5119123099259,126.531440145152
씨유서귀창천점,편의점,제주특별자치도,서귀포시,33.2627866323225,126.369751521136
오알,카페,제주특별자치도,서귀포시,33.2445876270645,126.534566924246
에끄랑,카페,제주특별자치도,제주시,33.4927096727028,126.543864500894
솔트스톤시티점,카페,제주특별자치도,제주시,33.4979194821326,126.529029693513
난달,카페,제주특별자치도,제주시,33.4670909555614,126.320492847692
구좌상회,카페,제주특별자치도,제주시,33.4856819839347,126.698874542935
씨유제주이호,편의점,제주특별자치도,제주시,33.5023113198617,126.456611476927
세븐일레븐제주삼무파크점,편의점,제주특별자치도,제주시,33.4926756725491,126.491137766382
베큠,카페,제주특별자치도,서귀포시,33.2450096975641,126.56139009443
지에스25노형광평점,편의점,제주특별자치도,제주시,33.4815015749363,126.470954317605
씨유제주서광점,편의점,제주특별자치도,제주시,33.4994692884892,126.521725044659
세븐일레븐제주대자연과학점,편의점,제주특별자치도,제주시,33.4572331874152,126.564293590979
카페구할구제주,카페,제주특별자치도,제주시,33.5545622929619,126.795120368317
지에스25제주하가타운점,편의점,제주특별자치도,제주시,33.4567579865409,126.348904817655
씨유제주용해로점,편의점,제주특별자치도,제주시,33.5129823785787,126.502955194261
이반다방,카페,제주특별자치도,서귀포시,33.2207578165897,126.253289404475
하루엔샐러드,카페,제주특별자치도,서귀포시,33.4420772769679,126.919567149133
라바르,카페,제주특별자치도,서귀포시,33.2458405827678,126.561782964515
구터미널,카페,제주특별자치도,서귀포시,33.251695622159,126.560208479967
크럼블,카페,제주특별자치도,제주시,33.470123561259,126.548479632878
메가엠지씨커피제주표선점,카페,제주특별자치도,서귀포시,33.326241130058,126.833118205236
카페인중독제주,카페,제주특별자치도,제주시,33.4906962258361,126.538215106166
께끼랑까까랑삼화점,편의점,제주특별자치도,제주시,33.5133815884809,126.576422313668
까페소바니,카페,제주특별자치도,제주시,33.4824457403828,126.470367575786
카페토스피아동홍지점,카페,제주특별자치도,서귀포시,33.2571667302986,126.570011269354
세븐일레븐제주이도아람점,편의점,제주특별자치도,제주시,33.495802450226,126.531860535868
카페초가헌,카페,제주특별자치도,서귀포시,33.3903266957934,126.801267474695
레이지데이,카페,제주특별자치도,제주시,33.5578847130078,126.792441863025
씨유도남,편의점,제주특별자치도,제주시,33.496801196191,126.52658221548
날쌘카페제주,카페,제주특별자치도,제주시,33.4880697127059,126.480555341551
리코마망,카페,제주특별자치도,제주시,33.4830199836549,126.469718518771
세븐일레븐제주한동,편의점,제주특별자치도,제주시,33.5368005361642,126.824241746493
씨유제주연북로점,편의점,제주특별자치도,제주시,33.4810266883754,126.508915436912
바이러닉에스프레소제주,카페,제주특별자치도,제주시,33.4976778903974,126.444577156318
세븐일레븐서귀포중앙,편의점,제주특별자치도,서귀포시,33.251178849816,126.564524900557
돈꿀꺽편의점,편의점,제주특별자치도,제주시,33.4131361894733,126.392792223401
그러므로,카페,제주특별자치도,제주시,33.4871508234333,126.535231904752
에이바우트커피,카페,제주특별자치도,제주시,33.5392510278443,126.636911077209
메가엠지씨커피신제주점,카페,제주특별자치도,제주시,33.486043158632,126.489723989877
일이이오브라우니바,카페,제주특별자치도,서귀포시,33.2516527336798,126.427788897089
썬데이지,카페,제주특별자치도,서귀포시,33.2754316961065,126.709291113788
지에스25제주비자숲길점,편의점,제주특별자치도,제주시,33.4931615591255,126.810965071769
지에스25탐라스테이점,편의점,제주특별자치도,제주시,33.4869238758721,126.391244853714
세리메이즈월드주,편의점,제주특별자치도,서귀포시,33.247334840879,126.512662281637
씨유서귀포,편의점,제주특별자치도,서귀포시,33.2474805753684,126.564071101562
찻집지안,카페,제주특별자치도,제주시,33.4407895278556,126.402364374075
애월스톤,카페,제주특별자치도,제주시,33.4242094185825,126.338460405147
롤링브루잉,카페,제주특별자치도,제주시,33.5131025860258,126.529108892971
씨유서귀동광로점,편의점,제주특별자치도,서귀포시,33.3180849326466,126.345792528886
아일랜드플라워,카페,제주특별자치도,서귀포시,33.4243225626651,126.849639843836
세븐일레븐제주,편의점,제주특별자치도,제주시,33.4934501496788,126.536887681809
플로렌스,카페,제주특별자치도,제주시,33.9633724349834,126.29591789902
지에스25서귀홍중점,편의점,제주특별자치도,서귀포시,33.2576788521166,126.55665850037
세븐일세븐서귀포수산리점,편의점,제주특별자치도,서귀포시,33.4466497419806,126.886609449302
세븐일레븐서귀포사계엘린점,편의점,제주특별자치도,서귀포시,33.2466766368392,126.302545829883
세븐일레븐제주우도해안길점,편의점,제주특별자치도,제주시,33.5134312629103,126.957484912469
메가엠지씨커피제주한라대점,카페,제주특별자치도,제주시,33.4761619015656,126.478937322889
세화농부,카페,제주특별자치도,제주시,33.5261115434178,126.855169307568
피앗카페,카페,제주특별자치도,제주시,33.504968829163,126.540743756638
프레젠트,카페,제주특별자치도,제주시,33.4982431906534,126.521742548441
제주팜카페,카페,제주특별자치도,서귀포시,33.2338090831198,126.310361874624
섭지로카페,카페,제주특별자치도,서귀포시,33.4446101673969,126.918586124624
은,카페,제주특별자치도,제주시,33.4914327511108,126.476295658392
에코타운,카페,제주특별자치도,서귀포시,33.2131639114343,126.282003201
예쁘다애월,카페,제주특별자치도,제주시,33.4745749215601,126.375495064849
씨유제주오리엔탈호텔점,편의점,제주특별자치도,제주시,33.5175837988001,126.519795556954
씨유서귀서광로타리점,편의점,제주특별자치도,서귀포시,33.2859628588654,126.30308154605
세븐일레븐이도,편의점,제주특별자치도,제주시,33.5031855637899,126.534005459142
파우제마켓,편의점,제주특별자치도,서귀포시,33.2872104552398,126.57834490441
미깡,카페,제주특별자치도,서귀포시,33.279176756438,126.620236841615
지에스25서귀오일장점,편의점,제주특별자치도,서귀포시,33.2657534958595,126.573575388246
씨유제주유수암길점,편의점,제주특별자치도,제주시,33.4228530057044,126.405325801222
도리관광농원,카페,제주특별자치도,제주시,33.4339445765068,126.672664444141
지에스25삼도서광로점,편의점,제주특별자치도,제주시,33.5001215287097,126.520193322168
넙빌레카페,카페,제주특별자치도,서귀포시,33.269396523826,126.648668470793
백금당제주점,카페,제주특별자치도,제주시,33.4906534830389,126.543713876351
테라스8.9,카페,제주특별자치도,서귀포시,33.2376495282563,126.362679044346
장호,카페,제주특별자치도,제주시,33.4996732459672,126.518517007347
비지에프리테일제주탑동,편의점,제주특별자치도,제주시,33.5167450091631,126.526742698881
라라스토리,카페,제주특별자치도,제주시,33.4544022604981,126.442734322965
씨유서귀색,편의점,제주특별자치도,서귀포시,33.2598373385272,126.41378408577
칼라,카페,제주특별자치도,제주시,33.515618420705,126.576680499818
꼭지,카페,제주특별자치도,제주시,33.5225417808374,126.855659656941
구하나구칠,카페,제주특별자치도,서귀포시,33.263499053143,126.614906272887
길용당,카페,제주특별자치도,제주시,33.4895618852453,126.494739123664
여유로이,카페,제주특별자치도,제주시,33.5084561124152,126.54267335991
삐끄니끄,카페,제주특별자치도,제주시,33.4849565159715,126.497391214795
곤을커피,카페,제주특별자치도,제주시,33.5223650730622,126.559370934312
비금면도고리편의점,편의점,제주특별자치도,제주시,33.5310479603374,126.683430458398
CU제주와산리점,편의점,제주특별자치도,제주시,33.4917829509326,126.672845127479
제주에인감귤밭,카페,제주특별자치도,서귀포시,33.2565597770176,126.539010712366
커피먹는고냉이,카페,제주특별자치도,서귀포시,33.4367225160129,126.920841041702
알토산편의점,편의점,제주특별자치도,서귀포시,33.3070971232449,126.784651716384
모리노코에,카페,제주특별자치도,제주시,33.4870754257196,126.534360754575
코데인커피로스터스,카페,제주특별자치도,서귀포시,33.2350826154073,126.296275737071
디엔에스,카페,제주특별자치도,제주시,33.4639403750128,126.313213502966
동새미,편의점,제주특별자치도,제주시,33.470056357245,126.575385300371
메가엠지씨커피제주무지개,카페,제주특별자치도,제주시,33.5087509123037,126.471724900115
봄봄516점,카페,제주특별자치도,서귀포시,33.2710870101716,126.585688906838
지에스25제주용흥점,편의점,제주특별자치도,제주시,33.512297999793,126.512236828123
구면카페,카페,제주특별자치도,서귀포시,33.3515500224582,126.766203489345
돌셋,카페,제주특별자치도,서귀포시,33.2119946791708,126.29194496174
해안,카페,제주특별자치도,제주시,33.3222611448148,126.166864551216
씨유제주에코비자림점,편의점,제주특별자치도,제주시,33.4949873080328,126.808034110185
바띠,카페,제주특별자치도,서귀포시,33.3050559990993,126.767723518854
씨유제주대경,편의점,제주특별자치도,제주시,33.4572331874152,126.564293590979
업소명없음,편의점,제주특별자치도,제주시,33.4674487628472,126.331580865285
세븐일레븐제주노형,편의점,제주특별자치도,제주시,33.4787891774596,126.484118121456
카페소낭,카페,제주특별자치도,서귀포시,33.254281556449,126.419165330177
아카페라,카페,제주특별자치도,제주시,33.4572331874152,126.564293590979
에이바우트커피,카페,제주특별자치도,제주시,33.5162091715248,126.525723082858
가마우지,카페,제주특별자치도,제주시,33.5172156288411,126.531960501366
카페디크레,카페,제주특별자치도,제주시,33.4676751479985,126.504655478801
브라더와이투케이,카페,제주특별자치도,서귀포시,33.468527417447,126.929246220996
이립,카페,제주특별자치도,제주시,33.3148887628207,126.249320000692
무한의서커피로스터스,카페,제주특별자치도,제주시,33.4046143371881,126.255127922468
지에스25신산공원점,편의점,제주특별자치도,제주시,33.5062644988021,126.535205096674
나무,카페,제주특별자치도,서귀포시,33.2641476230907,126.255506870174
차차커피코제주연동점,카페,제주특별자치도,제주시,33.4861451356391,126.488217024256
수르,카페,제주특별자치도,서귀포시,33.2766289207255,126.192447391199
GS25중문,편의점,제주특별자치도,서귀포시,33.2563219189963,126.425569242793
씨유제주다들점,편의점,제주특별자치도,제주시,33.4931387365306,126.489736175158
투빅커피태흥점,카페,제주특별자치도,서귀포시,33.2939024426781,126.758068989034
세븐일레븐제주신화아띠점,편의점,제주특별자치도,서귀포시,33.2965859725583,126.308311548776
스타벅스,카페,제주특별자치도,제주시,33.5424864895828,126.668616647781
빽다방제주일도인제점,카페,제주특별자치도,제주시,33.505402382645,126.540956710374
스타벅스,카페,제주특별자치도,제주시,33.5124021111853,126.484510694454
카페코지,카페,제주특별자치도,서귀포시,33.4682299051131,126.929278735902
세븐일레븐제주연동디오션점,편의점,제주특별자치도,제주시,33.4841049157128,126.491962575883
지에스25모슬,편의점,제주특별자치도,서귀포시,33.216295950617,126.251975776404
세븐일레븐서귀포동홍,편의점,제주특별자치도,서귀포시,33.2523219308983,126.571741239632
스타벅스,카페,제주특별자치도,제주시,33.393876294909,126.240236567116
커피쿡서귀포,카페,제주특별자치도,서귀포시,33.2590488012389,126.569336672021
더커브,카페,제주특별자치도,제주시,33.4625030408507,126.317419955617
코스튼커피,카페,제주특별자치도,제주시,33.4984299402236,126.528122979024
비올리브,카페,제주특별자치도,서귀포시,33.2524701224507,126.427118247921
노리롱,카페,제주특별자치도,제주시,33.477113184358,126.520277153767
스타벅스,카페,제주특별자치도,제주시,33.5004818737733,126.529521610953
스타벅스,카페,제주특별자치도,제주시,33.4849677283175,126.480433984363
스타벅스,카페,제주특별자치도,서귀포시,33.4497056438077,126.920700184089
지에스25서귀,편의점,제주특별자치도,서귀포시,33.2562582397288,126.557771024422
카페콜코리,카페,제주특별자치도,서귀포시,33.2634282099853,126.62119580119
산정오늘베를린,카페,제주특별자치도,제주시,33.4964434369086,126.701086373462
우미,카페,제주특별자치도,서귀포시,33.2914258758249,126.676160736496
씨유서귀영락해안도로점,편의점,제주특별자치도,서귀포시,33.2487392702573,126.20034399747
컴포즈커피제주공항렌트카점,카페,제주특별자치도,제주시,33.5015021025152,126.488912267526
지에스25열린,편의점,제주특별자치도,서귀포시,33.2544639165781,126.565420768103
테스그릭,카페,제주특별자치도,제주시,33.4800986601683,126.473910814268
씨유제주칠성로점,편의점,제주특별자치도,제주시,33.5139640119188,126.525670754196
위즈,카페,제주특별자치도,제주시,33.4875146601587,126.432128275368
세븐일레븐제주제광점,편의점,제주특별자치도,제주시,33.4990829590549,126.526774261806
오소록제주,카페,제주특별자치도,제주시,33.4982431906534,126.521742548441
지에스25서귀동홍,편의점,제주특별자치도,서귀포시,33.2630016717781,126.567814742172
올댓커피제주,카페,제주특별자치도,제주시,33.4627600622688,126.310103356298
화용다방,카페,제주특별자치도,서귀포시,33.2486490974038,126.563045891675
선갤러리카페,카페,제주특별자치도,제주시,33.4750133961847,126.51357547767
씨유표선남촌점,편의점,제주특별자치도,서귀포시,33.3165786737045,126.828701396305
할리스제주도두해안,카페,제주특별자치도,제주시,33.5090265157926,126.472928635353
씨유서귀토평점,편의점,제주특별자치도,서귀포시,33.2681783112703,126.589480664703
호미,카페,제주특별자치도,제주시,33.5333088981019,126.61869884489
그까페,카페,제주특별자치도,제주시,33.5128570091512,126.521489950493
무제,카페,제주특별자치도,서귀포시,33.282850594297,126.732711486727
씨유제주용,편의점,제주특별자치도,제주시,33.514534146867,126.512288859836
지에스25애월가문동점,편의점,제주특별자치도,제주시,33.4836009871611,126.393893389722
지에스25삼화지구점,편의점,제주특별자치도,제주시,33.5144398774971,126.580076686647
피서지다방,카페,제주특별자치도,서귀포시,33.2506955738501,126.562982052745
씨유제주삼화아빌로스점,편의점,제주특별자치도,제주시,33.5162798259375,126.580283068322
우림,카페,제주특별자치도,제주시,33.4970307702182,126.542087773991
커피공장,카페,제주특별자치도,제주시,33.4439821124596,126.296034705176
세븐일레븐서귀포안덕서광점,편의점,제주특별자치도,서귀포시,33.286296248986,126.334296400269
연수로13,카페,제주특별자치도,제주시,33.5034933043665,126.546476906535
비원당구카페,카페,제주특별자치도,제주시,33.48791007362,126.476897901421
세븐일레븐제주노형파크점,편의점,제주특별자치도,제주시,33.4832549572609,126.482649888855
투빅커피한경조수점,카페,제주특별자치도,제주시,33.3365294582185,126.233463104335
담담히,카페,제주특별자치도,제주시,33.4923963800726,126.51363971109
은가비카페,카페,제주특별자치도,제주시,33.4168087761358,126.310574466472
차귀도노을족욕카페,카페,제주특별자치도,제주시,33.3095350760902,126.166180278969
씨유제주토산점,편의점,제주특별자치도,서귀포시,33.3265038377131,126.766710748665
지에스25제주관광대점,편의점,제주특별자치도,제주시,33.4479433447355,126.435978462751
로그릭,카페,제주특별자치도,서귀포시,33.2518883398108,126.424138848228
편의점,편의점,제주특별자치도,제주시,33.5566174511966,126.750630291494
더벤티서홍점,카페,제주특별자치도,서귀포시,33.2564731759668,126.557362141932
놀멍쉬멍톨카페,카페,제주특별자치도,서귀포시,33.2505469117188,126.515552505243
플레이커피랩,카페,제주특별자치도,서귀포시,33.2505996903643,126.558808227944
씨유서귀정방점,편의점,제주특별자치도,서귀포시,33.247640846253,126.568662957813
세븐일레븐제주애월,편의점,제주특별자치도,제주시,33.4619279369933,126.326008267059
씨유제주일도,편의점,제주특별자치도,제주시,33.508841004387,126.539485602868
카페덕자,카페,제주특별자치도,제주시,33.519802818748,126.582289684142
지에스25협재,편의점,제주특별자치도,제주시,33.3959143310258,126.243260638751
지에스25연동에코티엘점,편의점,제주특별자치도,제주시,33.4890458349606,126.487629675454
씨유대정농공단지점,편의점,제주특별자치도,서귀포시,33.2491175557155,126.220159581255
호랑호랑,카페,제주특별자치도,서귀포시,33.4500307573915,126.921538814997
동네커피,카페,제주특별자치도,서귀포시,33.2609326717688,126.558895808551
씨유제주,편의점,제주특별자치도,제주시,33.5112170427236,126.524071309179
세븐일레븐서귀포라메르점,편의점,제주특별자치도,서귀포시,33.2515787473335,126.509666254461
별,카페,제주특별자치도,제주시,33.5038000691762,126.520205311482
과일로,카페,제주특별자치도,서귀포시,33.3076399007821,126.780527016827
커피한라,카페,제주특별자치도,제주시,33.4769040000171,126.477458949819
까페색동,카페,제주특별자치도,서귀포시,33.3219762492558,126.791252258359
지에스25서귀칠십리점,편의점,제주특별자치도,서귀포시,33.2412294810567,126.565851073193
테라도스,카페,제주특별자치도,제주시,33.4527476300201,126.34239542542
메가엠지씨커피협재해수욕장점,카페,제주특별자치도,제주시,33.3931555889638,126.240328822736
코메트커피,카페,제주특별자치도,제주시,33.4890949329739,126.413309329502
세븐일레븐제주연동,편의점,제주특별자치도,제주시,33.4871222219097,126.495635602259
스푸레무따,카페,제주특별자치도,제주시,33.4673050780843,126.484648739166
무상찻집,카페,제주특별자치도,제주시,33.5009914878123,126.514388007438
씨유서귀평화로점,편의점,제주특별자치도,서귀포시,33.2843783083039,126.353558512143
세븐일레븐제주탑동,편의점,제주특별자치도,제주시,33.5148311805278,126.516764740516
봄봄제주,카페,제주특별자치도,제주시,33.5141153191448,126.537068217366
씨유제주,편의점,제주특별자치도,제주시,33.5211012575686,126.579667754302
봉봉이,카페,제주특별자치도,제주시,33.5172104834722,126.540216243155
브라보커피웍스,카페,제주특별자치도,제주시,33.5215561049048,126.860978861835
스타벅스,카페,제주특별자치도,서귀포시,33.2550684931733,126.415854881731
스타벅스,카페,제주특별자치도,제주시,33.4726972976471,126.348764117174
씨유제주외도도평점,편의점,제주특별자치도,제주시,33.4831448170703,126.446714210987
바람의노래,카페,제주특별자치도,제주시,33.3405859993231,126.270786982886
느랑,카페,제주특별자치도,제주시,33.5078224786865,126.679780444531
씨유제주서해안로점,편의점,제주특별자치도,제주시,33.5180713931132,126.488448882036
너는나의봄,카페,제주특별자치도,서귀포시,33.1746151709504,126.271917977937
세븐일레븐제주소길리점,편의점,제주특별자치도,제주시,33.4299338082683,126.380212840347
씨유제주,편의점,제주특별자치도,서귀포시,33.2908659036875,126.283750732585
지에스25제주,편의점,제주특별자치도,서귀포시,33.4367225160129,126.920841041702
아우아우,카페,제주특별자치도,제주시,33.4882105964259,126.693205962021
스타벅스,카페,제주특별자치도,제주시,33.5133492941843,126.525243582301
지에스25제주방림원,편의점,제주특별자치도,제주시,33.3369423468859,126.267519797117
세븐일레븐서귀포서광리점,편의점,제주특별자치도,서귀포시,33.2892325909526,126.325395918003
새록,카페,제주특별자치도,제주시,33.473836486007,126.550504450369
섬,카페,제주특별자치도,제주시,33.4053336738405,126.228258556093
세븐일레븐제주하귀일주점,편의점,제주특별자치도,제주시,33.4877838676337,126.416330947385
청자다방천지점,카페,제주특별자치도,서귀포시,33.2494161760912,126.558138140394
세븐일레븐제주연동이타스점,편의점,제주특별자치도,제주시,33.4842487228084,126.489659195772
스타벅스,카페,제주특별자치도,서귀포시,33.2918247156609,126.284290418362
할리스,카페,제주특별자치도,제주시,33.4938181215304,126.534034124869
미레이나,카페,제주특별자치도,제주시,33.3524063938928,126.182552342191
스타벅스,카페,제주특별자치도,제주시,33.4803262298789,126.523487165396
스타벅스,카페,제주특별자치도,서귀포시,33.4628687237545,126.93550066901
스타벅스,카페,제주특별자치도,서귀포시,33.3049703350934,126.31635204442
지에스25제주무근성점,편의점,제주특별자치도,제주시,33.5150127374286,126.519400754253
파티세리쥬레,카페,제주특별자치도,제주시,33.4789147714924,126.466924709935
스타벅스,카페,제주특별자치도,제주시,33.5072952104128,126.540817567954
스타벅스,카페,제주특별자치도,서귀포시,33.2067720729017,126.289970657352
스타벅스,카페,제주특별자치도,제주시,33.5166903273771,126.503558276314
멜로우베이킹카페,카페,제주특별자치도,제주시,33.5339413497071,126.676174537544
디스트로,카페,제주특별자치도,제주시,33.4701937723369,126.543035805708
스타벅스,카페,제주특별자치도,서귀포시,33.2495203866059,126.506716079488
스타벅스,카페,제주특별자치도,제주시,33.4878227236456,126.481858772572
유리한커피,카페,제주특별자치도,제주시,33.4899857838167,126.538703089437
이오스,카페,제주특별자치도,서귀포시,33.3490545722024,126.828186617869
무제,카페,제주특별자치도,제주시,33.5120895085625,126.528242577555
스타벅스,카페,제주특별자치도,서귀포시,33.2512216105399,126.412671959788
원주다방,카페,제주특별자치도,서귀포시,33.2495368588445,126.564232584232
메가엠지씨커피제주외도점,카페,제주특별자치도,제주시,33.4885357262617,126.430658247825
카페멜록,카페,제주특별자치도,제주시,33.467360739549,126.338702893152
온당,카페,제주특별자치도,제주시,33.5543400205482,126.747955517714
지에스25한라수목원점,편의점,제주특별자치도,제주시,33.4705448294655,126.491934136545
소길언제나,카페,제주특별자치도,제주시,33.4412187691358,126.379616408674
솔트스톤시티,카페,제주특별자치도,제주시,33.4978295292153,126.529083986804
스타벅스,카페,제주특별자치도,제주시,33.5117363097743,126.580434162664
씨유서귀포천지연점,편의점,제주특별자치도,서귀포시,33.2433717084658,126.559681479917
차롱가게,카페,제주특별자치도,서귀포시,33.291942921325,126.527895584802
안녕소깍,카페,제주특별자치도,서귀포시,33.2586602995116,126.624736433814
지에스25연동삼무점,편의점,제주특별자치도,제주시,33.4900906835494,126.491766221085
고산의낮고산의밤,카페,제주특별자치도,제주시,33.303395275871,126.179735114766
해가커피,카페,제주특별자치도,서귀포시,33.2503546699948,126.323666705302
지에스25삼도동양점,편의점,제주특별자치도,제주시,33.5015307226092,126.523231106359
송악산농장카페,카페,제주특별자치도,서귀포시,33.2081770036333,126.289691177191
테이크타임커피로스터스,카페,제주특별자치도,제주시,33.3446427139569,126.176942345748
씨유제주성산,편의점,제주특별자치도,서귀포시,33.4643373817178,126.933670850614
세븐일레븐서귀포온평애향점,편의점,제주특별자치도,서귀포시,33.406603870763,126.901679412059
세븐일레븐서귀포신북로점,편의점,제주특별자치도,서귀포시,33.2586983500897,126.508843062302
담다제주,카페,제주특별자치도,서귀포시,33.3604486262685,126.765986297887
코데인커피앙투라지,카페,제주특별자치도,서귀포시,33.2485031868213,126.507129555564
씨유성산골든튤립점,편의점,제주특별자치도,서귀포시,33.4479626217217,126.916270621265
에이치와이,편의점,제주특별자치도,서귀포시,33.2327887971077,126.509663860688
하양한,카페,제주특별자치도,제주시,33.5427414738384,126.662876930976
씨유제주화북진동점,편의점,제주특별자치도,제주시,33.5197735854737,126.568501162616
세븐일레븐제주글로스터호텔점,편의점,제주특별자치도,제주시,33.4900851952076,126.492627073783
지에스25서귀,편의점,제주특별자치도,서귀포시,33.2485488638334,126.56274593356
세븐일레븐제주이도남광로점,편의점,제주특별자치도,제주시,33.4933015805407,126.538147472807
오아시스인제주,카페,제주특별자치도,제주시,33.513794718175,126.54790849104
커피91로,카페,제주특별자치도,제주시,33.5058148016777,126.53549808084
수북,카페,제주특별자치도,제주시,33.5030026392373,126.528550165798
온듯,카페,제주특별자치도,제주시,33.5174902022726,126.498451734561
킁킁,카페,제주특별자치도,제주시,33.4661494215444,126.508676633953
빽다방제주이도초교점,카페,제주특별자치도,제주시,33.4890575992733,126.534005821421
컴포즈커피제주이호테우점,카페,제주특별자치도,제주시,33.4968911468231,126.452147212536
세븐일레븐제주덕,편의점,제주특별자치도,제주시,33.4815966915639,126.751243558929
해온제과,카페,제주특별자치도,제주시,33.5360665502864,126.633220875882
2투1카페,카페,제주특별자치도,제주시,33.4890699418248,126.493493805055
그린루스카,카페,제주특별자치도,제주시,33.5053403918981,126.515213931154
달타냥,카페,제주특별자치도,서귀포시,33.2666724671138,126.620666619205
업소명없음,카페,제주특별자치도,서귀포시,33.2375507955035,126.516933157355
브라보커피웍스,카페,제주특별자치도,제주시,33.5215561049048,126.860978861835
세븐일레븐제주행원해안로점,편의점,제주특별자치도,제주시,33.5562761347339,126.806843326647
매머드익스프레스서귀포일호,카페,제주특별자치도,서귀포시,33.2519673960211,126.560571973259
컴포즈커피제주동초교점,카페,제주특별자치도,제주시,33.5133727749698,126.533800169145
지에스25삼양포구점,편의점,제주특별자치도,제주시,33.5287971619929,126.589319117079
라스트플라츠커피,카페,제주특별자치도,제주시,33.4897015622634,126.537434888187
한수풀마루,카페,제주특별자치도,제주시,33.4158898713318,126.263632395588
카페이사벨,카페,제주특별자치도,제주시,33.4788427096293,126.553652475163
컴포즈커피제주,카페,제주특별자치도,제주시,33.5421171994046,126.665398784936
마리벨하모어촌계직영,카페,제주특별자치도,서귀포시,33.2104325756104,126.257517223751
종이시계,카페,제주특별자치도,제주시,33.4853397797179,126.391793916127
봄봄,카페,제주특별자치도,제주시,33.4891390821143,126.475437894646
세븐일레븐제주외도해피점,편의점,제주특별자치도,제주시,33.4901994393307,126.431701862931
우지커피제주,카페,제주특별자치도,제주시,33.4922341076191,126.537184690416
씨유서귀에코지오빌점,편의점,제주특별자치도,서귀포시,33.2620463629897,126.557677466528
커브커피스토어,카페,제주특별자치도,제주시,33.5261154936011,126.577425954606
달보름,카페,제주특별자치도,제주시,33.5366210891413,126.838108934516
금잔듸다방,카페,제주특별자치도,서귀포시,33.2508163617606,126.564000885272
씨유제주애월가문동점,편의점,제주특별자치도,제주시,33.4855464509763,126.391652596448
부리부리,카페,제주특별자치도,제주시,33.4356591428417,126.690820898969
제주트립티,카페,제주특별자치도,제주시,33.4646820500762,126.51381606392
동광과자점,카페,제주특별자치도,제주시,33.499482277421,126.534606420876
대성다방,카페,제주특별자치도,서귀포시,33.2484088487419,126.566534528372
씨유노블레스관광호텔점,편의점,제주특별자치도,제주시,33.5011735459105,126.50345316392
커피베이제주서귀포기업,카페,제주특별자치도,서귀포시,33.2530905832597,126.56203652001
씨유제주애월수산점,편의점,제주특별자치도,제주시,33.467675326885,126.393154433104
잔물결,카페,제주특별자치도,제주시,33.3880589458408,126.229657942797
제주여행자2층,카페,제주특별자치도,제주시,33.4105392569017,126.262925032744
메가엠지씨커피제주롯데시티점,카페,제주특별자치도,제주시,33.4897346983542,126.4863343933
베릴,카페,제주특별자치도,제주시,33.3975596908549,126.242515470281
카페젠타일스,카페,제주특별자치도,서귀포시,33.2643322279965,126.613185406805
지에스25제주반딧불점,편의점,제주특별자치도,제주시,33.3173747129794,126.270089001748
더벤티제주세화점,카페,제주특별자치도,제주시,33.5229848012336,126.856724604914
메가엠지씨커피제주버스,카페,제주특별자치도,제주시,33.500333551246,126.514445489002
씨유제주정원로점,편의점,제주특별자치도,제주시,33.4786739330441,126.47812613089
씨유제주월평,편의점,제주특별자치도,제주시,33.4698108276515,126.574773303085
팔길,카페,제주특별자치도,서귀포시,33.2338959951282,126.383595017583
봄봄모슬포점,카페,제주특별자치도,서귀포시,33.2212825926955,126.25359603017
달리는커피제주도남,카페,제주특별자치도,제주시,33.4970423173156,126.525978279216
시종일관,카페,제주특별자치도,제주시,33.4251854591698,126.268241818419
빽다방탐라도서관점,카페,제주특별자치도,제주시,33.4800166831873,126.477978212567
씨유제주신광새길점,편의점,제주특별자치도,제주시,33.4924901247793,126.483337451413
장봐주는언니제주점,편의점,제주특별자치도,제주시,33.4742815702848,126.54893143463
세븐일레븐제주상가,편의점,제주특별자치도,제주시,33.449728166477,126.34085871687
세븐일레븐제주남성로점,편의점,제주특별자치도,제주시,33.5090393219805,126.518142263783
해일리,카페,제주특별자치도,서귀포시,33.4690716126905,126.935151824194
씨유제주중엄점,편의점,제주특별자치도,제주시,33.477959172645,126.369026340505
씨유제주오라,편의점,제주특별자치도,제주시,33.4989336366902,126.502465146179
정원,카페,제주특별자치도,제주시,33.5175855750367,126.951821107499
앨리스케이커리제주,카페,제주특별자치도,서귀포시,33.2838261118215,126.353133192299
컴포즈커피제주하귀점,카페,제주특별자치도,제주시,33.486731564867,126.414960753308
카페힐스,카페,제주특별자치도,제주시,33.9471032846934,126.332073498076
세븐일레븐제주노형한신점,편의점,제주특별자치도,제주시,33.4886545932206,126.484597637754
커피베이제주회수점,카페,제주특별자치도,서귀포시,33.2674814210982,126.446876002583
카페봄봄한림점,카페,제주특별자치도,제주시,33.4144163166136,126.264483389465
카페리나,카페,제주특별자치도,제주시,33.3005478248793,126.179976503358
덤불,카페,제주특별자치도,제주시,33.4955863048499,126.49517761339
씨유서귀동홍,편의점,제주특별자치도,서귀포시,33.2566226786819,126.569123212067
투빅커피,카페,제주특별자치도,서귀포시,33.2591868518799,126.55983825822
지에스25남원위미점,편의점,제주특별자치도,서귀포시,33.2747128136178,126.670501304442
음파,카페,제주특별자치도,제주시,33.5124319815656,126.521158635864
엔조이모몰리,카페,제주특별자치도,서귀포시,33.2527490936011,126.557262877138
청자다방대흘,카페,제주특별자치도,제주시,33.4957858259924,126.65287907456
부커피,카페,제주특별자치도,제주시,33.5189066566068,126.492049846575
퍼스트커피랩제주,카페,제주특별자치도,제주시,33.4961614774634,126.536227584166
내음커피바,카페,제주특별자치도,제주시,33.5153134815089,126.529635085602
평대여카페,카페,제주특별자치도,제주시,33.5336431954348,126.843077519437
지에스25신촌포구점,편의점,제주특별자치도,제주시,33.537694081815,126.619820812293
모어모어,카페,제주특별자치도,제주시,33.5291452063932,126.875715109581
다분한의도,카페,제주특별자치도,서귀포시,33.3259347214867,126.833226191173
카페153,카페,제주특별자치도,제주시,33.4347485134942,126.400427170427
컴포즈커피제주연동,카페,제주특별자치도,제주시,33.4864597351837,126.494574221026
제주성산카페바다방책과와인,카페,제주특별자치도,서귀포시,33.3740839378104,126.873464491581
이디야제주외도점,카페,제주특별자치도,제주시,33.490196970928,126.431163867578
그릭요것,카페,제주특별자치도,제주시,33.5094042434259,126.514620849993
씨유서귀대정시계탑점,편의점,제주특별자치도,서귀포시,33.2220223290168,126.253664837995
지에스25제주도남대로점,편의점,제주특별자치도,제주시,33.4924010612509,126.526487796197
카페제주디어,카페,제주특별자치도,서귀포시,33.2453304088891,126.565423051978
만디와산,카페,제주특별자치도,제주시,33.494730834121,126.679613427839
지에스25외도우정점,편의점,제주특별자치도,제주시,33.4926792462445,126.429834851169
오늘도통통서귀포,카페,제주특별자치도,서귀포시,33.2213030095674,126.257007054608
플랩잭스쥬스카페,카페,제주특별자치도,서귀포시,33.2840395520795,126.274220385123
동백슈퍼,편의점,제주특별자치도,제주시,33.4079464409398,126.266601910012
올레길카페,카페,제주특별자치도,서귀포시,33.3056265923625,126.794791706352
지에스25서귀남주점,편의점,제주특별자치도,서귀포시,33.2722498272787,126.569679750624
달리는커피,카페,제주특별자치도,서귀포시,33.2530850260893,126.502993813611
플레이스우도,카페,제주특별자치도,제주시,33.5145311062651,126.957161471064
고도,카페,제주특별자치도,제주시,33.5189997246717,126.494966302658
인무드,카페,제주특별자치도,서귀포시,33.307437456018,126.339075116102
지에스25제주성읍점,편의점,제주특별자치도,서귀포시,33.3942126377732,126.801247882593
에이프,카페,제주특별자치도,제주시,33.4986500431089,126.531479323337
설문대,카페,제주특별자치도,제주시,33.4165017710293,126.263433713097
메가엠지씨커피제주,카페,제주특별자치도,서귀포시,33.2523549822332,126.503062332738
달비치까페,카페,제주특별자치도,제주시,33.5550796390955,126.797208226187
카페동백부엉이,카페,제주특별자치도,제주시,33.514808900815,126.708611447985
씨유제주일도기산점,편의점,제주특별자치도,제주시,33.5070907743555,126.529582713247
일일커피,카페,제주특별자치도,제주시,33.5001035858466,126.527252976631
하이리브,카페,제주특별자치도,제주시,33.508664113742,126.591900409643
세븐일레븐제주노형,편의점,제주특별자치도,제주시,33.485876430696,126.47783546391
찌즈,카페,제주특별자치도,제주시,33.512334544456,126.516961591424
레몬비세미양점,편의점,제주특별자치도,제주시,33.4423366021865,126.571444471622
너흐,카페,제주특별자치도,서귀포시,33.2780766364003,126.24639358303
시선,카페,제주특별자치도,제주시,33.3846959248345,126.226742915625
씨유삼양해수욕장점,편의점,제주특별자치도,제주시,33.5255357059366,126.587300004865
카페봄봄한경점,카페,제주특별자치도,제주시,33.3531267482847,126.18515618418
메가엠지씨커피제주,카페,제주특별자치도,제주시,33.494620847273,126.534115911645
춤추는염소들,카페,제주특별자치도,제주시,33.4831262566525,126.492958153865
핀스,카페,제주특별자치도,서귀포시,33.2635609864389,126.182221898449
지에스25용담해안로점,편의점,제주특별자치도,제주시,33.5194710936187,126.493381270538
씨유제주이도주공1단지점,편의점,제주특별자치도,제주시,33.4923403062851,126.534246491388
지에스25일도연수중길점,편의점,제주특별자치도,제주시,33.5033360530941,126.545390771657
지에스25애월수산점,편의점,제주특별자치도,제주시,33.4663114449172,126.392647590234
오세요커피,카페,제주특별자치도,서귀포시,33.2573221354085,126.507391259698
지에스25서귀시민공원점,편의점,제주특별자치도,서귀포시,33.2510362091922,126.56757318648
디저트39제주아라점,카페,제주특별자치도,제주시,33.4738737584344,126.545888952222
제주곶밭,카페,제주특별자치도,서귀포시,33.2647963292701,126.378526970988
지에스25도남수선화,편의점,제주특별자치도,제주시,33.4913356652535,126.530830050681
지에스2525연동,편의점,제주특별자치도,제주시,33.481208921611,126.489311210385
빽다방제주도청점,카페,제주특별자치도,제주시,33.4919987477348,126.497587263159
랍다:즐겁다,카페,제주특별자치도,서귀포시,33.2441314926486,126.525996035853
봄봄,카페,제주특별자치도,제주시,33.5036940095087,126.542214117949
어른아이책방,카페,제주특별자치도,제주시,33.5522316021455,126.70754905542
유인원,카페,제주특별자치도,서귀포시,33.2825563797212,126.224209800409
그모르메,카페,제주특별자치도,제주시,33.3506153543948,126.306026042493
그레인,카페,제주특별자치도,제주시,33.4978120264788,126.689341069514
네꼬야밀키티신산점,카페,제주특별자치도,서귀포시,33.3809935603662,126.876646331575
씨유제주동문,편의점,제주특별자치도,제주시,33.5129066570554,126.527377094428
에이바우트커피연동,카페,제주특별자치도,제주시,33.4785252951733,126.490069315811
워터쉐드,카페,제주특별자치도,제주시,33.423908040808,126.675476179126
맛있는커피집,카페,제주특별자치도,서귀포시,33.257766305916,126.414355962857
애월항커피사무소,카페,제주특별자치도,제주시,33.4670898940457,126.320299224877
선한필름카페,카페,제주특별자치도,제주시,33.4964237236715,126.671912976739
할리스제주황사평드라이브스루점,카페,제주특별자치도,제주시,33.497135695709,126.556055214289
맨션다미,카페,제주특별자치도,제주시,33.4678616541454,126.510753932038
소요유,카페,제주특별자치도,서귀포시,33.2542278633448,126.562384979087
에버그린,카페,제주특별자치도,제주시,33.523545030063,126.62472674448
컴포즈커피서귀포일호,카페,제주특별자치도,서귀포시,33.2530076986286,126.561543300668
씨유제주,편의점,제주특별자치도,제주시,33.4749815049456,126.526292094363
지에스25외도타운점,편의점,제주특별자치도,제주시,33.4904677970214,126.429279050931
너흐,카페,제주특별자치도,제주시,33.4625416454263,126.464787527449
폴비앙,카페,제주특별자치도,제주시,33.4335680850534,126.421447078638
카페프룻,카페,제주특별자치도,제주시,33.4824763708907,126.471206614977
봄봄제주도남,카페,제주특별자치도,제주시,33.4964044692219,126.528941047439
갤러리시인의공방카페,카페,제주특별자치도,서귀포시,33.2603211120404,126.556795402299
차귀도베이커리,카페,제주특별자치도,제주시,33.3079606281166,126.163994068581
세븐일레븐제주애월리점,편의점,제주특별자치도,제주시,33.4647904187498,126.316939476144
델마펜션까페,카페,제주특별자치도,제주시,33.4935889667482,126.4276875197
오케이마트24,편의점,제주특별자치도,제주시,33.4984663999394,126.532986897428
씨유외도절물점,편의점,제주특별자치도,제주시,33.4900080933074,126.433231062216
트레블러카페와투어,카페,제주특별자치도,제주시,33.4798143943331,126.560651619189
세원,카페,제주특별자치도,제주시,33.5240192437577,126.854666858406
성지오름,카페,제주특별자치도,제주시,33.5111675982183,126.530012694645
카페로제뜨,카페,제주특별자치도,제주시,33.5013262990711,126.519325741862
블루웨일,카페,제주특별자치도,서귀포시,33.2371471339935,126.233687779724
브런치오,카페,제주특별자치도,제주시,33.4766195228968,126.353995674199
포프,카페,제주특별자치도,서귀포시,33.2223950527198,126.260215975097
세븐일레븐제주세화점,편의점,제주특별자치도,제주시,33.5225603763236,126.856144025445
히읗커피,카페,제주특별자치도,제주시,33.5165006544389,126.578936554448
당동,카페,제주특별자치도,제주시,33.4679458488347,126.382212225899
씨유노형해오름점,편의점,제주특별자치도,제주시,33.481261498605,126.486760979984
홈스윗홈,카페,제주특별자치도,제주시,33.4795081352296,126.481402606222
제제,카페,제주특별자치도,서귀포시,33.2585256716543,126.624940914683
어둑,카페,제주특별자치도,제주시,33.3989824680378,126.245190328035
씨유제주번영로점,편의점,제주특별자치도,제주시,33.4370193335451,126.732981788272
퍼르,카페,제주특별자치도,제주시,33.4869745626093,126.53152068103
점초도원,카페,제주특별자치도,제주시,33.4296708404128,126.434623552362
카페인중독연동점,카페,제주특별자치도,제주시,33.4868175343796,126.489482731874
씨유제주삼도서사로점,편의점,제주특별자치도,제주시,33.5082610982075,126.519728668092
연북로188,카페,제주특별자치도,제주시,33.4813935701649,126.501446487777
지에스25협재,편의점,제주특별자치도,제주시,33.3946297689391,126.241079124309
하이오커피안덕점,카페,제주특별자치도,서귀포시,33.2465514858702,126.332312341447
씨유서귀선반네점,편의점,제주특별자치도,서귀포시,33.2524062245302,126.554667686905
7일레븐,편의점,제주특별자치도,제주시,33.4154340546624,126.261271054563
탐앤탐스블랙제주김녕점,카페,제주특별자치도,제주시,33.5554354152983,126.73709771122
풀베개,카페,제주특별자치도,서귀포시,33.2855128568764,126.303224677039
효돈빵오롯이,카페,제주특별자치도,서귀포시,33.2575875533008,126.615940993458
1800무드,카페,제주특별자치도,제주시,33.4717524202565,126.565285988213
카페보리,카페,제주특별자치도,서귀포시,33.3644841001361,126.867171116071
윤아현커피,카페,제주특별자치도,제주시,33.5148992945742,126.527409313123
지에스25남조로점,편의점,제주특별자치도,제주시,33.4228383921417,126.676727397037
지에스25제주청귤로점,편의점,제주특별자치도,제주시,33.4996766820839,126.538371895915
제주커피로스테리아,카페,제주특별자치도,제주시,33.4926815602935,126.475255125953
스타라파,카페,제주특별자치도,서귀포시,33.4011422764916,126.874177746152
씨유서귀예래점,편의점,제주특별자치도,서귀포시,33.235714172171,126.370374976353
세븐일레븐제주노형,편의점,제주특별자치도,제주시,33.4888219352247,126.481486978804
솔트스톤브이점,카페,제주특별자치도,제주시,33.4979647244425,126.52907249355
씨유제주구산로점,편의점,제주특별자치도,제주시,33.4830510937843,126.538320234822
메가엠지씨커피제주성산,카페,제주특별자치도,서귀포시,33.4651483021399,126.932691315089
설빙외도일동점,카페,제주특별자치도,제주시,33.4880016021233,126.432146617163
까페비엣,카페,제주특별자치도,제주시,33.4386461467066,126.27592529177
카페알지니,카페,제주특별자치도,제주시,33.4767370591481,126.784986095489
지에스25노형월광점,편의점,제주특별자치도,제주시,33.4841315216084,126.464030726966
소소다정,카페,제주특별자치도,제주시,33.4851436082932,126.412808752013
벨롱벨롱,카페,제주특별자치도,서귀포시,33.2444449827136,126.53020053587
씨유제주함덕,편의점,제주특별자치도,제주시,33.5407354462397,126.678130263011
롱블랙,카페,제주특별자치도,제주시,33.5255357059366,126.587300004865
카페마음마루,카페,제주특별자치도,제주시,33.470765293565,126.543990259308
한번한봄,카페,제주특별자치도,제주시,33.5174003223066,126.623127957966
씨유제주신엄점,편의점,제주특별자치도,제주시,33.4784017234152,126.356898057608
지에스25제주영락점,편의점,제주특별자치도,제주시,33.5109498135945,126.541670057494
소랑인성산,카페,제주특별자치도,서귀포시,33.4615429073297,126.934641099307
씨에스,편의점,제주특별자치도,제주시,33.4757758501579,126.639037293039
카렐베이크샵,카페,제주특별자치도,제주시,33.5351406384073,126.628089444427
해화탕,카페,제주특별자치도,제주시,33.4433167848767,126.291609297901
빽다방제주아라점,카페,제주특별자치도,제주시,33.4745960659285,126.54863932885
커피프렌즈촬영지,카페,제주특별자치도,서귀포시,33.2886547270621,126.307214716538
지에스25제주중앙중점,편의점,제주특별자치도,제주시,33.4867960236333,126.49968319846
더로그,카페,제주특별자치도,제주시,33.4500283523344,126.558898169486
지에스25크라운점,편의점,제주특별자치도,제주시,33.4904931474777,126.493173470405
씨유제주제성,편의점,제주특별자치도,제주시,33.4939524150373,126.483748434826
지에스25삼양,편의점,제주특별자치도,제주시,33.5241967010183,126.585906975132
제주와나,카페,제주특별자치도,제주시,33.5098420417221,126.52995528457
천향보이차,카페,제주특별자치도,제주시,33.4924586797048,126.49761688858
빽다방서귀포,카페,제주특별자치도,서귀포시,33.2550697530719,126.416123155914
올드타운,카페,제주특별자치도,서귀포시,33.3844150277058,126.803118724324
씨유제주도청,편의점,제주특별자치도,제주시,33.4878945480602,126.497105243909
에린,카페,제주특별자치도,제주시,33.4899564905569,126.528524031117
세븐일레븐제주한림점,편의점,제주특별자치도,제주시,33.4164828874913,126.264809998786
에이바우트한라수목원점,카페,제주특별자치도,제주시,33.4695846421543,126.488647876525
밭318,카페,제주특별자치도,제주시,33.4982870548949,126.966370503243
포레스텔라인제주,카페,제주특별자치도,제주시,33.4308087239866,126.746581922822
더시그니청,카페,제주특별자치도,제주시,33.4884926287098,126.493421845484
서호웰니스카페,카페,제주특별자치도,서귀포시,33.2511774522466,126.515398793492
사계절다방,카페,제주특별자치도,제주시,33.5237503358379,126.856012880459
레스빠스,카페,제주특별자치도,서귀포시,33.3174255424113,126.74435460401
블루샥제주,카페,제주특별자치도,서귀포시,33.2523628883145,126.567942239552
씨유스위트호텔점,편의점,제주특별자치도,서귀포시,33.2487224475258,126.408514504217
탐나는농장감귤체험카페,카페,제주특별자치도,제주시,33.4480357054097,126.358531156034
지에스25외도해담은점,편의점,제주특별자치도,제주시,33.4893705913709,126.433805502024
작은방,카페,제주특별자치도,제주시,33.5346158578569,126.621524524577
카페연연,카페,제주특별자치도,제주시,33.4907208999121,126.491547332752
카페라떼는,카페,제주특별자치도,제주시,33.4802405552015,126.3999633357
빽다방제주이호테우점,카페,제주특별자치도,제주시,33.4968161177617,126.451491260275
씨씨씨카페커브코너,카페,제주특별자치도,서귀포시,33.2540303774775,126.557535428398
생각지못한기쁨,카페,제주특별자치도,서귀포시,33.312053481748,126.349284550694
순아,카페,제주특별자치도,제주시,33.5130781609802,126.522726492186
씨유제주세화,편의점,제주특별자치도,제주시,33.5232283821024,126.856853377449
씨유서귀포돈내코점,편의점,제주특별자치도,서귀포시,33.2927473462277,126.594883959195
워터라이프,카페,제주특별자치도,서귀포시,33.2534580118789,126.56913874517
세븐일레븐제주연동도호점,편의점,제주특별자치도,제주시,33.4845609872985,126.493251062249
곱지당,카페,제주특별자치도,서귀포시,33.2730553856613,126.657734483686
지에스25이도타운점,편의점,제주특별자치도,제주시,33.4949644329612,126.546532140371
사오월,카페,제주특별자치도,서귀포시,33.2386958878019,126.340290238345
투모로우,카페,제주특별자치도,서귀포시,33.2459916585925,126.618577723563
세븐일레븐서귀포태위로점,편의점,제주특별자치도,서귀포시,33.2752606537623,126.666313016158
씨유서귀표선세화점,편의점,제주특별자치도,서귀포시,33.3068334512921,126.799502789586
파인더,카페,제주특별자치도,제주시,33.4985762809146,126.528671012943
씨유제주항국제여객,편의점,제주특별자치도,제주시,33.5235595303475,126.543153633185
젠틀도넛카페성산,카페,제주특별자치도,서귀포시,33.450792616771,126.914708344989
동립,카페,제주특별자치도,제주시,33.5504242058249,126.694601432314
로미뮤직하우스,카페,제주특별자치도,제주시,33.4880119506752,126.70801257416
세븐일레븐제주용수리점,편의점,제주특별자치도,제주시,33.3360461077296,126.176271339672
제제그리너,카페,제주특별자치도,제주시,33.3973899069933,126.242764161483
제주낭그늘,카페,제주특별자치도,제주시,33.3279015800649,126.226256905427
씨유제주건입미니점,편의점,제주특별자치도,제주시,33.5137103175576,126.530074289199
사이,카페,제주특별자치도,제주시,33.3351272477625,126.226880446011
터틀락,카페,제주특별자치도,서귀포시,33.2771447806574,126.36354074146
늘이플,카페,제주특별자치도,서귀포시,33.2479348843084,126.276589914672
러스틱테이블,카페,제주특별자치도,제주시,33.4764420700843,126.548016516477
엔제리너스한라수목원점,카페,제주특별자치도,제주시,33.4705448294655,126.491934136545
씨유서귀아랑점,편의점,제주특별자치도,서귀포시,33.2504404802719,126.559678225467
지에스25애월신엄,편의점,제주특별자치도,제주시,33.4770431954631,126.353981771296
배호배호,카페,제주특별자치도,제주시,33.3037985587756,126.179366279544
동희네,카페,제주특별자치도,제주시,33.3539483287428,126.18395603251
콤비,카페,제주특별자치도,서귀포시,33.2570367956374,126.57681577048
씨유제주천덕로점,편의점,제주특별자치도,제주시,33.4446932679474,126.310278675977
런카페,카페,제주특별자치도,서귀포시,33.2482586377275,126.567415176725
카페아이갓에브리씽공무원연금공단점,카페,제주특별자치도,서귀포시,33.2537246787857,126.518915300736
유키모찌제주애월점,카페,제주특별자치도,제주시,33.4638939122011,126.309717883231
휴게소신제주점,카페,제주특별자치도,제주시,33.4836786502231,126.482636610527
세븐일레븐제주화북,편의점,제주특별자치도,제주시,33.5206560249626,126.565601241403
베리모어,카페,제주특별자치도,제주시,33.489012101641,126.536297977532
아이리스카페앤비어,카페,제주특별자치도,제주시,33.4220117923574,126.262139993478
에그서울인제주,카페,제주특별자치도,제주시,33.4640740413151,126.309684184729
흘,카페,제주특별자치도,제주시,33.4580946875589,126.710984860217
디니,카페,제주특별자치도,제주시,33.4768213122342,126.568412963616
제일다방,카페,제주특별자치도,서귀포시,33.2211569509501,126.252191857907
샐럽올데이,카페,제주특별자치도,제주시,33.4922152555996,126.497618294344
씨유제주한림항점,편의점,제주특별자치도,제주시,33.4165017710293,126.263433713097
세븐일레븐제주오일장점,편의점,제주특별자치도,제주시,33.49654005909,126.473058117857
프레쎈트,카페,제주특별자치도,서귀포시,33.2638324775399,126.617770387639
씨유제주디오션시티점,편의점,제주특별자치도,제주시,33.4844714259995,126.491196507133
믈커피로스터스,카페,제주특별자치도,서귀포시,33.2769008645664,126.191285640289
지에스25서귀표선점,편의점,제주특별자치도,서귀포시,33.3232547771326,126.831663276705
씨유제주한라도서관점,편의점,제주특별자치도,제주시,33.4762047340384,126.516193908206
빽다방제주용문마을회관점,카페,제주특별자치도,제주시,33.5061449141524,126.508881237832
우정이앤씨타마라편의점,편의점,제주특별자치도,서귀포시,33.2518420319135,126.510126215909
세미콜론,카페,제주특별자치도,제주시,33.4931510474601,126.541311908101
씨유신제주초교점,편의점,제주특별자치도,제주시,33.4820948329253,126.498720373917
지에스25도련,편의점,제주특별자치도,제주시,33.511647252015,126.588829718046
꿀집,카페,제주특별자치도,서귀포시,33.3563635056047,126.861693304742
메가엠지씨커피제주중앙중점,카페,제주특별자치도,제주시,33.4858439797849,126.498354465087
씨유제주한라아트홀점,편의점,제주특별자치도,제주시,33.4767818433725,126.474156792308
아지트원두왓,카페,제주특별자치도,제주시,33.486784844323,126.550900247056
놀당카페,카페,제주특별자치도,제주시,33.3966892844382,126.244672727658
카페을리,카페,제주특별자치도,서귀포시,33.2840138787597,126.36506890284
비굳커피,카페,제주특별자치도,제주시,33.4842285869107,126.539777288396
씨유서귀상효교차로점,편의점,제주특별자치도,서귀포시,33.2773366450129,126.60550681842
메가엠지씨커피제주이호,카페,제주특별자치도,제주시,33.4957521305976,126.457610180085
빽다방제주화북,카페,제주특별자치도,제주시,33.5191310406349,126.565232127822
우리는,카페,제주특별자치도,제주시,33.501030440133,126.526785187972
커피가좋아,카페,제주특별자치도,제주시,33.4168613024766,126.263247910074
아일랜드프로젝트646미터퍼세크,카페,제주특별자치도,제주시,33.3627372402284,126.193371956183
카페게이트제주,카페,제주특별자치도,제주시,33.5031843779484,126.526558228779
만첩,카페,제주특별자치도,제주시,33.5139376881804,126.521171867758
담소요,카페,제주특별자치도,서귀포시,33.2996290685178,126.624324885425
콜레트커피,카페,제주특별자치도,서귀포시,33.2342634786721,126.51323905857
지에스25제주대흘점,편의점,제주특별자치도,제주시,33.4977596598919,126.659134272403
카페인동광,카페,제주특별자치도,제주시,33.507867425206,126.541955369691
디저트39제주화북점,카페,제주특별자치도,제주시,33.5206635576631,126.572953077035
커피마신붕어,카페,제주특별자치도,제주시,33.4699773511411,126.786336770571
방탄카페영포에버,카페,제주특별자치도,제주시,33.4538297162472,126.657714380446
메가엠지씨커피제주송악산점,카페,제주특별자치도,서귀포시,33.207769067439,126.290884993735
일록일청,카페,제주특별자치도,서귀포시,33.4233016454815,126.91357400191
마르쉘터,카페,제주특별자치도,제주시,33.5104205979086,126.539972324459
더벤티서귀포,카페,제주특별자치도,서귀포시,33.2508750888774,126.511859279082
카페봄봄서홍점,카페,제주특별자치도,서귀포시,33.2572663660108,126.557293752084
빽다방제주한림점,카페,제주특별자치도,제주시,33.4082243941922,126.266341574848
빽다방서귀포호근동,카페,제주특별자치도,서귀포시,33.2618170440041,126.536793727894
모아크루아상,카페,제주특별자치도,서귀포시,33.4065901999765,126.895971117611
쉼카페,카페,제주특별자치도,제주시,33.4996040044748,126.523930402109
세븐일레븐제주고산로점,편의점,제주특별자치도,제주시,33.4979371074634,126.531300222526
카페청굴물,카페,제주특별자치도,제주시,33.5579801913882,126.751294040884
지에스25이도,편의점,제주특별자치도,제주시,33.4955868269602,126.534455088759
우리의케이크,카페,제주특별자치도,서귀포시,33.2618170440041,126.536793727894
씨유한림,편의점,제주특별자치도,제주시,33.4123568518099,126.260802586129
하영,편의점,제주특별자치도,제주시,33.4352829210917,126.291481024913
씨유제주탐라도서관점,편의점,제주특별자치도,제주시,33.4791348074604,126.47624056107
메가엠지씨커피제주노형이편한세상점,카페,제주특별자치도,제주시,33.483240951969,126.468684270263
애월아시시,카페,제주특별자치도,제주시,33.4776344700006,126.354988692738
모몽더티하우스,카페,제주특별자치도,제주시,33.349756547466,126.184048858135
에코푸드트럭,카페,제주특별자치도,제주시,33.9497384536383,126.329261959315
감성커피제주외도점,카페,제주특별자치도,제주시,33.4895114385748,126.431093028754
세븐일레븐서귀포강정크루즈항점,편의점,제주특별자치도,서귀포시,33.2379753930984,126.477007203601
씨유제주파크하임점,편의점,제주특별자치도,제주시,33.4777537739348,126.541844932388
유수암카페리본,카페,제주특별자치도,제주시,33.4235766807938,126.405826210402
메쉬커피제주,카페,제주특별자치도,제주시,33.5174173689226,126.523391538862
이집카페,카페,제주특별자치도,서귀포시,33.2478962014496,126.585422794955
이디야서귀포,카페,제주특별자치도,서귀포시,33.2604855539574,126.559939065706
제주갈렙,카페,제주특별자치도,제주시,33.5453951071091,126.641461440034
더벤티서귀포상창점,카페,제주특별자치도,서귀포시,33.2853309534499,126.365209655033
지에스25삼도관덕점,편의점,제주특별자치도,제주시,33.5116457001232,126.520667871599
카페봄봄아라점,카페,제주특별자치도,제주시,33.4777537739348,126.541844932388
아네스,카페,제주특별자치도,제주시,33.5168334081887,126.519261523713
GS25표선,편의점,제주특별자치도,서귀포시,33.3252571716056,126.832239392311
컴포즈커피제주저지점,카페,제주특별자치도,제주시,33.3186465251451,126.268650118982
지에스25한림귀덕,편의점,제주특별자치도,제주시,33.440647772273,126.277489499102
지에스25서귀창천점,편의점,제주특별자치도,서귀포시,33.2652195005248,126.371236598734
카페공간,카페,제주특별자치도,제주시,33.4731803605061,126.426466200298
브라운포레,카페,제주특별자치도,제주시,33.4264405094627,126.671649619807
지에스25성산난산리점,편의점,제주특별자치도,서귀포시,33.4012056292231,126.874414142653
지에스25서귀,편의점,제주특별자치도,서귀포시,33.2487159496746,126.508491146319
델픽제주스톤하우스,카페,제주특별자치도,서귀포시,33.2271754463601,126.299471582653
온데프,카페,제주특별자치도,제주시,33.544668877613,126.649173685282
제주로감성편의점,편의점,제주특별자치도,제주시,33.4997700807346,126.480011964833
씨유제주함덕길점,편의점,제주특별자치도,제주시,33.5380047868283,126.664973212857
지에스25김녕,편의점,제주특별자치도,제주시,33.5544118204236,126.739092956484
커피모,카페,제주특별자치도,서귀포시,33.3243998860036,126.831693295061
봄봄회수점,카페,제주특별자치도,서귀포시,33.2632440385469,126.444906500028
제주유기농마을,카페,제주특별자치도,서귀포시,33.2919057977342,126.756002452491
씨유제주광상로점,편의점,제주특별자치도,제주시,33.4431247926375,126.391271342285
프로브커피,카페,제주특별자치도,제주시,33.5094496082104,126.526341146878
이때,카페,제주특별자치도,서귀포시,33.2183298288424,126.252848783136
빽다방서귀포중문,카페,제주특별자치도,서귀포시,33.2510937207935,126.431720023192
그리울땐제주,카페,제주특별자치도,서귀포시,33.30097701931,126.770633350986
뭉실몽실,카페,제주특별자치도,제주시,33.4881786607939,126.537647425651
택하다커피,카페,제주특별자치도,서귀포시,33.3454228430127,126.763480512443
언제나달달,카페,제주특별자치도,서귀포시,33.2520667699273,126.423729902066
베네,편의점,제주특별자치도,제주시,33.5195373628999,126.581106924806
세븐일레븐서귀포색달점,편의점,제주특별자치도,서귀포시,33.257789206252,126.413475816106
가파도쉼팡,카페,제주특별자치도,서귀포시,33.1702242725379,126.270378320455
서호주택,카페,제주특별자치도,서귀포시,33.2584379165245,126.513695284946
노리카페앤샵,카페,제주특별자치도,제주시,33.4931613998436,126.511009834997
리치망고협재점,카페,제주특별자치도,제주시,33.4024032832732,126.251771529084
에스엘,카페,제주특별자치도,제주시,33.4695545188086,126.340945328277
이제,카페,제주특별자치도,제주시,33.3224189928023,126.248138546471
씨유제주월랑북길점,편의점,제주특별자치도,제주시,33.4912484322084,126.475349853559
곰막다방,카페,제주특별자치도,제주시,33.5568777142341,126.720520386812
세븐제주월드컵경기장점,편의점,제주특별자치도,서귀포시,33.2462125303976,126.509277739547
제주밀연구회,카페,제주특별자치도,제주시,33.5010036727947,126.598371839578
긍정동커피,카페,제주특별자치도,서귀포시,33.247376244982,126.560047696883
오르,카페,제주특별자치도,제주시,33.5113512776064,126.542959491362
레몬비파크사이드호텔점,편의점,제주특별자치도,제주시,33.4924036545008,126.49076273851
커피에반하다덕수점,카페,제주특별자치도,서귀포시,33.2521203425316,126.303790287268
지에스25,편의점,제주특별자치도,서귀포시,33.2500327126034,126.561654734733
로스티드코너,카페,제주특별자치도,제주시,33.5025330387617,126.516650141632
카페모들,카페,제주특별자치도,제주시,33.4889785364937,126.38921834894
메가엠지씨커피제주서사로점,카페,제주특별자치도,제주시,33.5042233912659,126.520095355441
게티하우스,카페,제주특별자치도,서귀포시,33.4182117290064,126.844048826502
오랜,카페,제주특별자치도,제주시,33.4964775708857,126.548579618697
한라;산도,카페,제주특별자치도,제주시,33.5137941139899,126.526037630579
굿올데이즈,카페,제주특별자치도,서귀포시,33.2347718239719,126.482809136039
1950스테이,카페,제주특별자치도,제주시,33.4505397295009,126.664632313044
메가엠지씨커피제주동홍,카페,제주특별자치도,서귀포시,33.2489649626807,126.570899160939
장언니노형,편의점,제주특별자치도,제주시,33.4878842621608,126.475058100889
지에스25대흘중산간점,편의점,제주특별자치도,제주시,33.4991188357494,126.658321835522
씨유제주화북해피점,편의점,제주특별자치도,제주시,33.5141031327744,126.555903994577
이든모아휴게점,카페,제주특별자치도,서귀포시,33.2100590324929,126.258378431327
마보로시,카페,제주특별자치도,제주시,33.5093327662437,126.512490243655
아몽즈커피제주연동점,카페,제주특별자치도,제주시,33.4802349142769,126.489241612419
공든,카페,제주특별자치도,제주시,33.5387470865792,126.640326122327
하나커피,카페,제주특별자치도,서귀포시,33.3991078686917,126.784704515571
메가엠지씨커피제주위미감귤점,카페,제주특별자치도,서귀포시,33.2775787220704,126.659981750377
샵토스트앤커피,카페,제주특별자치도,제주시,33.468640144455,126.61088174858
지에스25연동신광점,편의점,제주특별자치도,제주시,33.4898167760236,126.486559873346
패스브루,카페,제주특별자치도,서귀포시,33.2372617585059,126.289445350803
휘낭찬란,카페,제주특별자치도,제주시,33.5096161875431,126.537016837501
가파도가는길휴게점,카페,제주특별자치도,서귀포시,33.2100590324929,126.258378431327
씨유제주승진타운점,편의점,제주특별자치도,제주시,33.5088990073903,126.509952702762
지에스25노형한빛점,편의점,제주특별자치도,제주시,33.4839438597453,126.48137617326
제주휴게소,카페,제주특별자치도,제주시,33.4761598686423,126.549750111761
베르디,카페,제주특별자치도,제주시,33.4882036742163,126.484568028818
씨유애월자운당점,편의점,제주특별자치도,제주시,33.4679109004899,126.357599481727
씨유제주,편의점,제주특별자치도,제주시,33.543861077968,126.653666790933
세븐일레븐제주함덕,편의점,제주특별자치도,제주시,33.5424597126496,126.672105206352
카페레브,카페,제주특별자치도,제주시,33.5042258931957,126.516102630654
더카페라운지,카페,제주특별자치도,서귀포시,33.2348957391152,126.513525235861
지에스25표선하,편의점,제주특별자치도,서귀포시,33.3382384915804,126.844470787193
웨스트사이드,카페,제주특별자치도,제주시,33.3557500029039,126.1864746692
참새사주까페,카페,제주특별자치도,제주시,33.4767236123393,126.678743714479
카멜커피1,카페,제주특별자치도,제주시,33.5570292221505,126.809921497021
우봉이,카페,제주특별자치도,제주시,33.540308167258,126.663241674935
빽다방제주보성,카페,제주특별자치도,제주시,33.5032062708096,126.527569728514
투빅커피,카페,제주특별자치도,제주시,33.4870484085053,126.482110860743
씨유제주한라,편의점,제주특별자치도,제주시,33.4756721798697,126.480403405919
씨유제주송우수자인점,편의점,제주특별자치도,제주시,33.4834643735503,126.5120542002
씨유제주이호,편의점,제주특별자치도,제주시,33.4951523298023,126.450393383942
세븐일레븐제주노형메르헨점,편의점,제주특별자치도,제주시,33.4823054485561,126.486302933092
오너먼트커피,카페,제주특별자치도,제주시,33.4914296711188,126.543935774973
웨스트311,카페,제주특별자치도,제주시,33.3174013927388,126.254839679699
하모팜휴게점,카페,제주특별자치도,서귀포시,33.2100590324929,126.258378431327
하이오커피,카페,제주특별자치도,서귀포시,33.2503006685474,126.566074494293
지에스25중문,편의점,제주특별자치도,서귀포시,33.2532003650914,126.427102751555
오현길카페,카페,제주특별자치도,제주시,33.5069204639602,126.527474211337
지에스25애월신엄포구점,편의점,제주특별자치도,제주시,33.4735840278908,126.352813291954
지에스외도,편의점,제주특별자치도,제주시,33.4890444057999,126.427566774634
세븐일레븐제주도두봉점,편의점,제주특별자치도,제주시,33.5056533366964,126.468418210416
꽈작,카페,제주특별자치도,제주시,33.5130530289775,126.513943926566
비지에프리테일제주아일랜드점,편의점,제주특별자치도,제주시,33.4852555604112,126.604846576216
씨유제주애월점,편의점,제주특별자치도,제주시,33.4646114688224,126.320469167772
아무튼카페,카페,제주특별자치도,제주시,33.4852899682236,126.543978716059
카페인중독제주아라점,카페,제주특별자치도,제주시,33.4733297335081,126.545052648905
다운힐,카페,제주특별자치도,제주시,33.4740611144674,126.547813712513
세븐일레븐제주신엄리점,편의점,제주특별자치도,제주시,33.4747861313353,126.37268563861
타임센트,카페,제주특별자치도,제주시,33.4533207957973,126.308543267036
씨유제주세화,편의점,제주특별자치도,제주시,33.5252128901337,126.857711288822
보블루,카페,제주특별자치도,제주시,33.5093319476316,126.899970499609
베큠커피로스터스,카페,제주특별자치도,제주시,33.4882638626195,126.481705505158
씨유서귀포하효,편의점,제주특별자치도,서귀포시,33.2569335068026,126.617285312417
씨유제주장전벚꽃점,편의점,제주특별자치도,제주시,33.4507997559678,126.38809868148
못,카페,제주특별자치도,서귀포시,33.2724574292927,126.698406370722
리커버,카페,제주특별자치도,제주시,33.5360605347975,126.62518944388
할리스제주애월천덕로점,카페,제주특별자치도,제주시,33.4328444852668,126.32467398335
산토리니,카페,제주특별자치도,제주시,33.4907920540141,126.491310189312
내적친밀,카페,제주특별자치도,서귀포시,33.2521118281047,126.459882211775
세븐일레븐제주연동SJ점,편의점,제주특별자치도,제주시,33.4897344064305,126.488443396459
씨유도남,편의점,제주특별자치도,제주시,33.4964195887494,126.523463584411
와흘리온,카페,제주특별자치도,제주시,33.5033388001602,126.633262120124
지에스25용담,편의점,제주특별자치도,제주시,33.5052792944424,126.513427754528
카페티고,카페,제주특별자치도,제주시,33.5000731775115,126.761769398357
해피라떼클럽,카페,제주특별자치도,서귀포시,33.254571300245,126.507170607941
씨유서귀상모교차로점,편의점,제주특별자치도,서귀포시,33.2250295790998,126.265085538126
게무로사,카페,제주특별자치도,제주시,33.4793715487604,126.481080652287
빽다방제주애월항점,카페,제주특별자치도,제주시,33.4658834084795,126.322244926626
샾피드,카페,제주특별자치도,서귀포시,33.4138691349353,126.756436022224
카페후추,카페,제주특별자치도,제주시,33.473070079519,126.540653907796
씨유월령선인장,편의점,제주특별자치도,제주시,33.3789823121652,126.217068063247
보통,카페,제주특별자치도,제주시,33.5039216315763,126.765773118952
컨트리커피,카페,제주특별자치도,제주시,33.5268023187916,126.5886180661
키에키커피스탠드,카페,제주특별자치도,제주시,33.5214135429124,126.56308940072
메가엠지씨커피제주일주서로점,카페,제주특별자치도,제주시,33.4926306740236,126.425175861035
커피콜라주,카페,제주특별자치도,제주시,33.4819865445693,126.474749382409
네꼬야밀크티샵노형,카페,제주특별자치도,제주시,33.4841826280414,126.484581087768
공차제주,카페,제주특별자치도,서귀포시,33.2792751656554,126.275097079552
지에스25제주삼무점,편의점,제주특별자치도,제주시,33.4911093184199,126.489532870939
소뭇,카페,제주특별자치도,제주시,33.4811960155103,126.473301668744
레몬비슈퍼,편의점,제주특별자치도,제주시,33.531626154205,126.628664297305
리치스그로서리,카페,제주특별자치도,제주시,33.513794503811,126.528502404572
카페가까이,카페,제주특별자치도,서귀포시,33.2427065932232,126.61756191875
지에스25연동누리안,편의점,제주특별자치도,제주시,33.4844733088082,126.496070579009
씨유제주삼무로점,편의점,제주특별자치도,제주시,33.4918071470053,126.494812167508
마이티커피,카페,제주특별자치도,제주시,33.4882345609172,126.538131331197
세븐일레븐서귀포중문,편의점,제주특별자치도,서귀포시,33.2496925921646,126.411555470693
파스쿠찌종합,카페,제주특별자치도,제주시,33.4895769305278,126.523576388375
레몬비로얄호텔점,편의점,제주특별자치도,제주시,33.4885306137356,126.491689253708
메가엠지씨커피서귀포효돈점,카페,제주특별자치도,서귀포시,33.2633758770512,126.621775579294
비지에프리테일B웰스토리제주점,편의점,제주특별자치도,제주시,33.4895750534142,126.429241866687
지에스25제주코아루,편의점,제주특별자치도,제주시,33.5124866866138,126.537937935576
카페오유,카페,제주특별자치도,서귀포시,33.2525082758473,126.565677263993
지에스25서귀서광로점,편의점,제주특별자치도,서귀포시,33.2907119868515,126.301057712326
사시사,카페,제주특별자치도,제주시,33.4901378399447,126.543243127675
지에스25애월구엄점,편의점,제주특별자치도,제주시,33.4840147018184,126.377320986139
보드게임카페홈즈앤루팡제주연동점,카페,제주특별자치도,제주시,33.488155224555,126.490292644409
로타리다방,카페,제주특별자치도,서귀포시,33.2489982234342,126.567486647676
씨유제주오라정실점,편의점,제주특별자치도,제주시,33.4710564226077,126.509262145517
와흘354,카페,제주특별자치도,제주시,33.4745552932359,126.644098812222
베롱혼디,카페,제주특별자치도,서귀포시,33.2698110283425,126.203350391674
카페더씨씨,카페,제주특별자치도,서귀포시,33.3772079362821,126.877844536883
벌크커피삼도점,카페,제주특별자치도,제주시,33.5017296739398,126.516407087474
퍼스트커피랩제주,카페,제주특별자치도,제주시,33.5572443088483,126.803319800222
지에스25제주유정점,편의점,제주특별자치도,제주시,33.4986399659009,126.521761889279
킨더플레이,카페,제주특별자치도,제주시,33.4753680084274,126.459867391207
해맑음다방,카페,제주특별자치도,제주시,33.5075140612503,126.52473732645
카페아난,카페,제주특별자치도,서귀포시,33.2124982109259,126.254657400347
파크삼,카페,제주특별자치도,서귀포시,33.2563551340343,126.511388814085
비밀역,카페,제주특별자치도,서귀포시,33.2418014825558,126.332595236228
모아나카페,카페,제주특별자치도,제주시,33.5027675329663,126.542800135692
현가네,편의점,제주특별자치도,서귀포시,33.2796065216985,126.709406089886
씨유제주,편의점,제주특별자치도,제주시,33.5352995758452,126.636066322217
싱귤벙귤휴게점,카페,제주특별자치도,서귀포시,33.2100590324929,126.258378431327
씨유제주트리플시티점,편의점,제주특별자치도,제주시,33.4811446029462,126.493410824638
세븐일레븐제주연동,편의점,제주특별자치도,제주시,33.491746264278,126.497577960833
올데이모즈,카페,제주특별자치도,제주시,33.5003745495999,126.669207666157
멜케삼춘휴게점,카페,제주특별자치도,서귀포시,33.2100590324929,126.258378431327
레몬비협재해수욕장점,편의점,제주특별자치도,제주시,33.394248097424,126.240588023356
카페와일드가든,카페,제주특별자치도,서귀포시,33.2468204303072,126.573914152265
지에스25제주삼성로점,편의점,제주특별자치도,제주시,33.510416978253,126.536582060695
씨유제주삼무공원점,편의점,제주특별자치도,제주시,33.4904289067987,126.490698975576
카페블레스,카페,제주특별자치도,제주시,33.5007383379742,126.528207308404
카페봄봄외도점,카페,제주특별자치도,제주시,33.4909810822022,126.431104939038
현자커피,카페,제주특별자치도,서귀포시,33.3112126098473,126.715014083894
사랑자유평화낭만,카페,제주특별자치도,제주시,33.500918195514,126.532844591942
지에스25산방사계로점,편의점,제주특별자치도,서귀포시,33.2437464583763,126.304167845862
염전의봄애월점,카페,제주특별자치도,제주시,33.4624115115696,126.310654708913
아문커피,카페,제주특별자치도,서귀포시,33.2620936620429,126.536019546284
씨유제주귀덕해안도로점,편의점,제주특별자치도,제주시,33.4422628343881,126.282358508958
지에스25서귀,편의점,제주특별자치도,서귀포시,33.2505114500743,126.284026472667
지에스25외도,편의점,제주특별자치도,제주시,33.4868803601915,126.431433026864
롤롤,카페,제주특별자치도,서귀포시,33.2453304088891,126.565423051978
느린빙수,카페,제주특별자치도,제주시,33.4769196622986,126.540590559439
세븐일레븐제주노형,편의점,제주특별자치도,제주시,33.4850867155367,126.483015585789
슬며시,카페,제주특별자치도,제주시,33.5433179827123,126.672769515946
지에스25제주이도,편의점,제주특별자치도,제주시,33.4999007954966,126.53321594796
에이치에이,편의점,제주특별자치도,제주시,33.467208437904,126.545202965312
지에스25삼화LH점,편의점,제주특별자치도,제주시,33.5139153620492,126.584954977919
씨유제주한라,편의점,제주특별자치도,제주시,33.4766245586154,126.477471385926
쿠리,카페,제주특별자치도,서귀포시,33.38634763262,126.884398551209
대원미디어코리코카페제주점,카페,제주특별자치도,제주시,33.4365133926125,126.732499418639
오다윤카페,카페,제주특별자치도,제주시,33.4901142832019,126.502020615413
씨유제주학사점,편의점,제주특별자치도,제주시,33.4980405682924,126.530051358076
킥커피,카페,제주특별자치도,제주시,33.4817035380151,126.482486964199
씨유제주뉴,편의점,제주특별자치도,제주시,33.4985042850334,126.531081939536
무르무르,카페,제주특별자치도,제주시,33.4897335623296,126.488238957396
도바나,카페,제주특별자치도,제주시,33.5099126836047,126.520160816065
체프메이트커피,카페,제주특별자치도,제주시,33.5175837988001,126.519795556954
카페다각,카페,제주특별자치도,제주시,33.4887930924129,126.667368671001
하고야까페,카페,제주특별자치도,제주시,33.5139720719745,126.957043349399
옹포정미소,카페,제주특별자치도,제주시,33.4050859129394,126.255586129595
어드브레드,카페,제주특별자치도,제주시,33.5134055985777,126.528181619096
세븐일레븐제주이도,편의점,제주특별자치도,제주시,33.501069392617,126.532294935983
선문,카페,제주특별자치도,제주시,33.5118261809008,126.520709928286
멜로우프루츠,카페,제주특별자치도,제주시,33.4961280550392,126.534527519212
캄포,카페,제주특별자치도,제주시,33.4629255101228,126.54022335884
용수씨,카페,제주특별자치도,제주시,33.3291493018323,126.165520917714
캐롤,카페,제주특별자치도,서귀포시,33.264117507871,126.61372298003
싱그러우니,카페,제주특별자치도,서귀포시,33.2641079398064,126.376095596673
씨유서귀천지,편의점,제주특별자치도,서귀포시,33.2525696182306,126.560043135357
지에스25김녕세기알점,편의점,제주특별자치도,제주시,33.5568432428722,126.755346313822
하나카페,카페,제주특별자치도,서귀포시,33.2583347906353,126.512687069913
에이치,카페,제주특별자치도,제주시,33.4930890212818,126.951856200301
또똣쉼팡제주,카페,제주특별자치도,제주시,33.5108400544674,126.892122547656
카페브루,카페,제주특별자치도,서귀포시,33.2118545603237,126.25708690654
동방불패앤컴퍼니,편의점,제주특별자치도,제주시,33.4862063471274,126.48558051942
지에스25오드리인호텔점,편의점,제주특별자치도,제주시,33.5030662200922,126.460179690956
멜빌,카페,제주특별자치도,서귀포시,33.308210910033,126.782222190405
커피마마제주금능해변,카페,제주특별자치도,제주시,33.3889167502073,126.232777916071
씨유제주납읍점,편의점,제주특별자치도,제주시,33.4365177011155,126.327022056045
온화미담,카페,제주특별자치도,제주시,33.5164106385163,126.540909341433
또시,카페,제주특별자치도,제주시,33.4052700239355,126.260744366834
모페,카페,제주특별자치도,서귀포시,33.4363976325032,126.920368169963
씨유제주열린점,편의점,제주특별자치도,제주시,33.4902103275864,126.487977906441
테로,카페,제주특별자치도,제주시,33.4747414185122,126.54401246558
더윈썸,카페,제주특별자치도,제주시,33.4325232354617,126.275728826131
누에보홍스랩,카페,제주특별자치도,제주시,33.4006541279234,126.344185505459
에이바우트커피,카페,제주특별자치도,제주시,33.495055382637,126.534587063883
세븐일레븐제주에어시티호텔점,편의점,제주특별자치도,제주시,33.4896162464191,126.49259752798
카페;메쥬,카페,제주특별자치도,서귀포시,33.2531737684934,126.557518283448
제주포슬,카페,제주특별자치도,서귀포시,33.2811367860175,126.223556831469
세븐일레븐서귀포중문,편의점,제주특별자치도,서귀포시,33.2553955217025,126.414457631071
아꼬아체험농장카페,카페,제주특별자치도,서귀포시,33.2998780793754,126.635275477107
지에스25제주삼양초교점,편의점,제주특별자치도,제주시,33.519759751384,126.585572906813
세븐일레븐제주영평휴안점,편의점,제주특별자치도,제주시,33.47762710622,126.566795153751
지에스25서귀천지점,편의점,제주특별자치도,서귀포시,33.2442643056162,126.5622307635
세븐일레븐제주연동북타운점,편의점,제주특별자치도,제주시,33.4859537140838,126.494297406826
카페가젠,카페,제주특별자치도,제주시,33.5039515313996,126.546044036335
모슬포영다방,카페,제주특별자치도,서귀포시,33.2207564556598,126.251562374248
공차제주서귀포,카페,제주특별자치도,서귀포시,33.253751593199,126.562838065335
카페위유,카페,제주특별자치도,제주시,33.4546465144439,126.457145598762
지에스25제주인화점,편의점,제주특별자치도,제주시,33.5066395628126,126.539066769792
씨유제주아라아이진점,편의점,제주특별자치도,제주시,33.4718704708235,126.547878880978
봄봄하귀점,카페,제주특별자치도,제주시,33.4811097624747,126.404465398973
카페페이지,카페,제주특별자치도,제주시,33.5125153662951,126.510201392719
무슈부부커피스탠드오리진,카페,제주특별자치도,제주시,33.5231567014858,126.857241017715
카페젠타일스,카페,제주특별자치도,서귀포시,33.325686460782,126.843376112859
스튜디오유엠엠,카페,제주특별자치도,제주시,33.4992544887414,126.522135159534
세븐일레븐제주평화로점,편의점,제주특별자치도,제주시,33.4675217274182,126.457248220739
밀물리,카페,제주특별자치도,서귀포시,33.2497887454579,126.43026909877
씨유제주내도,편의점,제주특별자치도,제주시,33.4962838422828,126.441325478148
씨유제주하도,편의점,제주특별자치도,제주시,33.5275998242983,126.881185970433
씨유제주남조로점,편의점,제주특별자치도,제주시,33.4545622375392,126.66180952323
오리움커피,카페,제주특별자치도,서귀포시,33.2535008924779,126.576371373634
퐁치커피익스프레스,카페,제주특별자치도,제주시,33.5098942646762,126.5108403985
제주특별자치도지적발달장애인복지협회,편의점,제주특별자치도,제주시,33.5008971367612,126.524934915209
카페1큐84,카페,제주특별자치도,제주시,33.4602083662813,126.32314960534
지에스25제주봉성점,편의점,제주특별자치도,제주시,33.4189030520185,126.312665176049
월간레코드,카페,제주특별자치도,서귀포시,33.4599449325353,126.930726860786
GS25한림상로점,편의점,제주특별자치도,제주시,33.4116517839136,126.26809732441
에이바우트커피외도점,카페,제주특별자치도,제주시,33.4907266684473,126.430676190915
현스낵상점,카페,제주특별자치도,제주시,33.4882778401458,126.480737019452
지에스25제주표선점,편의점,제주특별자치도,서귀포시,33.325637487508,126.833452300538
씨유제주표선은하점,편의점,제주특별자치도,서귀포시,33.3240263952022,126.835571135984
산세라,카페,제주특별자치도,제주시,33.3320780364894,126.256111026584
카페요아정서귀포시청1,카페,제주특별자치도,서귀포시,33.249077455138,126.561788271765
레몬비웨스턴그레이스호텔이데아점,편의점,제주특별자치도,서귀포시,33.2526408833978,126.506934630267
감성커피,카페,제주특별자치도,제주시,33.4868107503061,126.477044388477
코너스토어,편의점,제주특별자치도,제주시,33.3100622587926,126.279277166849
씨유제주,편의점,제주특별자치도,제주시,33.4942709296492,126.463225769018
홀수,카페,제주특별자치도,제주시,33.3739105572525,126.285005041953
메가엠지씨커피제주하귀농협하나로점,카페,제주특별자치도,제주시,33.485059356568,126.412152986171
씨유서귀포서홍점,편의점,제주특별자치도,서귀포시,33.2639310219505,126.550208893865
씨유제주한일시티점,편의점,제주특별자치도,제주시,33.4916011887331,126.488561544887
모니크,카페,제주특별자치도,서귀포시,33.2544917298636,126.42950885333
유키즈,카페,제주특별자치도,제주시,33.4858152693635,126.478298498913
쇄질,카페,제주특별자치도,제주시,33.4402188653672,126.377988915237
빽다방제주동문,카페,제주특별자치도,제주시,33.5128779255781,126.526935963506
엘엘엘.에프,카페,제주특별자치도,서귀포시,33.2677375713541,126.197777505065
세븐일레븐제주,편의점,제주특별자치도,제주시,33.4976567981431,126.528708279403
컴포즈커피서귀포,카페,제주특별자치도,서귀포시,33.4385789098599,126.919398312206
빽다방제주하귀점,카페,제주특별자치도,제주시,33.4841903363475,126.411416453215
그릭볼,카페,제주특별자치도,제주시,33.488109830724,126.481523502603
골목사이카페,카페,제주특별자치도,서귀포시,33.2424903195961,126.565437105729
제로플러스커피,카페,제주특별자치도,제주시,33.4888404969785,126.494711032688
지에스25서귀엠퍼샌드점,편의점,제주특별자치도,서귀포시,33.2521826232854,126.537864014802
씨유법환드림,편의점,제주특별자치도,서귀포시,33.2364326044032,126.507690828247
카페더브릿지,카페,제주특별자치도,제주시,33.4977672367837,126.529299548712
레몬비씨사이드아덴이데아점,편의점,제주특별자치도,서귀포시,33.2491043704514,126.414918081765
선미다방,카페,제주특별자치도,서귀포시,33.2464981974329,126.332462969246
빽다방제주법조,카페,제주특별자치도,제주시,33.4945945685296,126.534320508392
사슴카페,카페,제주특별자치도,제주시,33.4960164207099,126.657989668079
아구아비바,카페,제주특별자치도,제주시,33.5372674606535,126.618886022797
메가엠지씨커피제주애월항점,카페,제주특별자치도,제주시,33.4644583828918,126.320502633208
메종메르미누,카페,제주특별자치도,서귀포시,33.2711070596249,126.202995164199
지에스25제주씨앤호텔점,편의점,제주특별자치도,제주시,33.4936137515397,126.447045777713
세븐일레븐서귀포토평,편의점,제주특별자치도,서귀포시,33.265909631753,126.585080122523
심풀그리고잇닿다,카페,제주특별자치도,제주시,33.5134100424388,126.633402609704
카페요아정제주삼화점,카페,제주특별자치도,제주시,33.515618420705,126.576680499818
요미그릭,카페,제주특별자치도,제주시,33.4926403573448,126.433149349859
씨유제주민오름점,편의점,제주특별자치도,제주시,33.473037626193,126.50415161019
지에스25서귀송악산점,편의점,제주특별자치도,서귀포시,33.2068331635019,126.28961622907
메고지고떡창고외도우정점,카페,제주특별자치도,제주시,33.4860883182057,126.431728714801
어니스크,카페,제주특별자치도,제주시,33.4911390496781,126.479342613609
카페요아정제주외도점,카페,제주특별자치도,제주시,33.4873638445829,126.43069819576
달롱도르제주,카페,제주특별자치도,제주시,33.5078326011287,126.539856868676
스타벅스,카페,제주특별자치도,제주시,33.458104817822,126.311172821422
씨유제주외도우령점,편의점,제주특별자치도,제주시,33.4860598065297,126.429447840956
선흘리2085,카페,제주특별자치도,제주시,33.4868570565043,126.700107872629
빽다방한라대점,카페,제주특별자치도,제주시,33.4765014660116,126.478214466091
오커스트,카페,제주특별자치도,제주시,33.5088896044891,126.526075132744
초낭재,카페,제주특별자치도,서귀포시,33.3146014301717,126.826772280237
매듭커피,카페,제주특별자치도,제주시,33.4990373123516,126.545897505854
씨유유수암평화길점,편의점,제주특별자치도,제주시,33.4354309857958,126.405476595053
씨유서귀포남원길점,편의점,제주특별자치도,서귀포시,33.2751358275981,126.69863330835
라라숲,카페,제주특별자치도,제주시,33.4740943120609,126.549502595665
청단풍,카페,제주특별자치도,제주시,33.5025925762866,126.541810966568
책빵글라,카페,제주특별자치도,제주시,33.4836902676926,126.498625108021
심쿵사,카페,제주특별자치도,제주시,33.5200304611408,126.564614079611
파르다르,카페,제주특별자치도,서귀포시,33.2410940818458,126.516902940521
골목커피,카페,제주특별자치도,제주시,33.4852573714281,126.487200078147
백억커피제주,카페,제주특별자치도,제주시,33.5000031404333,126.529287447622
씨유제주대원점,편의점,제주특별자치도,제주시,33.476348393725,126.53488076424
트리플에이제주신,카페,제주특별자치도,서귀포시,33.2461452428408,126.52445073506
씨유제주일도,편의점,제주특별자치도,제주시,33.5097842930196,126.538576537268
씨유제주연문로점,편의점,제주특별자치도,제주시,33.4929688745892,126.498926737644
제이제이엘엔에프,편의점,제주특별자치도,제주시,33.5170851810917,126.581151035008
봄봄,카페,제주특별자치도,서귀포시,33.2527631905866,126.503682424901
카페아나소라,카페,제주특별자치도,제주시,33.4918753230066,126.673684105116
헤이피피,카페,제주특별자치도,제주시,33.3649247490884,126.199820003205
지에스25서귀중산간동로점,편의점,제주특별자치도,서귀포시,33.2616633144499,126.531857731648
더벤티제주김녕점,카페,제주특별자치도,제주시,33.5546803804802,126.751303497363
포투이어스,카페,제주특별자치도,제주시,33.4871973093508,126.481066264785
몽라브,카페,제주특별자치도,제주시,33.4668360857823,126.527605784514
씨유제주함덕해수욕장점,편의점,제주특별자치도,제주시,33.5423940035263,126.671125672683
카페오션,카페,제주특별자치도,서귀포시,33.2458944595186,126.412975846827
하로헌,카페,제주특별자치도,제주시,33.5117830705576,126.67385694574
지에스25한림LH점,편의점,제주특별자치도,제주시,33.4205261403447,126.267033735028
즈물,카페,제주특별자치도,제주시,33.3085686654472,126.250834492069
연호제카페,카페,제주특별자치도,제주시,33.5162280288284,126.530674197515
하니하니,카페,제주특별자치도,제주시,33.5580686568455,126.754965950765
카페마요피,카페,제주특별자치도,제주시,33.5244239278737,126.888445698707
씨유제주노형세방점,편의점,제주특별자치도,제주시,33.4834529989717,126.474008890388
지에스25서귀동홍북로점,편의점,제주특별자치도,서귀포시,33.2590897638241,126.570753081408
세븐일레븐제주금능,편의점,제주특별자치도,제주시,33.3860599655587,126.2257206028
카페밀리,카페,제주특별자치도,제주시,33.5063764049832,126.618085157396
씨유제주도평길점,편의점,제주특별자치도,제주시,33.4789219609974,126.452034410069
비씨디,카페,제주특별자치도,제주시,33.4815036660243,126.490826527366
플라잉애월,카페,제주특별자치도,제주시,33.4855069103015,126.381840103714
씨유제주새가름점,편의점,제주특별자치도,제주시,33.5009290156076,126.608854045732
오즈,카페,제주특별자치도,서귀포시,33.2841699410529,126.300100796692
지에스25제주허브올레점,편의점,제주특별자치도,서귀포시,33.4060765401738,126.779108064553
지에스25해녀박물관점,편의점,제주특별자치도,제주시,33.5234873393506,126.86260121866
커피러스트,카페,제주특별자치도,제주시,33.4827500070607,126.746430776234
메가엠지씨커피제주,카페,제주특별자치도,제주시,33.4916093421456,126.592938116568
람번트,카페,제주특별자치도,제주시,33.4147240614117,126.260137484903
무량제주,카페,제주특별자치도,서귀포시,33.2756572337715,126.653087257955
세븐일레븐제주공항서로점,편의점,제주특별자치도,제주시,33.5019116223784,126.489835368585
세븐일레븐서귀포대정상모점,편의점,제주특별자치도,서귀포시,33.2196800572419,126.256999319687
씨유제주함덕포구점,편의점,제주특별자치도,제주시,33.5459266619812,126.660517298826
씨유제주,편의점,제주특별자치도,제주시,33.509263802362,126.5202289734
세븐일레븐제주낙,편의점,제주특별자치도,제주시,33.3277080389236,126.225581994196
라이스웨더,카페,제주특별자치도,제주시,33.5138836400892,126.535390387221
힐링찻집,카페,제주특별자치도,제주시,33.4630223067287,126.709204356779
찻잔속에,카페,제주특별자치도,제주시,33.492847058722,126.53714914753
씨유제주봉성점,편의점,제주특별자치도,제주시,33.4177488281798,126.312631265334
냥다방,카페,제주특별자치도,제주시,33.4687390616652,126.340187717941
세븐일레븐서귀포성산점,편의점,제주특별자치도,서귀포시,33.4624974954994,126.932553522616
은빌레,카페,제주특별자치도,서귀포시,33.3117486417601,126.716794916428
신풍예가,카페,제주특별자치도,서귀포시,33.3610540317712,126.833965070333
지에스25제주과원점,편의점,제주특별자치도,제주시,33.4765187095597,126.488843834566
읍천리382제주연동점,카페,제주특별자치도,제주시,33.4815365882484,126.490062431575
워크인커피바,카페,제주특별자치도,서귀포시,33.4638239447211,126.934574844438
씨유제주이도,편의점,제주특별자치도,제주시,33.4999716315135,126.528114614204
지에스25제주선흘점,편의점,제주특별자치도,제주시,33.5100786156271,126.706108798404
빽다방제주한경면수월봉점,카페,제주특별자치도,제주시,33.2994966398377,126.173726948978
델리커시,카페,제주특별자치도,제주시,33.4931096359932,126.513893978862
씨유제주황사평점,편의점,제주특별자치도,제주시,33.4934540364651,126.560227640228
씨유제주외도월대점,편의점,제주특별자치도,제주시,33.4920782372976,126.432464343019
가상순커피,카페,제주특별자치도,제주시,33.4753256958674,126.545988962754
지에스25외도,편의점,제주특별자치도,제주시,33.4861141831889,126.427553773262
빈투지,카페,제주특별자치도,제주시,33.5185187790787,126.528487539297
씨유서귀포,편의점,제주특별자치도,서귀포시,33.2478069723608,126.562019953065
세븐일레븐제주연동삼무점,편의점,제주특별자치도,제주시,33.4906980397868,126.494775566676
우누커피,카페,제주특별자치도,제주시,33.5134442233488,126.540860430179
세븐일레븐제주협재로점,편의점,제주특별자치도,제주시,33.3795641497182,126.251462110453
우리다,카페,제주특별자치도,제주시,33.4872015424356,126.53673802387
지에스25표선,편의점,제주특별자치도,서귀포시,33.3264800233075,126.836479449371
하몽휴게점,카페,제주특별자치도,서귀포시,33.2100590324929,126.258378431327
욜다,편의점,제주특별자치도,서귀포시,33.2711645611613,126.414395336197
시온디저트카페,카페,제주특별자치도,제주시,33.4903077071752,126.478895657275
제이이에스로스터리,카페,제주특별자치도,서귀포시,33.2865042043265,126.725357387505
빔클라우드beamcloud,카페,제주특별자치도,제주시,33.4475716238619,126.301028224718
카페1930,카페,제주특별자치도,서귀포시,33.2547638766614,126.560976498464
공간서오,카페,제주특별자치도,제주시,33.4596874412623,126.702062344007
씨유제주메르블루점,편의점,제주특별자치도,제주시,33.5113007670129,126.484172813311
밈피,카페,제주특별자치도,제주시,33.3167723929675,126.267323429267
카페무물,카페,제주특별자치도,제주시,33.4665552609,126.338128119769
씨유제주거로길점,편의점,제주특별자치도,제주시,33.5139031230552,126.557960796336
포크,카페,제주특별자치도,제주시,33.4091278948145,126.25907767602
레몬비이스턴호텔이데아점,편의점,제주특별자치도,서귀포시,33.2543602827026,126.52007079666
너리,카페,제주특별자치도,서귀포시,33.2675603720126,126.590750043256
아그당,카페,제주특별자치도,제주시,33.5165547791766,126.521814026753
러프라이프커피,카페,제주특별자치도,제주시,33.5007658509106,126.53070385103
억새타르트,카페,제주특별자치도,서귀포시,33.2868405085978,126.328205454477
한라빙,카페,제주특별자치도,서귀포시,33.2548985904407,126.505580531334
지에스25제주공룡랜드점,편의점,제주특별자치도,제주시,33.445566763557,126.43085309
벌크커피추자점,카페,제주특별자치도,제주시,33.9587041329957,126.297763090701
카파드래곤제주점,카페,제주특별자치도,제주시,33.4387691694233,126.295721933113
달코미커피,카페,제주특별자치도,제주시,33.4601156814994,126.311232213529
요우르,카페,제주특별자치도,제주시,33.549307952189,126.654118839
지에스25삼화,편의점,제주특별자치도,제주시,33.5163403812721,126.579529326689
모리커피서귀포,카페,제주특별자치도,서귀포시,33.2528403912226,126.502694727986
씨유제주제성점,편의점,제주특별자치도,제주시,33.4949566953293,126.482429650258
씨유성산온평점,편의점,제주특별자치도,서귀포시,33.4074030761435,126.897679432521
씨유제주함덕신북점,편의점,제주특별자치도,제주시,33.5426365902727,126.664093993343
보테,카페,제주특별자치도,제주시,33.4875150150097,126.479428860268
장봐주는언니아라점,편의점,제주특별자치도,제주시,33.4742815702848,126.54893143463
부나커피,카페,제주특별자치도,제주시,33.5041521864788,126.525013990574
컵비,카페,제주특별자치도,서귀포시,33.2528349158568,126.43393007814
세븐일레븐제주외도,편의점,제주특별자치도,제주시,33.48765895935,126.432138093495
더퍼즈플레이스,카페,제주특별자치도,제주시,33.4407989806022,126.330118429056
공차서귀포,카페,제주특별자치도,서귀포시,33.2554538963,126.506918830371
에이바우트커피아라스위첸점,카페,제주특별자치도,제주시,33.4730511911373,126.545312300962
청담카페,카페,제주특별자치도,제주시,33.5087956551822,126.52273924081
더벤티제주아라점,카페,제주특별자치도,제주시,33.4773529082039,126.543159605601
나무밑,카페,제주특별자치도,서귀포시,33.2414023663144,126.601333476744
하와이안비치카페,카페,제주특별자치도,서귀포시,33.4351605246679,126.917465818047
영아리,카페,제주특별자치도,서귀포시,33.2267116536286,126.298767249139
씨유제주서문,편의점,제주특별자치도,제주시,33.5127730389581,126.518433697015
포포파이하우스,카페,제주특별자치도,서귀포시,33.2500421825354,126.561783456886
카페던스페이스,카페,제주특별자치도,제주시,33.5195171842137,126.49362857159
네버마인드Nvrmnd,카페,제주특별자치도,제주시,33.4881844218589,126.536775830897
돈내코숲카페,카페,제주특별자치도,서귀포시,33.3044575183898,126.570155146986
요정,카페,제주특별자치도,제주시,33.4097256470369,126.265597943072
지에스25월정포구점,편의점,제주특별자치도,제주시,33.5564994628441,126.794361991368
단델리온,카페,제주특별자치도,제주시,33.5043148364244,126.51810387412
씨유제주외도초교점,편의점,제주특별자치도,제주시,33.4934084557772,126.433531727334
오뜨미르,카페,제주특별자치도,제주시,33.487258195151,126.53261666712
우호,카페,제주특별자치도,제주시,33.4647961324545,126.319617923827
제철과사람,카페,제주특별자치도,서귀포시,33.2524696471898,126.57537835837
카페수미,카페,제주특별자치도,서귀포시,33.3246542971758,126.833142709983
레몬비,편의점,제주특별자치도,제주시,33.531626154205,126.628664297305
오븐런,카페,제주특별자치도,제주시,33.4923038001992,126.495002972977
씨유제주도남점,편의점,제주특별자치도,제주시,33.4929799511602,126.531725076583
씨유서귀안덕계곡점,편의점,제주특별자치도,서귀포시,33.2583265236358,126.352763141382
씨유제주금능길점,편의점,제주특별자치도,제주시,33.3864988830037,126.229607219122
오띠모,카페,제주특별자치도,제주시,33.464251574349,126.327216574712
미스유얼웨이즈,카페,제주특별자치도,제주시,33.5208085955792,126.878934770652
컴포즈커피,카페,제주특별자치도,서귀포시,33.2464453409689,126.559419270517
씨유제주서사라,편의점,제주특별자치도,제주시,33.5018942479005,126.51931184086
퍼레니얼파트너스,편의점,제주특별자치도,제주시,33.4895760172579,126.474294680807
세븐일레븐제주가이아호텔점,편의점,제주특별자치도,제주시,33.489436958522,126.490650981482
지에스25아라,편의점,제주특별자치도,제주시,33.4785955204296,126.552610131925
지에스25제주구남,편의점,제주특별자치도,제주시,33.4875887779095,126.536617602382
세븐일레븐서귀포,편의점,제주특별자치도,서귀포시,33.2482994202712,126.566180959582
카페붐비지,카페,제주특별자치도,서귀포시,33.2503229679931,126.562146903359
삐삐아일랜드,카페,제주특별자치도,제주시,33.4590739053986,126.352125158459
세븐일레븐제주삼무공원점,편의점,제주특별자치도,제주시,33.491837059293,126.49330552718
세븐일레븐서귀포성읍점,편의점,제주특별자치도,서귀포시,33.3920382802884,126.800339225763
비에스엠엘,카페,제주특별자치도,제주시,33.4816843385112,126.484369940691
씨유제주김녕,편의점,제주특별자치도,제주시,33.5558230206499,126.754627698454
이더리,카페,제주특별자치도,서귀포시,33.2278750665365,126.269063229262
지에스25서귀파인힐점,편의점,제주특별자치도,서귀포시,33.2631195303081,126.555214342061
카페몽몽,카페,제주특별자치도,제주시,33.4924392101543,126.473384254351
탑편의점,편의점,제주특별자치도,제주시,33.5146563250837,126.525171863486
코히동시오리,카페,제주특별자치도,제주시,33.4833249007801,126.471448925335
세븐일레븐제주번영로점,편의점,제주특별자치도,제주시,33.4950789748458,126.584334656021
메종봉주르,카페,제주특별자치도,서귀포시,33.2596414612163,126.354223702628
오라339,카페,제주특별자치도,제주시,33.4824622360827,126.509423783985
펍65,카페,제주특별자치도,제주시,33.5133261613587,126.526266208425
작은천국,카페,제주특별자치도,제주시,33.3988342315436,126.244535933307
브리즈101,카페,제주특별자치도,제주시,33.4637643042972,126.322175364225
지에스25성산신양점,편의점,제주특별자치도,서귀포시,33.4385789098599,126.919398312206
지에스25표선,편의점,제주특별자치도,서귀포시,33.3283214190916,126.831288358106
소금,카페,제주특별자치도,서귀포시,33.2819463276735,126.72734685956
귤바테,카페,제주특별자치도,서귀포시,33.2816129888728,126.62981236246
송맛이야기,카페,제주특별자치도,서귀포시,33.2526012403094,126.556254899753
봄차한잔,카페,제주특별자치도,제주시,33.4805861993734,126.413786296654
싱싱프루츠삼화점,카페,제주특별자치도,제주시,33.517271388974,126.588286456132
씨2떠블유2,카페,제주특별자치도,제주시,33.4815937427651,126.486436244506
지에스25송당,편의점,제주특별자치도,제주시,33.4703109197154,126.776105142352
아라댕댕,카페,제주특별자치도,제주시,33.474566302187,126.540538429202
지에스25서귀엉또폭포점,편의점,제주특별자치도,서귀포시,33.2601618078036,126.491599304362
카페굿모닝,카페,제주특별자치도,제주시,33.4912140448783,126.544141353516
솔바르,카페,제주특별자치도,서귀포시,33.364067909951,126.865828638957
씨유서귀호근로점,편의점,제주특별자치도,서귀포시,33.2610766692609,126.524573754832
3분마트스테이디앤디점,편의점,제주특별자치도,서귀포시,33.245958838605,126.20683950657
세븐일레븐서귀포아랑조을점,편의점,제주특별자치도,서귀포시,33.2488976560443,126.559385504528
레피스,카페,제주특별자치도,제주시,33.4977651825639,126.545656639238
이디야커피제주애월하나로마트점,카페,제주특별자치도,제주시,33.4604269936151,126.321910913214
컴포즈커피제주베라체점,카페,제주특별자치도,제주시,33.4922000300013,126.542575906954
곤트란쉐리에제주,카페,제주특별자치도,제주시,33.470544091999,126.485199733202
빽다방빵연구소호텔더,카페,제주특별자치도,서귀포시,33.2595322954249,126.406499201256
씨유제주하가리연꽃점,편의점,제주특별자치도,제주시,33.4553491917493,126.34846360123
씨유노형,편의점,제주특별자치도,제주시,33.4867978237341,126.480401537004
모먼트이루다,카페,제주특별자치도,제주시,33.4699869640396,126.54318750039
메가엠지씨커피제주동광육,카페,제주특별자치도,서귀포시,33.31056357175,126.340307880117
씨유제주삼도,편의점,제주특별자치도,제주시,33.5165129736645,126.520328887227
지에스25금능해수욕장점,편의점,제주특별자치도,제주시,33.3889167502073,126.232777916071
씨유제주도체육회관점,편의점,제주특별자치도,제주시,33.4950581960841,126.518800815855
스타벅스,카페,제주특별자치도,제주시,33.3479354820614,126.359319930864
컴포즈커피제주대학교점,카페,제주특별자치도,제주시,33.4603614487087,126.561653325764
지에스25탑동,편의점,제주특별자치도,제주시,33.5175111800681,126.526695472152
빽다방제주신비로점,카페,제주특별자치도,제주시,33.4500814918069,126.48607353505
카페라엘라,카페,제주특별자치도,제주시,33.4857398646509,126.432419609921
메가엠지씨커피제주저지점,카페,제주특별자치도,제주시,33.3330913760685,126.256703894064
무릉농원카페,카페,제주특별자치도,서귀포시,33.2642819563936,126.555025997366
씨유제주용담서문로점,편의점,제주특별자치도,제주시,33.5094421401562,126.51279098499
빽다방제주월정리점,카페,제주특별자치도,제주시,33.5558609752254,126.795354210499
컴포즈커피제주드림,카페,제주특별자치도,제주시,33.4842429080411,126.481740214954
투썸플레이스영어도시점,카페,제주특별자치도,서귀포시,33.2807270158593,126.278240969228
메가엠지씨커피제주,카페,제주특별자치도,서귀포시,33.2516078514652,126.423926070308
카페위더스,카페,제주특별자치도,제주시,33.4808457301887,126.501976823025
컴포즈커피서귀포,카페,제주특별자치도,서귀포시,33.2464225101956,126.330124366266
카페그린,카페,제주특별자치도,서귀포시,33.2464038303016,126.521348272796
카미커피,카페,제주특별자치도,제주시,33.4972652551804,126.530066308401
카페묵담墨談,카페,제주특별자치도,제주시,33.3458311003519,126.211413700618
달오름,카페,제주특별자치도,서귀포시,33.2466542847593,126.567573305607
씨유제주이도노브힐점,편의점,제주특별자치도,제주시,33.4889085715738,126.539967737463
스타벅스,카페,제주특별자치도,서귀포시,33.2273945512356,126.257953236985
딜라이트,카페,제주특별자치도,제주시,33.4670424507452,126.508789926811
씨유애조로월산점,편의점,제주특별자치도,제주시,33.4657301353924,126.470350934101
위카페제주한라,카페,제주특별자치도,제주시,33.4904675529965,126.484780583061
빽다방제주종합경,카페,제주특별자치도,제주시,33.4942188133972,126.518568721938
스타벅스,카페,제주특별자치도,제주시,33.4834168980589,126.476128714701
스타벅스,카페,제주특별자치도,제주시,33.5006310778444,126.50532877455
지에스25제주강정점,편의점,제주특별자치도,서귀포시,33.2356093883827,126.495754080709
메가엠지씨커피서귀포감산점,카페,제주특별자치도,서귀포시,33.2597287682423,126.357152848111
지에스25함덕해안도로점,편의점,제주특별자치도,제주시,33.5431949579318,126.663865727687
스타벅스,카페,제주특별자치도,제주시,33.4355371733828,126.731351774425
나무사이로커피,카페,제주특별자치도,서귀포시,33.4134916666683,126.752491484429
스타벅스,카페,제주특별자치도,서귀포시,33.248263776302,126.56372383505
스타벅스,카페,제주특별자치도,제주시,33.4633017718062,126.450992479544
씨유제주삼양원당점,편의점,제주특별자치도,제주시,33.524625782569,126.590221531111
스타벅스,카페,제주특별자치도,제주시,33.4909728537753,126.474146355591
찻집여백,카페,제주특별자치도,서귀포시,33.2422736363113,126.445210754857
무아,카페,제주특별자치도,제주시,33.4943649653402,126.542876586634
스타벅스,카페,제주특별자치도,서귀포시,33.2829373794099,126.718916893043
빵금소소금빵,카페,제주특별자치도,제주시,33.518216764542,126.577195269803
세븐일레븐제주해안,편의점,제주특별자치도,제주시,33.4527011289802,126.451468001487
스타벅스,카페,제주특별자치도,제주시,33.5229985329046,126.853053892877
스타벅스,카페,제주특별자치도,제주시,33.468927282311,126.484488530995
세븐일레븐제주센트럴시티호텔점,편의점,제주특별자치도,제주시,33.4857619391245,126.487121786588
카페인중독제주삼화점,카페,제주특별자치도,제주시,33.517836378779,126.579339105496
중문다방,카페,제주특별자치도,서귀포시,33.251546120082,126.430096731532
브리릭,카페,제주특별자치도,제주시,33.509377941486,126.521767404433
편의점,편의점,제주특별자치도,서귀포시,33.2929456726271,126.757534823549
망상,카페,제주특별자치도,제주시,33.5149015925408,126.528012048333
데저트알씨,카페,제주특별자치도,제주시,33.4869745626093,126.53152068103
리타르스튜디오,카페,제주특별자치도,서귀포시,33.2583188030273,126.622130058959
원다방,카페,제주특별자치도,서귀포시,33.324292243121,126.832101621416
씨유제주곽지해수욕장점,편의점,제주특별자치도,제주시,33.4520315858167,126.308553498897
카페게이트제주,카페,제주특별자치도,제주시,33.4895180050562,126.538985335297
카페요아정제주,카페,제주특별자치도,제주시,33.5065653738879,126.54093980801
롤스커피,카페,제주특별자치도,서귀포시,33.2768966574964,126.360869793492
기적회신,카페,제주특별자치도,제주시,33.5089878737318,126.530573372205
메라키카페,카페,제주특별자치도,제주시,33.4961928737527,126.493581462762
씨유제주서반점,편의점,제주특별자치도,제주시,33.511894696461,126.538759069196
제주탱이점방,카페,제주특별자치도,서귀포시,33.2539447374343,126.563920961182
하도리안,카페,제주특별자치도,제주시,33.5259876000382,126.892868049041
씨유제주,편의점,제주특별자치도,서귀포시,33.2518232090838,126.42565233411
씨유제주한동교차로점,편의점,제주특별자치도,제주시,33.5391651319378,126.825948831596
선흘에서,카페,제주특별자치도,제주시,33.4583570712064,126.703734143619
GS25제주대,편의점,제주특별자치도,제주시,33.4604364631222,126.562470452587
백마베이크,카페,제주특별자치도,제주시,33.5102554890889,126.520212737796
세븐일레븐제주김녕해수욕장점,편의점,제주특별자치도,제주시,33.5571044800436,126.759836120842
별가게,카페,제주특별자치도,제주시,33.5213465869277,126.955382003266
나와산,카페,제주특별자치도,제주시,33.4804326118891,126.680064161056
생각할때남녕,카페,제주특별자치도,제주시,33.4888898569023,126.482637905081
빽다방제주연동사장1길점,카페,제주특별자치도,제주시,33.485136997662,126.490805268228
제주트립티산지,카페,제주특별자치도,제주시,33.5150927670322,126.528495362124
베터플랫제주,카페,제주특별자치도,제주시,33.5182456952712,126.523096374704
바당앞카페,카페,제주특별자치도,제주시,33.5260150159579,126.574412311513
수집,카페,제주특별자치도,제주시,33.4948617054703,126.543110715563
씨유서귀남고,편의점,제주특별자치도,서귀포시,33.2661961024948,126.56858250089
씨유제주화북동화점,편의점,제주특별자치도,제주시,33.5197025651991,126.576660606421
세븐일레븐제주오등점,편의점,제주특별자치도,제주시,33.4667424757621,126.522001690534
지에스25제주중앙여중점,편의점,제주특별자치도,제주시,33.505875892402,126.520764255306
씨유켄싱턴리조트제주점,편의점,제주특별자치도,제주시,33.4357434638586,126.274454682727
세븐일레븐제주아시아호텔점,편의점,제주특별자치도,제주시,33.4862706625593,126.485870653301
씨유제주중문,편의점,제주특별자치도,서귀포시,33.2514461767189,126.431900166636
카페인큐브,카페,제주특별자치도,제주시,33.452898192848,126.57255414442
지에스25제주보성점,편의점,제주특별자치도,제주시,33.5016307318942,126.528159420186
케케커피,카페,제주특별자치도,제주시,33.5293390860354,126.592341569726
봄봄제주서귀강정점,카페,제주특별자치도,서귀포시,33.234697878266,126.488914294805
씨유제주인화,편의점,제주특별자치도,제주시,33.5062374161866,126.537605230863
가이아띠어리,카페,제주특별자치도,서귀포시,33.4562622782454,126.910292931808
무이카,카페,제주특별자치도,제주시,33.4805807787464,126.481342419378
씨유제주건강관리협회점,편의점,제주특별자치도,제주시,33.4824651152715,126.494436032304
뿌리와열매,카페,제주특별자치도,제주시,33.4717942981445,126.783857940959
옛날카페,카페,제주특별자치도,제주시,33.5409425032575,126.667771974723
시도,카페,제주특별자치도,제주시,33.4888855524182,126.442158474474
씨유소노캄제주점,편의점,제주특별자치도,서귀포시,33.306011138784,126.792890226731
카페바당,카페,제주특별자치도,제주시,33.5384942543271,126.634039630326
오아시스80,카페,제주특별자치도,제주시,33.4630013236535,126.309714201403
카페브리프,카페,제주특별자치도,제주시,33.4583438853509,126.415678548273
포레스트제이카우셰드,카페,제주특별자치도,서귀포시,33.2554083580612,126.331193316087
빠빠라기,카페,제주특별자치도,제주시,33.5000031404333,126.529287447622
씨유제주오도,편의점,제주특별자치도,제주시,33.4903879136423,126.457665145757
제주둥지,카페,제주특별자치도,제주시,33.4008444417821,126.253418746142
만남,카페,제주특별자치도,제주시,33.5570292221505,126.809921497021
오하이츄러스,카페,제주특별자치도,제주시,33.4258364407035,126.395821967644
휘카,카페,제주특별자치도,제주시,33.5155965574807,126.511916941895
세븐일레븐제주삼성,편의점,제주특별자치도,제주시,33.510166268787,126.532246001012
씨유제주동부휴게소점,편의점,제주특별자치도,제주시,33.4573202072688,126.703726913752
마이크로하비타트,카페,제주특별자치도,제주시,33.417894101226,126.264088529463
세븐일레븐제주일도,편의점,제주특별자치도,제주시,33.5078016266181,126.531591449821
지에스25삼도,편의점,제주특별자치도,제주시,33.5054858949671,126.524845272223
청옥헌,카페,제주특별자치도,서귀포시,33.2494141450357,126.272060190777
공차제주,카페,제주특별자치도,제주시,33.5171169909249,126.52265049608
요거트가족,카페,제주특별자치도,제주시,33.492605284518,126.474276375272
씨유제주세평항로점,편의점,제주특별자치도,제주시,33.5276984432932,126.855242017654
씨유라마다함덕호텔점,편의점,제주특별자치도,제주시,33.5431565590983,126.659709843911
단풍정원,카페,제주특별자치도,제주시,33.492282831947,126.433829590339
에이바우트커피인제점,카페,제주특별자치도,제주시,33.504990486994,126.54172299634
복고다방,카페,제주특별자치도,제주시,33.492605284518,126.474276375272
씨유서귀호근,편의점,제주특별자치도,서귀포시,33.2571659611227,126.527556869017
빽다방제주,카페,제주특별자치도,제주시,33.4999268806677,126.528200949007
씨유제주천수동로점,편의점,제주특별자치도,제주시,33.5080890118407,126.545817946251
카페일리터제주,카페,제주특별자치도,제주시,33.4786442482746,126.479643304524
빽다방서귀포516로점,카페,제주특별자치도,서귀포시,33.2912688423913,126.594933735327
지니귤카페,카페,제주특별자치도,서귀포시,33.2873422296203,126.666213365429
레몬비박물관은살아있다,편의점,제주특별자치도,서귀포시,33.2549045244652,126.409771337071
잔물결시티로스터스,카페,제주특별자치도,제주시,33.4894426086084,126.478997680388
우프,카페,제주특별자치도,서귀포시,33.2804652296836,126.631942647028
세븐일레븐제주북촌점,편의점,제주특별자치도,제주시,33.5510901012662,126.701469023914
카페제주웰컴,카페,제주특별자치도,제주시,33.4862178879352,126.499406768297
카페아이갓에브리씽제주헬스케어타운의료서비스,카페,제주특별자치도,서귀포시,33.2836290690513,126.559586788809
지에스25애월중점,편의점,제주특별자치도,제주시,33.4638874407643,126.323260851656
오프리르제주,카페,제주특별자치도,서귀포시,33.2501260100219,126.562544925048
휘당,카페,제주특별자치도,제주시,33.5043497751998,126.497397528991
리프트커피,카페,제주특별자치도,제주시,33.4756870168677,126.548644430706
씨유제주이도성지점,편의점,제주특별자치도,제주시,33.5091481349068,126.525309576108
설빙제주,카페,제주특별자치도,제주시,33.5070333549327,126.54071132704
오동다방,카페,제주특별자치도,제주시,33.500155549256,126.529060630638
파스쿠찌제주도남점,카페,제주특별자치도,제주시,33.4959024566435,126.527329616108
용두암해수랜드2층매점,카페,제주특별자치도,제주시,33.5161077559092,126.5044226828
남원드림센터운영협의회,카페,제주특별자치도,서귀포시,33.2773232950596,126.716305007616
텐퍼센트제주,카페,제주특별자치도,제주시,33.492498097964,126.53545083191
평화다방,카페,제주특별자치도,제주시,33.5011076336095,126.53048677372
차마실,카페,제주특별자치도,제주시,33.4846245050462,126.415523655831
씨유서귀포부두점,편의점,제주특별자치도,서귀포시,33.2401458472748,126.562798499724
지에스25제주한림항점,편의점,제주특별자치도,제주시,33.4157334834637,126.261591045953
마르Marrr,카페,제주특별자치도,서귀포시,33.4718003219959,126.914999757166
잔잔히,카페,제주특별자치도,제주시,33.4735598091111,126.362054692338
씨유제주연미길점,편의점,제주특별자치도,제주시,33.485698654385,126.50256235374
씨유서귀여중점,편의점,제주특별자치도,서귀포시,33.2545439055752,126.547402463753
숨비나리카페,카페,제주특별자치도,서귀포시,33.2821065332952,126.348433406447
커피룸,카페,제주특별자치도,제주시,33.5555374334488,126.795979546771
지에스25비양도선착장점,편의점,제주특별자치도,제주시,33.4197796143058,126.262771704601
고븐달,카페,제주특별자치도,제주시,33.5014344510135,126.969447169003
그린마일커피(제,카페,제주특별자치도,제주시,33.4420504141154,126.313310762299
메가엠지씨커피제주광양,카페,제주특별자치도,제주시,33.5008473871197,126.528432710666
씨유제주회수,편의점,제주특별자치도,서귀포시,33.263041995468,126.444081391022
황제다방,카페,제주특별자치도,서귀포시,33.2474144894085,126.565799034777
지앤엘제주양와당제주,카페,제주특별자치도,제주시,33.4810769355546,126.524107086672
와요커피제주아라점,카페,제주특별자치도,제주시,33.477522738693,126.550151894243
카페낭뜰,카페,제주특별자치도,제주시,33.3566227981542,126.298500784914
아꼬왓,카페,제주특별자치도,제주시,33.4507280687351,126.373740841619
씨유서귀포비석,편의점,제주특별자치도,서귀포시,33.2556527403759,126.580793091075
지에스25도련,편의점,제주특별자치도,제주시,33.5067420449395,126.591392837333
비밀역2,카페,제주특별자치도,서귀포시,33.2418014825558,126.332595236228
지에스25용담호반써밋점,편의점,제주특별자치도,제주시,33.5144323452049,126.51162210744
스키즈키샵,카페,제주특별자치도,제주시,33.5170817746065,126.537127762685
동수,카페,제주특별자치도,제주시,33.4866225990245,126.490312382373
안티코,카페,제주특별자치도,제주시,33.5120657827764,126.707651965209
공터하우스,카페,제주특별자치도,제주시,33.5092203872848,126.516021019775
카페요아정제주,카페,제주특별자치도,제주시,33.5421171994046,126.665398784936
씨유농협은행제주수련원점,편의점,제주특별자치도,서귀포시,33.3056265923625,126.794791706352
카페봄봄서귀서광리점,카페,제주특별자치도,서귀포시,33.2859033939474,126.333333232341
지에스25이도,편의점,제주특별자치도,제주시,33.5022183783334,126.526219111062
스탠스커피,카페,제주특별자치도,제주시,33.4968613600278,126.535330679147
알프스제주,카페,제주특별자치도,서귀포시,33.3986416563454,126.802549192551
씨유제주신엄중점,편의점,제주특별자치도,제주시,33.4720324068842,126.368370033184
카페희스토리,카페,제주특별자치도,제주시,33.5050911783176,126.467679062449
카페인팜,카페,제주특별자치도,제주시,33.4676620696707,126.356557851148
지에스25코난비치점,편의점,제주특별자치도,제주시,33.5566612512955,126.811020705197
돌셋,카페,제주특별자치도,서귀포시,33.2119946791708,126.29194496174
일조카페,카페,제주특별자치도,제주시,33.5230657207982,126.856530710603
홍콩다방,카페,제주특별자치도,제주시,33.4877746168966,126.489821435362
근호다방,카페,제주특별자치도,서귀포시,33.4472583170747,126.914733314553
바라보틀;협재,편의점,제주특별자치도,제주시,33.3959028242946,126.242852298117
키라라,카페,제주특별자치도,제주시,33.493471570797,126.542655306515
씨유성산수산점,편의점,제주특별자치도,서귀포시,33.4390759891143,126.876929844627
키아오라카페,카페,제주특별자치도,서귀포시,33.4343040061613,126.904895752235
여우다방,카페,제주특별자치도,제주시,33.523325656178,126.855217009284
카페하나로,카페,제주특별자치도,제주시,33.5037878659423,126.553104755494
햅브,카페,제주특별자치도,제주시,33.4723309044936,126.54804861942
윔블던,카페,제주특별자치도,제주시,33.4918133533139,126.494123461181
카페위드썸,카페,제주특별자치도,서귀포시,33.2460234749911,126.334730635325
씨유제주삼화부영8차점,편의점,제주특별자치도,제주시,33.5155179268823,126.581599889484
씨유서귀동홍8번가점,편의점,제주특별자치도,서귀포시,33.2571172835737,126.573982224561
귀빈다방,카페,제주특별자치도,서귀포시,33.248133120548,126.567619675654
구둠,카페,제주특별자치도,제주시,33.4078966591304,126.258228135462
레몬비샬롬호텔이데아점,편의점,제주특별자치도,제주시,33.5019811195043,126.532591361655
모모찌,카페,제주특별자치도,제주시,33.5563909856968,126.794189950627
이런공간,카페,제주특별자치도,제주시,33.4654343405122,126.401388507269
모스트,카페,제주특별자치도,제주시,33.4837423769082,126.487122930108
제피로스,카페,제주특별자치도,제주시,33.3175872584215,126.169013811741
씨유제주서부,편의점,제주특별자치도,제주시,33.4606480956966,126.448287789815
세븐일레븐제주일도,편의점,제주특별자치도,제주시,33.5107598355108,126.539066450227
벨로씨,카페,제주특별자치도,서귀포시,33.4772967064207,126.898468815445
봄이카페,카페,제주특별자치도,제주시,33.4296708404128,126.434623552362
그디행복,카페,제주특별자치도,제주시,33.5114111452397,126.530043666681
아방호두과자어멍갤러리,카페,제주특별자치도,제주시,33.4868519844474,126.650031053134
바크모스,카페,제주특별자치도,제주시,33.3806288831249,126.309140663109
청사별곡,카페,제주특별자치도,제주시,33.4892988069593,126.523932997326
타임센트,카페,제주특별자치도,제주시,33.4533207957973,126.308543267036
곰세기카페,카페,제주특별자치도,서귀포시,33.3421476576453,126.856205041497
그래카페,카페,제주특별자치도,제주시,33.4716815646368,126.535798612637
팜앤카페살리다,카페,제주특별자치도,제주시,33.4367471843817,126.270349248124
지에스25한담애월점,편의점,제주특별자치도,제주시,33.4600433786339,126.311200516083
플레이커피랩,카페,제주특별자치도,서귀포시,33.2520667699273,126.423729902066
카페트와,카페,제주특별자치도,서귀포시,33.4512774089785,126.911739318038
지에스25중문단지점,편의점,제주특별자치도,서귀포시,33.2512216105399,126.412671959788
빽다방제주애월좋은마트점,카페,제주특별자치도,제주시,33.4709918384815,126.365871013912
청양커피로스터리,카페,제주특별자치도,제주시,33.5003431298252,126.530975170939
취향의섬,카페,제주특별자치도,서귀포시,33.2743838375399,126.689823419421
카페연우,카페,제주특별자치도,제주시,33.2945604462809,126.167654018945
씨유제주화북우정점,편의점,제주특별자치도,제주시,33.523425558761,126.566071795391
씨유제주,편의점,제주특별자치도,제주시,33.503198895721,126.528000244704
스타벅스,카페,제주특별자치도,서귀포시,33.2554171346746,126.577778677945
에이바우트커피신제주점,카페,제주특별자치도,제주시,33.4817035380151,126.482486964199
빽다방서귀포동홍,카페,제주특별자치도,서귀포시,33.2574225452378,126.573605133664
늘웃,카페,제주특별자치도,서귀포시,33.2148619039904,126.273193790506
아이스앤스낵창고,편의점,제주특별자치도,제주시,33.4953258242522,126.906098894947
씨유서귀포,편의점,제주특별자치도,서귀포시,33.2587880449956,126.580091277713
돌염전소금커피,카페,제주특별자치도,제주시,33.4824842582288,126.375976273576
무히어Muhere,카페,제주특별자치도,서귀포시,33.2634323326855,126.640814719942
씨유L제주예,편의점,제주특별자치도,제주시,33.4098379287523,126.39311618202
탄,카페,제주특별자치도,제주시,33.5149927508597,126.525912697597
씨유혼저옵서예점,편의점,제주특별자치도,제주시,33.4259907701642,126.264159992527
까떼커피표선점,카페,제주특별자치도,서귀포시,33.3254508427215,126.842431402979
피노스커피,카페,제주특별자치도,제주시,33.4888377805081,126.476677121925
천운농장,편의점,제주특별자치도,서귀포시,33.3249997023012,126.842174453136
연동제이,카페,제주특별자치도,제주시,33.4883156033712,126.489829023248
나우커피제주삼도점,카페,제주특별자치도,제주시,33.5002533025636,126.523969893947
씨유함덕라마다호텔점,편의점,제주특별자치도,제주시,33.5431565590983,126.659709843911
동명동락,카페,제주특별자치도,제주시,33.3948025797556,126.274494116531
얼리버드커피하우스,카페,제주특별자치도,제주시,33.5025335344107,126.528477376303
씨유제주월림리점,편의점,제주특별자치도,제주시,33.3510999947137,126.255820360897
씨유L제주구관람대2층점,편의점,제주특별자치도,제주시,33.4098379287523,126.39311618202
정오의물결,카페,제주특별자치도,서귀포시,33.2448079215493,126.516678638963
선다방,카페,제주특별자치도,서귀포시,33.2801629409632,126.720063647242
코코,카페,제주특별자치도,제주시,33.4900906835494,126.491766221085
12월,카페,제주특별자치도,제주시,33.5095308240993,126.589528542199
씨유제주청수점,편의점,제주특별자치도,제주시,33.3216761219357,126.244579474264
카페903,카페,제주특별자치도,서귀포시,33.2380452803737,126.511952046834
빽다방빵연구소제주합동,카페,제주특별자치도,제주시,33.4901311062032,126.527027405061
씨유제주노형광평점,편의점,제주특별자치도,제주시,33.4814377235285,126.468673760959
백억커피제주,카페,제주특별자치도,제주시,33.5141341974249,126.525379217599
숲의아이,카페,제주특별자치도,서귀포시,33.3110579310023,126.722359604037
지에스25노형시그니처점,편의점,제주특별자치도,제주시,33.4813184959334,126.485286637596
씨유한림고림동점,편의점,제주특별자치도,제주시,33.3743895557812,126.285205293282
제주과,카페,제주특별자치도,제주시,33.4891089377582,126.478978158252
지에스25이도신설점,편의점,제주특별자치도,제주시,33.4940465133064,126.542092723219
이디야커피제주,카페,제주특별자치도,서귀포시,33.2549045244652,126.409771337071
코메트이에프,카페,제주특별자치도,제주시,33.496934750872,126.449779500902
아워메이,카페,제주특별자치도,서귀포시,33.2559843783256,126.520373130427
컴포즈커피제주뉴월드화북마트점,카페,제주특별자치도,제주시,33.519707633473,126.570277545365
류지커피로스터스,카페,제주특별자치도,서귀포시,33.2472810856419,126.561185601134
씨유중문오션클라우드점,편의점,제주특별자치도,서귀포시,33.2494231570565,126.423328759484
씨유제주용화점,편의점,제주특별자치도,제주시,33.5099452254195,126.507772734649
카름,카페,제주특별자치도,제주시,33.5016719744143,126.54154677403
컴포즈커피서귀포위미점,카페,제주특별자치도,서귀포시,33.2747691748516,126.657985409492
벌크커피제주,카페,제주특별자치도,제주시,33.4992839649985,126.529840172469
씨유제주중문,편의점,제주특별자치도,서귀포시,33.2549539049846,126.428057124466
캣우먼카페엔커피숍,카페,제주특별자치도,서귀포시,33.2487089227233,126.567262729577
팥팥,카페,제주특별자치도,제주시,33.4502684299369,126.481168000982
씨유제주신촌일주동로점,편의점,제주특별자치도,제주시,33.5309178405457,126.623995146008
세븐일레븐제주교래사려니점,편의점,제주특별자치도,제주시,33.4323224634865,126.672960870872
세븐일레븐제주정든로점,편의점,제주특별자치도,제주시,33.4984504149558,126.543210238802
일일커피제주화북점,카페,제주특별자치도,제주시,33.5195017818351,126.565542427434
투에스,카페,제주특별자치도,서귀포시,33.3078757758876,126.776284932351
씨유제주중문,편의점,제주특별자치도,서귀포시,33.2544228144156,126.424336847421
씨유제주정든,편의점,제주특별자치도,제주시,33.4904336113852,126.472427968831
차화술,카페,제주특별자치도,제주시,33.509916102531,126.532850060328
씨유제주,편의점,제주특별자치도,제주시,33.5027048394636,126.770791465671
지에스25대정하모점,편의점,제주특별자치도,서귀포시,33.2233556233271,126.247496055365
씨유제주저지,편의점,제주특별자치도,제주시,33.3229151842671,126.261719717109
정다방,카페,제주특별자치도,제주시,33.4877003301361,126.491489665054
컴포즈커피제주외도,카페,제주특별자치도,제주시,33.487935039294,126.431393855086
씨유서귀포문부로점,편의점,제주특별자치도,서귀포시,33.2521958626911,126.569177132645
테마라운지,카페,제주특별자치도,서귀포시,33.2622207563599,126.428009769344
사운드프레소제주연동점,카페,제주특별자치도,제주시,33.4769154011564,126.488841505057
토비스애월휴게편의점,편의점,제주특별자치도,제주시,33.4630796146396,126.312445802851
백억커피제주연동점,카페,제주특별자치도,제주시,33.4860305692987,126.491047513607
굿핸드,카페,제주특별자치도,서귀포시,33.2545616880999,126.575454090156
씨유제주드래곤점,편의점,제주특별자치도,제주시,33.441827673687,126.289771689502
어놀문화센터삼화지구점,카페,제주특별자치도,제주시,33.5134960997949,126.580931539472
씨유서귀대포,편의점,제주특별자치도,서귀포시,33.243521680823,126.432069463116
지에스25제주복합체육관점,편의점,제주특별자치도,제주시,33.4942242403783,126.519967594248
뺵다방제주서광로동성길점,카페,제주특별자치도,제주시,33.4997858291272,126.510434518269
카페동화,카페,제주특별자치도,제주시,33.5180013409142,126.577476175698
담안,카페,제주특별자치도,제주시,33.5059446107531,126.466963532101
뉴트커피,카페,제주특별자치도,제주시,33.4874643158751,126.499959114124
씨유제주표선,편의점,제주특별자치도,서귀포시,33.3296632747081,126.830136523059
커피정원,카페,제주특별자치도,서귀포시,33.4390081197281,126.863756162407
고성리안,카페,제주특별자치도,서귀포시,33.4507832965532,126.914267375998
돌담길찻집,카페,제주특별자치도,서귀포시,33.2503273494143,126.302398793361
씨유제주신하와이점,편의점,제주특별자치도,제주시,33.4879119922347,126.483805797887
메가엠지씨커피제주평화로무수천점,카페,제주특별자치도,제주시,33.4621959446476,126.449665609498
브라운터틀,카페,제주특별자치도,제주시,33.5141794777356,126.957150880953
세븐일레븐서귀포가시리점,편의점,제주특별자치도,서귀포시,33.3499323164133,126.773889141534
나풀,카페,제주특별자치도,제주시,33.5247928212135,126.58622707242
카페수,카페,제주특별자치도,제주시,33.4689375093744,126.400557605464
봄봄안덕,카페,제주특별자치도,서귀포시,33.2462920667887,126.331015964598
기분존카페,카페,제주특별자치도,제주시,33.3250001164458,126.257556598839
우도의아침,카페,제주특별자치도,제주시,33.5022729055037,126.969296207384
제주오션뷰카페마녀의언덕,카페,제주특별자치도,서귀포시,33.2340265208952,126.384463126956
지에스25제주,편의점,제주특별자치도,서귀포시,33.2648353591933,126.258946122291
네이키드,카페,제주특별자치도,제주시,33.4986036211019,126.531124449307
콩지쿡,카페,제주특별자치도,제주시,33.4679289471338,126.387892274717
비더커피,카페,제주특별자치도,제주시,33.3107558441264,126.220910563654
떡기리제주점,카페,제주특별자치도,제주시,33.3391041165532,126.225567079148
뉴은하수카페,카페,제주특별자치도,서귀포시,33.2211942373353,126.253897137119
씨유서귀,편의점,제주특별자치도,서귀포시,33.3012520410483,126.768216773735
카페봄봄제주오일장점,카페,제주특별자치도,제주시,33.4933708289358,126.484817191608
씨유서귀포,편의점,제주특별자치도,서귀포시,33.2531425651337,126.522277337584
져스터원더노트,카페,제주특별자치도,제주시,33.5565624501884,126.728759389684
세븐일레븐서귀포얼라이브뮤지엄점,편의점,제주특별자치도,서귀포시,33.2549045244652,126.409771337071
세븐일레븐제주현대오피스텔점,편의점,제주특별자치도,제주시,33.4908655816036,126.487274627167
스타독스,카페,제주특별자치도,제주시,33.504624380436,126.542682751722
메가엠지씨커피제주오라정실점,카페,제주특별자치도,제주시,33.4715737490674,126.507849934186
빽다방제주연북로점,카페,제주특별자치도,제주시,33.481341204528,126.484242863633
카페산들랑,카페,제주특별자치도,제주시,33.5132049110183,126.858882617857
어니스트밀크,카페,제주특별자치도,서귀포시,33.4504131489147,126.871880254309
제이제이엘앤에프장언니지점,편의점,제주특별자치도,제주시,33.4923167979966,126.542456926754
풀잎들커피아카이브,카페,제주특별자치도,제주시,33.4969970288425,126.540280079499
더벤티모슬포점,카페,제주특별자치도,서귀포시,33.2240995147268,126.255749764602
카페범,카페,제주특별자치도,서귀포시,33.2315029682346,126.505991165274
플러피,카페,제주특별자치도,제주시,33.4302432324635,126.263650990515
망고레이애월,카페,제주특별자치도,제주시,33.4817829478259,126.400103329718
컬쳐앤브런치씨앤비카페,카페,제주특별자치도,서귀포시,33.245908142995,126.429478782656
공탱크,카페,제주특별자치도,제주시,33.3883889783806,126.229085414666
씨유애월평화로점,편의점,제주특별자치도,제주시,33.4428031418827,126.431785259331
지에스25뉴제주아라점,편의점,제주특별자치도,제주시,33.4715903948141,126.545255382169
마노커피하우스,카페,제주특별자치도,서귀포시,33.2513556037252,126.423970648877
동백김밥편의점,편의점,제주특별자치도,제주시,33.5272465644421,126.632407685712
좋은사람좋은커피협동조합,카페,제주특별자치도,서귀포시,33.2513556037252,126.423970648877
씨유제주부영리조트점,편의점,제주특별자치도,서귀포시,33.2418365565278,126.422477284158
협재노랑대문,카페,제주특별자치도,제주시,33.3990976434502,126.24633945667
본카페,카페,제주특별자치도,제주시,33.4677759871645,126.332073192729
레몬비귀덕,편의점,제주특별자치도,제주시,33.4427638064033,126.29582946061
제주외도가야카페,카페,제주특별자치도,제주시,33.4889775407788,126.43066611674
씨유제주조천비석,편의점,제주특별자치도,제주시,33.5397300644152,126.637318200778
씨유제주서부휴게소점,편의점,제주특별자치도,제주시,33.4649340397135,126.455166709884
오우너스원,카페,제주특별자치도,제주시,33.4256888530954,126.657093700503
블레스크,카페,제주특별자치도,제주시,33.5136169998743,126.524520986351
린앤모닝,카페,제주특별자치도,제주시,33.4789267854941,126.4978671511
메가엠지씨커피제주삼화초점,카페,제주특별자치도,제주시,33.5144411377925,126.575157841654
오사카커피,카페,제주특별자치도,제주시,33.5156564500927,126.525004948174
금호커피숍,카페,제주특별자치도,서귀포시,33.2498210520054,126.565572518852
컴포즈커피서귀포올레,카페,제주특별자치도,서귀포시,33.2476948176504,126.563458399436
씨유제주귀덕점,편의점,제주특별자치도,제주시,33.4191462850092,126.296546982467
더벤티제주노형이편한세상점,카페,제주특별자치도,제주시,33.4844212779905,126.470613781247
씨유제주송당,편의점,제주특별자치도,제주시,33.4709334389191,126.786560342903
GS25하귀,편의점,제주특별자치도,제주시,33.4804297430418,126.405545952382
우호적무관심,카페,제주특별자치도,제주시,33.3377249249688,126.267212489957
메가엠지씨커피제주,카페,제주특별자치도,제주시,33.4885180552418,126.53920583561
세븐일레븐제주더호텔점,편의점,제주특별자치도,제주시,33.4895788196014,126.494470020396
테마라운지2,카페,제주특별자치도,서귀포시,33.2622207563599,126.428009769344
고망고제주연동점,카페,제주특별자치도,제주시,33.4879937383257,126.490487270395
어오케이커피제주,카페,제주특별자치도,서귀포시,33.2508381898241,126.425165161527
오롯커피,카페,제주특별자치도,제주시,33.4907654103425,126.518490989954
코지스테이무인카페,카페,제주특별자치도,제주시,33.5104437159588,126.524602919986
지에스25연동은수길점,편의점,제주특별자치도,제주시,33.4694168492429,126.487314907164
커피빈제주동문,카페,제주특별자치도,제주시,33.5128712921021,126.527560259416
모이세카페,카페,제주특별자치도,제주시,33.4901939849378,126.488386892836
벤티프레소하효점,카페,제주특별자치도,서귀포시,33.2617402599906,126.617629248692
씨유제주신산점,편의점,제주특별자치도,제주시,33.5091229617999,126.532918898045
몽크커피,카페,제주특별자치도,제주시,33.5059668636322,126.537585145171
씨유제주해모루점,편의점,제주특별자치도,제주시,33.492635831121,126.524226793466
또뜻헌책방,카페,제주특별자치도,제주시,33.5028530432499,126.520113680065
씨유애월유수암점,편의점,제주특별자치도,제주시,33.4230909598623,126.40418447508
타래커피제주아라동점,카페,제주특별자치도,제주시,33.484276899051,126.540648558032
세븐일레븐제주월정해안로점,편의점,제주특별자치도,제주시,33.5548131590389,126.799664047879
오늘도빵과커피,카페,제주특별자치도,제주시,33.4833217016246,126.496669016122
세븐일레븐제주신천지점,편의점,제주특별자치도,제주시,33.5047808627351,126.543553659475
밝은달귤후르츠앤북스,카페,제주특별자치도,서귀포시,33.2284305435886,126.253288576388
키에키로스팅룸,카페,제주특별자치도,제주시,33.5103678694136,126.523634683809
카페사분의일,카페,제주특별자치도,제주시,33.4462479009194,126.4813102421
1층마카롱,카페,제주특별자치도,제주시,33.5063904364761,126.53512908733
세븐일레븐서귀포,편의점,제주특별자치도,서귀포시,33.2468464923266,126.560672713957
씨유제주함덕,편의점,제주특별자치도,제주시,33.5379589192652,126.67482453821
달리는커피서귀포,카페,제주특별자치도,서귀포시,33.2795633316076,126.718058215051
서귀포안덕면화순카페인더눅,카페,제주특별자치도,서귀포시,33.2423501296124,126.335713404019
감성커피서귀포법환점,카페,제주특별자치도,서귀포시,33.2338011368533,126.512597893883
봄봄애월점,카페,제주특별자치도,제주시,33.4600073959177,126.321021397966
지에스25대정한신점,편의점,제주특별자치도,서귀포시,33.2869151791454,126.280337047194
세븐일레븐서귀포대평점,편의점,제주특별자치도,서귀포시,33.2379280396755,126.366013794344
루미에르,카페,제주특별자치도,제주시,33.5071565916787,126.509359830449
카페마망,카페,제주특별자치도,서귀포시,33.4497975934189,126.887960538437
아이빈,카페,제주특별자치도,제주시,33.5429686657455,126.634892890503
엘에프,카페,제주특별자치도,서귀포시,33.2431313258687,126.451568148299
신세계다방,카페,제주특별자치도,제주시,33.4158088050978,126.262127953513
컴포즈커피제주일도인제점,카페,제주특별자치도,제주시,33.5054041362108,126.541430237215
씨유서귀송악도서관점,편의점,제주특별자치도,서귀포시,33.2264754323966,126.247533706837
로스트룸,카페,제주특별자치도,제주시,33.4913133590353,126.53447795857
세븐일레븐제주신설동점,편의점,제주특별자치도,제주시,33.4964775708857,126.548579618697
씨유한림옹포점,편의점,제주특별자치도,제주시,33.4035382747162,126.254599636362
이보커,카페,제주특별자치도,제주시,33.4813202401153,126.477088142217
카페세바,카페,제주특별자치도,제주시,33.5132250143499,126.706033581641
씨유구억,편의점,제주특별자치도,서귀포시,33.2711912581715,126.278802425279
올리브앤씨,카페,제주특별자치도,제주시,33.4483095668218,126.302388183636
원카페,카페,제주특별자치도,제주시,33.4545477243437,126.572438492092
사우스포트,카페,제주특별자치도,서귀포시,33.2570145950827,126.547464846186
씨유서귀대정태화점,편의점,제주특별자치도,서귀포시,33.2233923876275,126.252097746624
수노카페,카페,제주특별자치도,제주시,33.5564162748653,126.719800377228
소오커피,카페,제주특별자치도,제주시,33.5075361060265,126.523434950989
더벤티연동점,카페,제주특별자치도,제주시,33.4872745600625,126.49099719754
우포포이,카페,제주특별자치도,제주시,33.5017370519428,126.518301108408
해오름디저트카페,카페,제주특별자치도,서귀포시,33.2543420871661,126.564101419673
GS25서귀,편의점,제주특별자치도,서귀포시,33.2534303595389,126.561229984935
빙고커피앤디저트,카페,제주특별자치도,제주시,33.4892307809995,126.541762984302
선주청과,카페,제주특별자치도,제주시,33.3933824213016,126.240563307894
백억커피제주삼도점,카페,제주특별자치도,제주시,33.5021018182703,126.519364502303
띠아모,카페,제주특별자치도,서귀포시,33.256417035414,126.572236376902
카페직,카페,제주특별자치도,제주시,33.4967305086722,126.526959238794
가을다방,카페,제주특별자치도,제주시,33.513722885224,126.538211207852
메가엠지씨커피제주수모루점,카페,제주특별자치도,서귀포시,33.2451481715675,126.523071943228
백억커피제주삼화점,카페,제주특별자치도,제주시,33.5197225747035,126.571988943381
풀말차정원,카페,제주특별자치도,제주시,33.5535192642563,126.706866318353
우도바이킹,카페,제주특별자치도,제주시,33.4970894696451,126.945397212551
수스로로스팅하우스,카페,제주특별자치도,제주시,33.463430443971,126.338818794166
아노록커피바,카페,제주특별자치도,제주시,33.5346158578569,126.621524524577
이노프,카페,제주특별자치도,서귀포시,33.3295882824773,126.798097367523
세븐일레븐서귀포중정로점,편의점,제주특별자치도,서귀포시,33.2487330285201,126.569011703403
나나곳간,카페,제주특별자치도,제주시,33.4851470036134,126.415434069559
베이커리카페&피쉬마켓,카페,제주특별자치도,제주시,33.9594195023705,126.296740241581
크레이지빙수신제주점,카페,제주특별자치도,제주시,33.4811960155103,126.473301668744
로뎀카페,카페,제주특별자치도,제주시,33.5019811195043,126.532591361655
카페드노엘,카페,제주특별자치도,제주시,33.5144892771681,126.57605096263
카페직민속자연사박물관점,카페,제주특별자치도,제주시,33.505629282685,126.531721537121
지에스25제주평대점,편의점,제주특별자치도,제주시,33.5241947740903,126.850640592144
이디야커피서홍점,카페,제주특별자치도,서귀포시,33.2614071588195,126.555416199754
컴포즈커피제주,카페,제주특별자치도,제주시,33.4923749806678,126.536280053148
카페마노앤디또,카페,제주특별자치도,제주시,33.3497268350372,126.185015977561
무로이로비,카페,제주특별자치도,서귀포시,33.3077306008682,126.336560286053
예평제주점,카페,제주특별자치도,제주시,33.3387831781173,126.266258381708
카주아루,카페,제주특별자치도,제주시,33.4925416431958,126.535041696998
달곰카페,카페,제주특별자치도,제주시,33.4992505062957,126.657029940312
카페봄봄,카페,제주특별자치도,서귀포시,33.2790452655314,126.274326123596
믈커피스페셜티점,카페,제주특별자치도,서귀포시,33.2719589928701,126.598640102863
카르마커피제주,카페,제주특별자치도,제주시,33.5562221056605,126.801189935553
카페이엘라도,카페,제주특별자치도,제주시,33.5116775726349,126.517266604522
카페밀,카페,제주특별자치도,제주시,33.491290469809,126.542860460812
씨유서귀하원점,편의점,제주특별자치도,서귀포시,33.2536511108436,126.461385835325
씨유제주일주동로점,편의점,제주특별자치도,제주시,33.5199543414714,126.571223557665
카페휘,카페,제주특별자치도,제주시,33.3762314351681,126.214051600597
신수카페,카페,제주특별자치도,제주시,33.3027057995146,126.198423821442
디저트39서귀포명동로점,카페,제주특별자치도,서귀포시,33.2472098275805,126.563997332592
여름정원,카페,제주특별자치도,서귀포시,33.3610065011669,126.838950605711
커피솝,카페,제주특별자치도,제주시,33.5092763040127,126.509606171418
한복입은바리스타,카페,제주특별자치도,제주시,33.5135772152634,126.523552517273
벤치테이블,카페,제주특별자치도,서귀포시,33.4590661356615,126.910085669187
레몬비시우점,편의점,제주특별자치도,제주시,33.4881110544882,126.48397677703
에이바우트커피이편한세상시티점,카페,제주특별자치도,제주시,33.4838602214533,126.482936796535
삼달리꽃밭에서,카페,제주특별자치도,서귀포시,33.3676650074979,126.865479267579
지에스25오라초등학교점,편의점,제주특별자치도,제주시,33.4881302488328,126.5132331584
웨이브피스,카페,제주특별자치도,제주시,33.4776890331479,126.548773913446
빽다방제주애월구엄포구점,카페,제주특별자치도,제주시,33.4840147018184,126.377320986139
통기타추억여행,카페,제주특별자치도,서귀포시,33.2372075541648,126.294177284552
복다방카페,카페,제주특별자치도,서귀포시,33.2185644193422,126.251377231318
더벤티제주연오점,카페,제주특별자치도,제주시,33.4847036831228,126.501761071606
빽다방제주송악산점,카페,제주특별자치도,서귀포시,33.2071798016588,126.290321301877
카페봄봄,카페,제주특별자치도,제주시,33.503527469116,126.526685504116
인디55,카페,제주특별자치도,서귀포시,33.2236396608174,126.242301604283
지에스효돈,편의점,제주특별자치도,서귀포시,33.2603431464199,126.617764120489
씨유제주노형월산점,편의점,제주특별자치도,제주시,33.473018942595,126.462883483578
뉴데이커피,카페,제주특별자치도,제주시,33.4742456289458,126.544036579213
세븐일레븐서귀포법환점,편의점,제주특별자치도,서귀포시,33.238677383978,126.514502124298
헬로남생이,카페,제주특별자치도,제주시,33.5335739142492,126.61402536152
씨유제주오라로점,편의점,제주특별자치도,제주시,33.4955861092359,126.50858575169
카페옐로우,카페,제주특별자치도,제주시,33.4938370075063,126.950973393596
프롬프트제주,카페,제주특별자치도,제주시,33.5123815460623,126.538756485963
세븐일레븐서귀포수산,편의점,제주특별자치도,서귀포시,33.4383513251859,126.873575612111
2시6분,카페,제주특별자치도,제주시,33.4713084071636,126.784418567022
애플망고포레,카페,제주특별자치도,서귀포시,33.3099794239802,126.804714365833
사우스본,카페,제주특별자치도,제주시,33.4895572540659,126.549659270638
지에스25하귀,편의점,제주특별자치도,제주시,33.4826397033534,126.415246485914
하토말차,카페,제주특별자치도,제주시,33.5095360216594,126.523015006215
카페요지,카페,제주특별자치도,제주시,33.4958078884818,126.53570218077
이지비지,카페,제주특별자치도,제주시,33.5077656342523,126.52450993946
삼달198,카페,제주특별자치도,서귀포시,33.3741012470705,126.848651702315
읍천리382제주점,카페,제주특별자치도,제주시,33.4957371731006,126.536079192698
투모로우,카페,제주특별자치도,서귀포시,33.2460454925901,126.61849164711
온도디저트랩,카페,제주특별자치도,제주시,33.5093466395007,126.50915374326
파리크라상파스쿠찌제주대,카페,제주특별자치도,제주시,33.467208437904,126.545202965312
라이초,카페,제주특별자치도,제주시,33.4985404790248,126.540745420046
블랙이쉬레드,카페,제주특별자치도,제주시,33.4160493767995,126.398556012555
그라포드커피,카페,제주특별자치도,서귀포시,33.3088907442595,126.779160146625
세븐일레븐제주해안도로점,편의점,제주특별자치도,제주시,33.5083850027323,126.470489435044
투빅커피제주,카페,제주특별자치도,서귀포시,33.2536532232685,126.431478101186
우도바라기,카페,제주특별자치도,제주시,33.5062029813599,126.941656931503
비로소커피,카페,제주특별자치도,제주시,33.5019042983785,126.488059728054
지에스25성산오일장점,편의점,제주특별자치도,서귀포시,33.4529830472,126.914007071438
파스쿠찌제주,카페,제주특별자치도,서귀포시,33.2790452655314,126.274326123596
민박카페,카페,제주특별자치도,서귀포시,33.4649863844254,126.933379908679
씨유제주중학교점,편의점,제주특별자치도,제주시,33.511062952244,126.516871791368
더벤티,카페,제주특별자치도,제주시,33.4992291354034,126.529646763442
씨로드,카페,제주특별자치도,서귀포시,33.2008027325498,126.277331686724
시나몬도넛샾,카페,제주특별자치도,제주시,33.5101846841577,126.513615555996
까페노을숲,카페,제주특별자치도,제주시,33.3283822654386,126.164078323422
스타벅스,카페,제주특별자치도,제주시,33.542487439915,126.668971949987
무슈부부커피스탠드관덕정,카페,제주특별자치도,제주시,33.5129565145182,126.52157550759
포구안,카페,제주특별자치도,서귀포시,33.237044198838,126.511882504608
씨유제주도남로점,편의점,제주특별자치도,제주시,33.4937405241609,126.527825596676
스타벅스,카페,제주특별자치도,서귀포시,33.254218181698,126.411439286911
카페쿠리,카페,제주특별자치도,서귀포시,33.3867623974224,126.884419497613
슈소롯,카페,제주특별자치도,제주시,33.4918176561659,126.430690572041
라벤더블루,카페,제주특별자치도,제주시,33.3087712248541,126.16521042411
코모커피,카페,제주특별자치도,제주시,33.516107249188,126.579907178106
컴포즈커피제주남녕고점,카페,제주특별자치도,제주시,33.4906130836973,126.48076612296
빽다방제주도남점,카페,제주특별자치도,제주시,33.4976277442312,126.528181137349
토마틀,카페,제주특별자치도,제주시,33.5144509969382,126.694770937853
씨유서귀포홍중로점,편의점,제주특별자치도,서귀포시,33.2543324087662,126.558800200474
만금카페,카페,제주특별자치도,제주시,33.5092918078732,126.520476359862
비파인,카페,제주특별자치도,제주시,33.3395975261433,126.222286558103
카페광령올레,카페,제주특별자치도,제주시,33.4610292986728,126.438808781353
텐퍼센트커피제주아라,카페,제주특별자치도,제주시,33.4750092758445,126.545753927635
아이러브눅,카페,제주특별자치도,제주시,33.5323778391194,126.658008051636
온오프베이크샵,카페,제주특별자치도,제주시,33.4858144006864,126.537089721291
지에스25제주신협연,편의점,제주특별자치도,제주시,33.4706353553663,126.354448874231
씨유산방산유채꽃길점,편의점,제주특별자치도,서귀포시,33.2345626744215,126.30806001552
제주아꼼이네오션라운지,카페,제주특별자치도,제주시,33.5269076088677,126.587745612783
브라운커피,카페,제주특별자치도,제주시,33.5564523361012,126.753721356106
갑준이똘,카페,제주특별자치도,제주시,33.5184336897799,126.95341369924
오랑주리혜원,카페,제주특별자치도,제주시,33.337970583022,126.198949486656
이디야커피제주남원포구점,카페,제주특별자치도,서귀포시,33.2782504299572,126.719597441921
지에스25일도지구점,편의점,제주특별자치도,제주시,33.5005267862946,126.54887068739
카페요아정제주,카페,제주특별자치도,서귀포시,33.2518915179799,126.4248256063
닛츠,카페,제주특별자치도,제주시,33.4871032096619,126.421145160676
소설과농담,카페,제주특별자치도,제주시,33.5091194330778,126.52253297336
커피다,카페,제주특별자치도,제주시,33.5001749456922,126.517696354042
지에스25이도구남점,편의점,제주특별자치도,제주시,33.4898963307792,126.536476189277
더벤티원,카페,제주특별자치도,제주시,33.4855459668075,126.485046438894
카페뷰,카페,제주특별자치도,제주시,33.5203466913632,126.957901332166
내향적커피,카페,제주특별자치도,서귀포시,33.2557711341872,126.575823843191
포클로버커피,카페,제주특별자치도,제주시,33.478682719013,126.491079725126
미남커피난드르점,카페,제주특별자치도,서귀포시,33.2354533734074,126.366954336778
카페다온99.9,카페,제주특별자치도,서귀포시,33.3864838407777,126.794526714682
씨유제주성산항점,편의점,제주특별자치도,서귀포시,33.4688880177568,126.929170623373
블루웨일소품앤카페,카페,제주특별자치도,제주시,33.5161001174,126.525497644465
더벤티제주,카페,제주특별자치도,서귀포시,33.248032224866,126.561975907355
송당안,카페,제주특별자치도,제주시,33.4721956608617,126.781371804384
강정동베이커리,카페,제주특별자치도,서귀포시,33.2589437081346,126.507049471795
감성커피제주,카페,제주특별자치도,제주시,33.4960667628626,126.535012093324
커피클럽,카페,제주특별자치도,서귀포시,33.2435205961671,126.46017111372
카페봄봄내도점,카페,제주특별자치도,제주시,33.4955531630785,126.439242556922
우지커피제주,카페,제주특별자치도,제주시,33.4813184959334,126.485286637596
쉼,카페,제주특별자치도,서귀포시,33.2648214488524,126.641023686805
원비원,카페,제주특별자치도,제주시,33.5236057294001,126.855711712392
김녕카페분식,카페,제주특별자치도,제주시,33.5571044800436,126.759836120842
씨유제주삼정풀턴점,편의점,제주특별자치도,서귀포시,33.2840395520795,126.274220385123
세븐일레븐서귀포롯데호텔점,편의점,제주특별자치도,서귀포시,33.2485958706886,126.410339542953
카페실꽃누리,카페,제주특별자치도,제주시,33.5133005804642,126.505870185423
씨유제주이도아람점,편의점,제주특별자치도,제주시,33.4945415051013,126.532200907955
바다아뜰리에,카페,제주특별자치도,제주시,33.4653498327001,126.318656218693
에치,카페,제주특별자치도,제주시,33.5215996537509,126.567308032714
세븐일레븐제주애월남해,편의점,제주특별자치도,제주시,33.4701208847345,126.377248247505
카페삼도동,카페,제주특별자치도,제주시,33.5118470416829,126.521441695197
감아라,카페,제주특별자치도,제주시,33.4849450984932,126.548284385686
커피처방전,카페,제주특별자치도,제주시,33.4927651231774,126.506567934643
제주복이당,카페,제주특별자치도,제주시,33.5144044626168,126.525323925404
시도,카페,제주특별자치도,제주시,33.4888855524182,126.442158474474
카페더플로라화련,카페,제주특별자치도,서귀포시,33.2730128507672,126.19373647802
괸당커피,카페,제주특별자치도,제주시,33.500309021306,126.529113607298
아꼬아가게,카페,제주특별자치도,제주시,33.5116339339079,126.519957582261
씨유제주이노에듀타운점,편의점,제주특별자치도,서귀포시,33.2803590918408,126.27698808681
누아제주,카페,제주특별자치도,제주시,33.5115317976879,126.519193978276
촐,카페,제주특별자치도,서귀포시,33.4122339693667,126.773770841748
카페오복,카페,제주특별자치도,제주시,33.4982156988914,126.535850746829
텐퍼센트커피제주동문,카페,제주특별자치도,제주시,33.5122110912432,126.52702569662
캐럿츠,카페,제주특별자치도,제주시,33.5547923448642,126.79795191805
꿀다방,카페,제주특별자치도,제주시,33.5253713118887,126.854384712609
더벤티서귀포,카페,제주특별자치도,서귀포시,33.2531425651337,126.522277337584
오디너리6,카페,제주특별자치도,제주시,33.4836124494788,126.47760158176
GS25외도,편의점,제주특별자치도,제주시,33.4880102650265,126.434040313634
씨유제주용두,편의점,제주특별자치도,제주시,33.516173013972,126.507220819582
바깥채,카페,제주특별자치도,제주시,33.5124559824539,126.518047983929
지에스25서부일주로점,편의점,제주특별자치도,제주시,33.4671085882784,126.352420374922
로스터리정도,카페,제주특별자치도,제주시,33.4914763821097,126.527525832595
스카이원,편의점,제주특별자치도,서귀포시,33.452108842169,126.914524209172
세븐일레븐제주애월돌고래점,편의점,제주특별자치도,제주시,33.4780239801307,126.364066122069
씨유공천포전지훈련,편의점,제주특별자치도,서귀포시,33.2746343732984,126.639008508577
빽다방제주노형월랑점,카페,제주특별자치도,제주시,33.4897852449242,126.476865106693
카페봄봄,카페,제주특별자치도,제주시,33.4888728417355,126.59702902388
카페봄봄칠십리점,카페,제주특별자치도,서귀포시,33.2420525709914,126.566598091391
사거리24시편의점,편의점,제주특별자치도,제주시,33.5086381109455,126.526324042924
하랑,카페,제주특별자치도,제주시,33.5000206182669,126.522077142381
지에스25연동시그니처점,편의점,제주특별자치도,제주시,33.4799225098404,126.490007334733
이디야커피,카페,제주특별자치도,제주시,33.502498489389,126.543188975934
오희커피,카페,제주특별자치도,제주시,33.4852682687597,126.472609923033
지에스25뉴서귀법환,편의점,제주특별자치도,서귀포시,33.2374871661323,126.51218046137
씨유제주무지개,편의점,제주특별자치도,제주시,33.5090913645925,126.473337220894
할리스제주,카페,제주특별자치도,제주시,33.4829959829767,126.478939444519
더바우,카페,제주특별자치도,제주시,33.3541806432118,126.212960648747
세븐일레븐제주오라,편의점,제주특별자치도,제주시,33.4607453433279,126.512353622884
가보세엠케이카페,카페,제주특별자치도,서귀포시,33.2210775480267,126.253983943718
카페토스티,카페,제주특별자치도,제주시,33.4702324146236,126.541292833659
카페퍼즈,카페,제주특별자치도,제주시,33.364284035323,126.199729167763
어반가드너스,편의점,제주특별자치도,서귀포시,33.4060765401738,126.779108064553
도톨,카페,제주특별자치도,서귀포시,33.2641980198538,126.613518707277
메가엠지씨커피제주노형,카페,제주특별자치도,제주시,33.4844961589712,126.479780466905
씨유제주동문,편의점,제주특별자치도,제주시,33.5120426753039,126.525422926425
카페봄봄서귀,카페,제주특별자치도,서귀포시,33.2504819682624,126.561212527375
허당소금빵,카페,제주특별자치도,서귀포시,33.4052359349897,126.904916686878
지에스25서귀포범섬점,편의점,제주특별자치도,서귀포시,33.2346617948942,126.506778068741
카페봄봄예래점,카페,제주특별자치도,서귀포시,33.2640869759379,126.384552858968
무로이,카페,제주특별자치도,서귀포시,33.3077306008682,126.336560286053
