상호명,상권업종소분류명,시도명,시군구명,위도,경도,좌석 수,1인 좌석 수,콘센트 ,와이파이 속도
투썸플레이스용,카페,제주특별자치도,제주시,33.51653926,126.5041081,44,8,31,132mbps
카페베네제주애월곽지해수욕장점,카페,제주특별자치도,제주시,33.44825583,126.3040556,13,3,6,124mbps
쿰다카페,카페,제주특별자치도,제주시,33.46219594,126.4496656,30,7,21,149mbps
빽다방제주법조,카페,제주특별자치도,제주시,33.49459457,126.5343205,44,11,26,129mbps
투썸플레이스,카페,제주특별자치도,제주시,33.46204272,126.3108082,22,7,5,144mbps
풀바셋제주아라DT점,카페,제주특별자치도,제주시,33.48764118,126.5410074,33,8,13,130mbps
할리스제주연북로점,카페,제주특별자치도,제주시,33.48138551,126.5153259,15,7,5,143mbps
세라젬웰카페제주,카페,제주특별자치도,제주시,33.48166711,126.4845637,19,6,18,54mbps
아쿠아플라넷제주,카페,제주특별자치도,서귀포시,33.43297604,126.9277911,31,10,17,75mbps
톨칸이,카페,제주특별자치도,제주시,33.49419023,126.9551807,32,6,18,110mbps
투썸플레이스제주노형,카페,제주특별자치도,제주시,33.48427122,126.4798894,39,13,27,149mbps
애월리다과점,카페,제주특별자치도,제주시,33.4637643,126.3221754,37,12,29,127mbps
데코르,카페,제주특별자치도,제주시,33.49041122,126.4306998,22,5,22,52mbps
폴바셋제주용담DT점,카페,제주특별자치도,제주시,33.51743545,126.4872794,32,8,12,88mbps
우도소품관,카페,제주특별자치도,제주시,33.4977465,126.9679203,44,11,24,104mbps
펜고호다,카페,제주특별자치도,제주시,33.41830642,126.3123796,18,9,15,140mbps
테이크썸윌리,카페,제주특별자치도,제주시,33.49149502,126.5372424,15,3,14,55mbps
바오밥나무,카페,제주특별자치도,제주시,33.45079602,126.3910026,23,4,19,60mbps
보목동마을회,카페,제주특별자치도,서귀포시,33.23701147,126.5957635,38,12,28,102mbps
귤곳간,카페,제주특별자치도,서귀포시,33.28953082,126.6932911,46,9,35,71mbps
동명카페,카페,제주특별자치도,제주시,33.51048296,126.5325457,21,4,21,61mbps
파파사이트,카페,제주특별자치도,제주시,33.33947229,126.2699799,18,4,1,149mbps
끌림,카페,제주특별자치도,제주시,33.50431484,126.5181039,24,4,7,91mbps
미스틱3도,카페,제주특별자치도,제주시,33.44998766,126.4873647,31,15,16,150mbps
제주로드팡134,카페,제주특별자치도,제주시,33.47252073,126.4088812,35,11,28,73mbps
썬시티,카페,제주특별자치도,제주시,33.55340826,126.7951231,40,8,29,134mbps
로이셀팩토리,카페,제주특별자치도,제주시,33.52394059,126.8568091,34,6,34,61mbps
오트팩토리,카페,제주특별자치도,제주시,33.52316768,126.5670957,38,19,22,105mbps
라플라주,카페,제주특별자치도,제주시,33.54282513,126.6705103,18,9,16,137mbps
우호적무관심,카페,제주특별자치도,제주시,33.33772492,126.2672125,25,5,17,132mbps
키아오라카페,카페,제주특별자치도,서귀포시,33.43430401,126.9048958,44,8,43,103mbps
영란다방,카페,제주특별자치도,제주시,33.50235933,126.5277142,50,16,36,55mbps
모알보알,카페,제주특별자치도,제주시,33.55956298,126.7279531,29,5,27,105mbps
더벤티원,카페,제주특별자치도,제주시,33.48554597,126.4850464,46,15,26,86mbps
다함께야구펍,카페,제주특별자치도,제주시,33.4862387,126.4846873,39,9,36,126mbps
알맞은시간,카페,제주특별자치도,서귀포시,33.30651921,126.7691048,30,6,12,55mbps
빽다방서귀포성읍,카페,제주특별자치도,서귀포시,33.38468406,126.8022046,18,4,12,133mbps
리치망고협제점,카페,제주특별자치도,제주시,33.40240328,126.2517715,46,9,36,72mbps
바이못,카페,제주특별자치도,제주시,33.35019968,126.3058575,34,6,19,65mbps
쥬씨삼화점,카페,제주특별자치도,제주시,33.51675485,126.579452,37,18,34,62mbps
유스커피,카페,제주특별자치도,제주시,33.48432202,126.5406591,36,12,22,125mbps
카페랑스,카페,제주특별자치도,서귀포시,33.26562663,126.5681667,27,6,13,126mbps
플로레종,카페,제주특별자치도,제주시,33.43392437,126.4015297,21,7,21,114mbps
공차제주,카페,제주특별자치도,제주시,33.50540414,126.5414302,15,3,2,70mbps
카페올디,카페,제주특별자치도,제주시,33.49395507,126.54912,14,2,3,113mbps
놀멍쉬멍카페테리아,카페,제주특별자치도,서귀포시,33.25267296,126.4183711,38,9,38,137mbps
월드카페,카페,제주특별자치도,제주시,33.41738834,126.2639423,44,11,30,112mbps
이디야커피,카페,제주특별자치도,제주시,33.51335226,126.5260185,29,14,16,115mbps
업드림스튜디오제주성산브런치난산리다방;조아가지구,카페,제주특별자치도,서귀포시,33.39894482,126.8679034,21,5,21,145mbps
투썸플레이스제주애월다인호텔점,카페,제주특별자치도,제주시,33.47249892,126.3504761,40,20,40,148mbps
구달나인,카페,제주특별자치도,서귀포시,33.26937852,126.6486793,47,23,31,70mbps
제주살롱,카페,제주특별자치도,제주시,33.47101668,126.7825797,39,13,30,96mbps
메이비,카페,제주특별자치도,서귀포시,33.24498363,126.5642337,25,8,5,81mbps
블루로즈553,카페,제주특별자치도,제주시,33.33804933,126.2284766,32,6,16,139mbps
애월브릭하우스,카페,제주특별자치도,제주시,33.4748358,126.3647349,17,3,2,62mbps
소담,카페,제주특별자치도,서귀포시,33.23124686,126.5073444,10,5,6,150mbps
본태인터네셔널,카페,제주특별자치도,제주시,33.46292656,126.3092415,27,9,17,141mbps
터미널다방,카페,제주특별자치도,제주시,33.49971311,126.5148687,41,13,21,91mbps
진주다방,카페,제주특별자치도,제주시,33.47836044,126.4807639,19,9,10,149mbps
메가엠지씨커피제주,카페,제주특별자치도,제주시,33.50568343,126.541375,33,16,29,110mbps
빽다방서귀포올레,카페,제주특별자치도,서귀포시,33.24949522,126.5626446,18,4,3,110mbps
커피473,카페,제주특별자치도,제주시,33.49943292,126.5407084,17,5,7,124mbps
플레이스엉물,카페,제주특별자치도,제주시,33.48963246,126.9006603,48,9,31,74mbps
쪼끌락,카페,제주특별자치도,제주시,33.55776259,126.7552037,48,12,42,93mbps
토끼문,카페,제주특별자치도,제주시,33.55589725,126.7954833,48,16,33,62mbps
경운재,카페,제주특별자치도,제주시,33.49393907,126.6767755,46,11,41,112mbps
개화당,카페,제주특별자치도,제주시,33.47019723,126.5415297,15,3,3,126mbps
꿈꾸는고양이,카페,제주특별자치도,제주시,33.46608988,126.3576344,48,12,43,66mbps
달자카페,카페,제주특별자치도,제주시,33.48354907,126.3797559,13,4,4,111mbps
홀리싯커피서플라이,카페,제주특별자치도,제주시,33.49480093,126.5413032,18,3,0,136mbps
클라우드나인커피,카페,제주특별자치도,제주시,33.49903842,126.5292819,21,10,20,55mbps
몽상의정원,카페,제주특별자치도,제주시,33.52450224,126.5645809,47,11,39,59mbps
글러트니커피,카페,제주특별자치도,제주시,33.48657252,126.5348907,42,8,42,61mbps
블라썸1407,카페,제주특별자치도,제주시,33.45684998,126.3475381,35,8,15,87mbps
뽀르또,카페,제주특별자치도,서귀포시,33.27312475,126.6633264,39,13,26,52mbps
도그모루,카페,제주특별자치도,제주시,33.51527905,126.673015,49,24,48,109mbps
법환쌀다방,카페,제주특별자치도,서귀포시,33.23747385,126.5110862,25,12,9,74mbps
카페오트,카페,제주특별자치도,제주시,33.32585668,126.2560565,24,6,14,127mbps
리치망고도두해안로점,카페,제주특별자치도,제주시,33.50565334,126.4684182,20,10,17,144mbps
엘파소,카페,제주특별자치도,서귀포시,33.24538996,126.3259153,34,6,32,93mbps
사계풍경포시즌,카페,제주특별자치도,서귀포시,33.23655142,126.3106193,24,6,15,51mbps
세화인,카페,제주특별자치도,제주시,33.52619367,126.8560088,16,3,7,147mbps
띠아모제주,카페,제주특별자치도,제주시,33.50593974,126.495957,49,12,41,80mbps
헬렌앤마리,카페,제주특별자치도,제주시,33.51223474,126.5237859,13,2,3,119mbps
채플린,카페,제주특별자치도,서귀포시,33.24820844,126.5659453,36,18,25,127mbps
세화비치,카페,제주특별자치도,제주시,33.52493239,126.8568398,17,4,10,124mbps
코삿호다,카페,제주특별자치도,제주시,33.36551894,126.1982888,18,3,12,75mbps
소인,카페,제주특별자치도,제주시,33.48421784,126.4843764,26,5,16,76mbps
깃든,카페,제주특별자치도,제주시,33.54309217,126.8296125,49,16,36,128mbps
카페현,카페,제주특별자치도,제주시,33.49288896,126.5435838,40,8,26,103mbps
큐제이,카페,제주특별자치도,제주시,33.49014821,126.5363242,21,4,10,136mbps
미르의언덕,카페,제주특별자치도,제주시,33.54518288,126.6621784,38,12,19,88mbps
카페훤,카페,제주특별자치도,제주시,33.39617119,126.242506,13,3,4,142mbps
스위스마을117동;다온,카페,제주특별자치도,제주시,33.49393907,126.6767755,19,4,14,50mbps
디오,카페,제주특별자치도,제주시,33.50714974,126.5121904,10,3,6,109mbps
윈드스톤,카페,제주특별자치도,제주시,33.46047601,126.4360909,38,12,38,79mbps
백향목전통차,카페,제주특별자치도,서귀포시,33.40975637,126.8977734,19,4,3,103mbps
준파스타,카페,제주특별자치도,서귀포시,33.25852567,126.6249409,42,8,33,111mbps
블루하이,카페,제주특별자치도,제주시,33.38139558,126.2180244,25,6,22,126mbps
한앤솜하우스,카페,제주특별자치도,제주시,33.47567755,126.477391,50,16,32,55mbps
에이바우트커피올레,카페,제주특별자치도,서귀포시,33.24736797,126.5628162,21,10,1,144mbps
카페이음새,카페,제주특별자치도,제주시,33.49057559,126.4957017,17,3,3,143mbps
카페블루탐,카페,제주특별자치도,제주시,33.53120208,126.6196447,27,13,19,145mbps
그녀의커피잔,카페,제주특별자치도,서귀포시,33.24153658,126.5312247,31,6,21,136mbps
이디야커피제주하귀점,카페,제주특별자치도,제주시,33.48461884,126.4162338,19,9,11,108mbps
콩,카페,제주특별자치도,서귀포시,33.25447191,126.5600014,37,7,29,98mbps
르브아커피,카페,제주특별자치도,서귀포시,33.27404317,126.6764396,40,10,24,141mbps
바닐라파레트,카페,제주특별자치도,제주시,33.47713358,126.4805991,21,4,20,102mbps
블루미270,카페,제주특별자치도,서귀포시,33.31220486,126.7191774,23,5,13,100mbps
모티프커피제주,카페,제주특별자치도,서귀포시,33.28035193,126.2851033,36,9,20,141mbps
종달블랑,카페,제주특별자치도,제주시,33.49184928,126.8992696,48,24,40,115mbps
보라지붕,카페,제주특별자치도,제주시,33.54076855,126.6701521,14,3,0,50mbps
갤러리오브디지털아트,카페,제주특별자치도,서귀포시,33.30420118,126.2996617,36,7,36,148mbps
이레하우스,카페,제주특별자치도,제주시,33.49606021,126.5503358,39,13,38,146mbps
인,카페,제주특별자치도,제주시,33.54519975,126.8280471,24,4,21,119mbps
버터플라이,카페,제주특별자치도,서귀포시,33.25702335,126.5755173,14,2,14,86mbps
제주봄날,카페,제주특별자치도,제주시,33.46250476,126.3095891,37,9,22,93mbps
메탈리코,카페,제주특별자치도,제주시,33.42538868,126.4057816,25,8,8,92mbps
화의기억,카페,제주특별자치도,제주시,33.43953704,126.3285043,35,7,22,100mbps
엘앤씨컴퍼니,카페,제주특별자치도,서귀포시,33.24429919,126.5910194,22,7,18,130mbps
카페오션브릭,카페,제주특별자치도,서귀포시,33.24174054,126.3246451,17,3,5,69mbps
레이지,카페,제주특별자치도,서귀포시,33.23644663,126.3128625,16,3,15,86mbps
색달로망스,카페,제주특별자치도,서귀포시,33.26076227,126.4110842,11,2,10,116mbps
녹원,카페,제주특별자치도,제주시,33.50758453,126.5243064,21,10,21,123mbps
제주엔봄,카페,제주특별자치도,제주시,33.46610987,126.5146579,40,8,24,61mbps
산방산흑돼지,카페,제주특별자치도,서귀포시,33.23587318,126.3086291,49,24,29,99mbps
이디야커피제주화북점,카페,제주특별자치도,제주시,33.51876939,126.5727148,14,3,5,59mbps
효진,카페,제주특별자치도,제주시,33.51317035,126.5303355,43,14,29,116mbps
뽀르뽀라,카페,제주특별자치도,서귀포시,33.41055767,126.9078243,43,21,33,67mbps
유람위드북스,카페,제주특별자치도,제주시,33.33973823,126.2347777,46,23,26,115mbps
루핀,카페,제주특별자치도,서귀포시,33.21038633,126.2913358,32,8,21,122mbps
도노미,카페,제주특별자치도,제주시,33.48425354,126.4756933,27,13,18,102mbps
오캄커피,카페,제주특별자치도,제주시,33.4995528,126.5317865,44,14,38,139mbps
리치망고애월점,카페,제주특별자치도,제주시,33.46855869,126.3401783,31,10,29,130mbps
걸피커피,카페,제주특별자치도,제주시,33.49907053,126.5258811,19,4,8,57mbps
에이바우트스타디움,카페,제주특별자치도,제주시,33.50496379,126.5643129,44,8,29,66mbps
파스쿠찌제주노형,카페,제주특별자치도,제주시,33.48701852,126.4792812,15,7,3,101mbps
속솜,카페,제주특별자치도,제주시,33.52859028,126.879839,21,7,4,149mbps
자작나무,카페,제주특별자치도,제주시,33.4798375,126.4978942,42,10,37,67mbps
파머스커피,카페,제주특별자치도,서귀포시,33.24374997,126.45694,25,8,17,108mbps
곱을락;숨바꼭질,카페,제주특별자치도,서귀포시,33.1670806,126.2724305,25,8,7,114mbps
동광,카페,제주특별자치도,제주시,33.48972959,126.5425566,19,3,13,76mbps
비원,카페,제주특별자치도,제주시,33.51310344,126.5293349,45,11,44,126mbps
요거프레스제주성산점,카페,제주특별자치도,서귀포시,33.46642464,126.9119929,47,15,28,142mbps
카페노아,카페,제주특별자치도,제주시,33.52862493,126.58904,48,12,43,135mbps
니모스토리,카페,제주특별자치도,제주시,33.55825605,126.7539855,45,15,27,102mbps
두리,카페,제주특별자치도,서귀포시,33.32585142,126.8316261,31,6,26,85mbps
레드빈,카페,제주특별자치도,서귀포시,33.25239944,126.4254769,17,4,9,84mbps
제주앨리스연동점,카페,제주특별자치도,제주시,33.48014304,126.4910174,41,10,36,89mbps
메이플,카페,제주특별자치도,제주시,33.38407682,126.2673612,30,6,28,137mbps
에이바웃,카페,제주특별자치도,서귀포시,33.25159096,126.424173,27,5,23,91mbps
뜨락,카페,제주특별자치도,제주시,33.48291507,126.4124687,23,7,9,122mbps
모란이피기까지,카페,제주특별자치도,제주시,33.51557546,126.8664133,23,4,13,135mbps
디엔에이투자파트너스,카페,제주특별자치도,제주시,33.30816135,126.249077,12,3,11,110mbps
컴포즈서귀포표선점,카페,제주특별자치도,서귀포시,33.326898,126.8321396,11,5,7,85mbps
부커피,카페,제주특별자치도,제주시,33.51890666,126.4920498,43,21,42,132mbps
호꼴락,카페,제주특별자치도,서귀포시,33.32585142,126.8316261,19,9,12,127mbps
마린68,카페,제주특별자치도,서귀포시,33.23084931,126.3082931,37,7,19,129mbps
덴드리,카페,제주특별자치도,서귀포시,33.36961314,126.8660565,25,5,15,89mbps
부추,카페,제주특별자치도,제주시,33.4474759,126.4343037,18,6,15,96mbps
온도커피,카페,제주특별자치도,제주시,33.48291128,126.4845563,43,14,34,73mbps
에니스케리,카페,제주특별자치도,제주시,33.39540252,126.2421257,27,13,20,52mbps
마블러스하도,카페,제주특별자치도,제주시,33.52920362,126.8800965,36,12,17,139mbps
은찬이네카페,카페,제주특별자치도,서귀포시,33.32585142,126.8316261,19,9,12,106mbps
유심이감성,카페,제주특별자치도,제주시,33.96058454,126.2955297,25,5,14,140mbps
아주르블루,카페,제주특별자치도,서귀포시,33.27968447,126.7238222,46,15,41,147mbps
모래비커피팩토리,카페,제주특별자치도,제주시,33.55551949,126.7960334,27,9,7,86mbps
투썸플레이스제주남원농협하나로마트점,카페,제주특별자치도,서귀포시,33.28439528,126.7217033,39,7,32,70mbps
그리니티,카페,제주특별자치도,제주시,33.49292048,126.5447996,42,21,33,62mbps
커피순,카페,제주특별자치도,제주시,33.49162771,126.4972451,34,8,28,101mbps
우지커피제주,카페,제주특별자치도,서귀포시,33.25209791,126.4226673,33,8,19,70mbps
20세기소년,카페,제주특별자치도,제주시,33.50141082,126.5296027,46,15,39,90mbps
베러먼데이노형,카페,제주특별자치도,제주시,33.48337831,126.4776675,11,2,3,83mbps
제파,카페,제주특별자치도,제주시,33.55456941,126.7939789,37,18,25,111mbps
오,카페,제주특별자치도,제주시,33.51474639,126.5394758,35,11,18,63mbps
애월맛차,카페,제주특별자치도,제주시,33.47140411,126.4186999,42,14,36,122mbps
로컬리지,카페,제주특별자치도,서귀포시,33.23153949,126.2963148,20,4,11,119mbps
카페촐,카페,제주특별자치도,서귀포시,33.41223397,126.7737708,19,6,10,125mbps
록록타르트,카페,제주특별자치도,제주시,33.52885087,126.8789343,29,9,29,149mbps
월령15,카페,제주특별자치도,제주시,33.37626312,126.2176405,34,17,33,70mbps
망고레이필리핀디저트카페,카페,제주특별자치도,서귀포시,33.43635265,126.9205188,37,7,33,90mbps
송당나무가드닝센터,카페,제주특별자치도,제주시,33.47696041,126.7890416,45,15,45,121mbps
헬레네감사헌느,카페,제주특별자치도,제주시,33.49484937,126.6766537,36,12,32,51mbps
하토우커피로스터스,카페,제주특별자치도,제주시,33.52002431,126.8701416,33,8,26,74mbps
나지금제주,카페,제주특별자치도,제주시,33.48177429,126.4714799,16,3,1,119mbps
서귀포더벤티,카페,제주특별자치도,서귀포시,33.25092138,126.4334703,17,8,2,126mbps
노마와사비,카페,제주특별자치도,제주시,33.50164112,126.5429567,25,5,11,105mbps
카페두모리에,카페,제주특별자치도,제주시,33.3574857,126.1830635,14,3,6,150mbps
소금인형,카페,제주특별자치도,제주시,33.50448544,126.5249261,39,7,28,87mbps
메리오가닉,카페,제주특별자치도,제주시,33.34972088,126.1827386,20,6,15,89mbps
나인커피숍,카페,제주특별자치도,제주시,33.49473979,126.5467378,17,4,5,103mbps
개떼목장,카페,제주특별자치도,서귀포시,33.27937334,126.3179364,27,13,16,112mbps
우도몬딱,카페,제주특별자치도,제주시,33.51501791,126.9569783,11,3,8,99mbps
카페도구리3083,카페,제주특별자치도,서귀포시,33.27490269,126.172617,12,2,1,103mbps
구씨커피,카페,제주특별자치도,제주시,33.52363072,126.853957,20,10,11,139mbps
좁생이방앗간,카페,제주특별자치도,서귀포시,33.35470622,126.8405523,37,12,34,55mbps
빽다방제주,카페,제주특별자치도,제주시,33.54518288,126.6621784,21,10,18,132mbps
카페애옥,카페,제주특별자치도,서귀포시,33.36924586,126.8682922,27,9,22,79mbps
커피와수다,카페,제주특별자치도,제주시,33.51152704,126.5202918,43,21,41,74mbps
돌개바람,카페,제주특별자치도,서귀포시,33.40076258,126.9032017,13,4,12,88mbps
쿠잉,카페,제주특별자치도,제주시,33.49271625,126.4770627,30,6,20,126mbps
욱앤에프,카페,제주특별자치도,제주시,33.54248807,126.6692088,14,3,9,89mbps
앤그리고,카페,제주특별자치도,서귀포시,33.24708522,126.5644594,16,4,8,118mbps
노을해안1014,카페,제주특별자치도,제주시,33.29767701,126.1685585,25,8,9,73mbps
더벤티법환포구점,카페,제주특별자치도,서귀포시,33.2355576,126.5144657,47,15,38,88mbps
원택,카페,제주특별자치도,제주시,33.49860909,126.5301882,45,22,43,64mbps
달리는커피도두점,카페,제주특별자치도,제주시,33.50294734,126.4639471,26,8,13,121mbps
코알라,카페,제주특별자치도,제주시,33.48121705,126.489096,41,20,23,102mbps
템푸스,카페,제주특별자치도,제주시,33.55492716,126.7976932,10,2,9,119mbps
베이커리카페70,카페,제주특별자치도,서귀포시,33.24499229,126.569309,16,4,9,106mbps
서정,카페,제주특별자치도,서귀포시,33.25259464,126.5544092,46,11,27,75mbps
법인더휘게,카페,제주특별자치도,제주시,33.429337,126.3551096,25,8,21,51mbps
시작카페,카페,제주특별자치도,제주시,33.50770869,126.5237676,18,6,17,52mbps
말벗카페,카페,제주특별자치도,제주시,33.44897614,126.7134458,41,10,23,129mbps
고스란히,카페,제주특별자치도,제주시,33.48845775,126.5351281,39,7,34,138mbps
어썸커뮤니티,카페,제주특별자치도,제주시,33.47643936,126.5497487,37,9,29,100mbps
드롭탑제주,카페,제주특별자치도,제주시,33.50397969,126.5270597,34,6,23,90mbps
꾸까,카페,제주특별자치도,제주시,33.51567549,126.5396001,35,7,27,116mbps
파피용살롱드떼,카페,제주특별자치도,서귀포시,33.32772543,126.8306129,41,20,22,115mbps
컴포즈커피한림점,카페,제주특별자치도,제주시,33.40991433,126.2654889,25,12,18,56mbps
황금다방,카페,제주특별자치도,서귀포시,33.24748842,126.5663137,50,25,40,91mbps
에이드롭커피,카페,제주특별자치도,서귀포시,33.27537309,126.6747173,43,14,36,98mbps
도로시,카페,제주특별자치도,제주시,33.48817416,126.4818136,48,12,47,129mbps
머스크,카페,제주특별자치도,제주시,33.52019977,126.5666153,38,7,21,146mbps
앨리스,카페,제주특별자치도,제주시,33.49756987,126.5295589,13,2,3,122mbps
달리는커피제주삼화점,카페,제주특별자치도,제주시,33.51702523,126.5820878,45,15,42,124mbps
레몬올레,카페,제주특별자치도,서귀포시,33.2624917,126.3684872,33,6,27,114mbps
동감,카페,제주특별자치도,제주시,33.47860391,126.4807732,43,21,28,111mbps
귤하르방구좌점,카페,제주특별자치도,제주시,33.53239786,126.8494315,21,5,5,143mbps
마당한동,카페,제주특별자치도,제주시,33.53333216,126.8198994,14,3,3,85mbps
금호다방,카페,제주특별자치도,제주시,33.51211652,126.5188571,47,15,40,120mbps
모카,카페,제주특별자치도,서귀포시,33.29216872,126.7613912,14,3,6,86mbps
우유부단,카페,제주특별자치도,제주시,33.34761701,126.3280613,30,6,27,135mbps
모시란,카페,제주특별자치도,제주시,33.49811223,126.5468709,38,19,35,123mbps
백조,카페,제주특별자치도,제주시,33.51364025,126.5282449,20,6,8,117mbps
달페이지,카페,제주특별자치도,서귀포시,33.2597569,126.4139349,48,9,30,148mbps
마로네,카페,제주특별자치도,제주시,33.51217707,126.5395325,43,14,41,117mbps
망고하이,카페,제주특별자치도,서귀포시,33.25822668,126.4068622,37,9,18,141mbps
카카듀,카페,제주특별자치도,제주시,33.49130453,126.5417843,16,4,4,120mbps
이디야커피제주연북로점,카페,제주특별자치도,제주시,33.48166877,126.4849618,27,5,7,149mbps
그레이트커피,카페,제주특별자치도,서귀포시,33.2669766,126.2953761,39,19,30,118mbps
귤꽃,카페,제주특별자치도,제주시,33.53842006,126.6553142,44,11,32,98mbps
샐리가든커피,카페,제주특별자치도,제주시,33.49291516,126.5360727,32,16,29,107mbps
19티성산,카페,제주특별자치도,서귀포시,33.46129928,126.9342755,34,11,30,133mbps
엠브릿지,카페,제주특별자치도,서귀포시,33.21005903,126.2583784,17,5,2,141mbps
코츠커피,카페,제주특별자치도,서귀포시,33.2448043,126.5065709,22,7,9,134mbps
아이즈,카페,제주특별자치도,제주시,33.53606053,126.6251894,46,11,37,51mbps
카페헤이브라운,카페,제주특별자치도,제주시,33.47211616,126.5411323,25,8,21,63mbps
카페인어,카페,제주특별자치도,제주시,33.44043402,126.2763944,49,9,39,109mbps
제주나무카페,카페,제주특별자치도,제주시,33.4561999,126.710378,13,4,6,115mbps
쁘띠,카페,제주특별자치도,제주시,33.49517849,126.5337578,45,22,26,100mbps
꽃길,카페,제주특별자치도,서귀포시,33.25091618,126.5616181,35,7,30,58mbps
카페바나나,카페,제주특별자치도,제주시,33.54381497,126.6630989,22,11,3,143mbps
컴플리트,카페,제주특별자치도,제주시,33.47824183,126.4912975,40,13,27,129mbps
다코네,카페,제주특별자치도,제주시,33.52919017,126.8367771,43,8,36,93mbps
위즈,카페,제주특별자치도,제주시,33.48751466,126.4321283,47,15,47,108mbps
커피로카,카페,제주특별자치도,제주시,33.50662665,126.5404444,35,7,26,87mbps
하례마을공간내창협동조합,카페,제주특별자치도,서귀포시,33.25339411,126.6275169,17,4,17,130mbps
꿈,카페,제주특별자치도,제주시,33.5020625,126.5278988,14,4,8,131mbps
올래파이,카페,제주특별자치도,제주시,33.48015144,126.4908667,45,9,30,125mbps
픽토랜드,카페,제주특별자치도,제주시,33.5221791,126.6881022,11,3,8,92mbps
달리는커피제주외도점,카페,제주특별자치도,제주시,33.48897754,126.4306661,42,10,26,74mbps
칠칠,카페,제주특별자치도,제주시,33.51365447,126.5272439,39,19,23,109mbps
알레그레,카페,제주특별자치도,제주시,33.42599077,126.26416,33,8,23,93mbps
더구두미,카페,제주특별자치도,서귀포시,33.2436643,126.5953895,17,4,12,63mbps
마크로비오틱올리브,카페,제주특별자치도,서귀포시,33.3260623,126.3788012,46,23,46,90mbps
소색채본,카페,제주특별자치도,서귀포시,33.23511656,126.3136453,28,5,21,74mbps
카페쉬머,카페,제주특별자치도,서귀포시,33.25405129,126.5217788,35,17,35,118mbps
바라나시책골목,카페,제주특별자치도,제주시,33.51632169,126.5151957,12,4,8,61mbps
플라워코티지,카페,제주특별자치도,서귀포시,33.24486755,126.3636675,40,13,36,65mbps
영국찻집,카페,제주특별자치도,제주시,33.41723414,126.314119,30,15,10,113mbps
커피림,카페,제주특별자치도,제주시,33.46944616,126.4878634,37,12,35,100mbps
노론존,카페,제주특별자치도,제주시,33.48843607,126.4840824,19,3,10,148mbps
카페분식이다,카페,제주특별자치도,제주시,33.48764301,126.5342501,16,8,6,56mbps
해리앤소담,카페,제주특별자치도,제주시,33.462635,126.4310858,25,5,25,135mbps
앤드앤드,카페,제주특별자치도,제주시,33.48361455,126.4867363,49,24,32,150mbps
빽다방제주평화로에스케이점,카페,제주특별자치도,제주시,33.46752173,126.4572482,15,7,1,70mbps
컴포즈,카페,제주특별자치도,서귀포시,33.26130866,126.521589,46,11,44,88mbps
서귀포평양옥,카페,제주특별자치도,서귀포시,33.29839248,126.6007523,36,18,32,120mbps
케이빈,카페,제주특별자치도,제주시,33.47756583,126.549603,44,11,24,90mbps
몽마르카부덴,카페,제주특별자치도,서귀포시,33.23523845,126.3128612,28,9,22,82mbps
파라카페,카페,제주특별자치도,제주시,33.48409544,126.3808387,22,5,8,133mbps
발트글라스카페,카페,제주특별자치도,제주시,33.46803839,126.4853759,30,7,10,116mbps
고사리커피,카페,제주특별자치도,제주시,33.47337211,126.7640802,42,10,22,82mbps
러뷰라떼,카페,제주특별자치도,제주시,33.47981511,126.526567,48,16,38,88mbps
혜윰,카페,제주특별자치도,제주시,33.46933,126.5435137,16,8,14,134mbps
커피마마제주한림점,카페,제주특별자치도,제주시,33.41112413,126.2672955,35,17,28,92mbps
수궁다방,카페,제주특별자치도,서귀포시,33.22024366,126.2517491,24,12,10,134mbps
카페온,카페,제주특별자치도,제주시,33.4903459,126.4794012,45,11,26,139mbps
제주에서,카페,제주특별자치도,제주시,33.49863977,126.5335348,33,8,16,150mbps
자유다방,카페,제주특별자치도,서귀포시,33.24923485,126.5655325,23,11,7,58mbps
루프탑,카페,제주특별자치도,서귀포시,33.24522304,126.5630844,15,3,11,140mbps
산지물마을카페,카페,제주특별자치도,서귀포시,33.26429827,126.5647281,21,7,7,138mbps
웰컴순카페,카페,제주특별자치도,제주시,33.34569737,126.283055,28,7,8,88mbps
라브뉴,카페,제주특별자치도,제주시,33.49226184,126.5301794,28,7,28,76mbps
꼬닥꼬닥걸으멍,카페,제주특별자치도,서귀포시,33.17279851,126.269628,49,12,41,103mbps
카페제주로드1136,카페,제주특별자치도,제주시,33.35310505,126.2594238,46,23,39,52mbps
빽다방제주봉개DT점,카페,제주특별자치도,제주시,33.48410845,126.6041955,10,2,8,122mbps
봄봄,카페,제주특별자치도,제주시,33.48913908,126.4754379,43,14,40,130mbps
쉬어갓,카페,제주특별자치도,서귀포시,33.38609318,126.8822709,14,2,11,88mbps
드리밍,카페,제주특별자치도,제주시,33.50042454,126.5263042,20,4,1,141mbps
플랏포커피,카페,제주특별자치도,제주시,33.4870154,126.4828427,48,9,37,53mbps
모드락572,카페,제주특별자치도,서귀포시,33.35447622,126.7737377,31,10,28,57mbps
컴포즈커피서귀포성산점,카페,제주특별자치도,서귀포시,33.45093511,126.9121806,16,5,8,84mbps
제피로스,카페,제주특별자치도,제주시,33.31758726,126.1690138,27,5,24,65mbps
고다시,카페,제주특별자치도,제주시,33.47400801,126.5263512,31,15,27,143mbps
카페판포리,카페,제주특별자치도,제주시,33.36316255,126.201985,10,3,8,85mbps
아미고라운드,카페,제주특별자치도,서귀포시,33.24244666,126.3752195,21,5,11,106mbps
엠에이치컴퍼니산노루,카페,제주특별자치도,제주시,33.33003816,126.2133067,39,7,21,79mbps
티타임커피,카페,제주특별자치도,제주시,33.96309386,126.2976513,32,8,14,119mbps
더그레이스,카페,제주특별자치도,제주시,33.3213676,126.2412959,36,18,31,142mbps
유나카페,카페,제주특별자치도,서귀포시,33.26601391,126.6418238,11,2,4,92mbps
숑,카페,제주특별자치도,서귀포시,33.26634121,126.6427669,48,9,42,136mbps
록록,카페,제주특별자치도,제주시,33.52885087,126.8789343,15,3,6,136mbps
레프트핸더,카페,제주특별자치도,제주시,33.52019012,126.8649961,34,11,17,142mbps
콜라비,카페,제주특별자치도,제주시,33.4281614,126.6746216,17,8,16,70mbps
버드아일랜드,카페,제주특별자치도,제주시,33.4639907,126.4559256,39,19,37,102mbps
아줄레주,카페,제주특별자치도,서귀포시,33.36698454,126.8391652,19,4,11,97mbps
양철공,카페,제주특별자치도,서귀포시,33.24430598,126.5690012,23,7,12,145mbps
달비치,카페,제주특별자치도,제주시,33.55507964,126.7972082,22,4,4,139mbps
소길다방,카페,제주특별자치도,제주시,33.43881064,126.37944,36,18,18,66mbps
카페시소,카페,제주특별자치도,제주시,33.54344647,126.6348801,26,8,23,94mbps
마당별,카페,제주특별자치도,서귀포시,33.25146233,126.4394331,48,16,33,114mbps
272커피,카페,제주특별자치도,제주시,33.49978104,126.5254253,13,4,13,71mbps
카페,카페,제주특별자치도,제주시,33.40721769,126.3340205,17,4,11,96mbps
해당화다방,카페,제주특별자치도,서귀포시,33.24923845,126.5665626,19,3,10,138mbps
아이올레인포레스트,카페,제주특별자치도,제주시,33.51836883,126.7877679,30,15,10,62mbps
낭커피,카페,제주특별자치도,서귀포시,33.29157606,126.6092218,20,4,3,93mbps
싱싱프루츠,카페,제주특별자치도,제주시,33.48939522,126.5399114,23,11,15,78mbps
커피516,카페,제주특별자치도,서귀포시,33.2560736,126.5772711,44,8,29,139mbps
메종드카페,카페,제주특별자치도,제주시,33.49953427,126.522209,17,5,3,143mbps
헤이브라더,카페,제주특별자치도,서귀포시,33.22558964,126.2996559,42,8,37,136mbps
투썸플레이스엠제이벤처오름점,카페,제주특별자치도,제주시,33.45456409,126.5719544,24,4,9,64mbps
매일더탐나,카페,제주특별자치도,서귀포시,33.30669727,126.7828487,34,6,23,148mbps
별빛카페,카페,제주특별자치도,제주시,33.4482497,126.5506687,32,8,21,107mbps
아침미소목,카페,제주특별자치도,제주시,33.45479293,126.5862479,38,9,22,70mbps
커피냅로스터스제주,카페,제주특별자치도,제주시,33.48918697,126.4137068,29,5,19,141mbps
놀소랑,카페,제주특별자치도,서귀포시,33.27452275,126.6226721,12,4,12,110mbps
시,카페,제주특별자치도,서귀포시,33.25724042,126.5704616,19,4,16,104mbps
미엘드세화,카페,제주특별자치도,제주시,33.52452334,126.8618461,28,14,23,65mbps
에이바우트커피베라체점,카페,제주특별자치도,제주시,33.49208322,126.5426841,41,13,39,87mbps
설빙제주삼화점,카페,제주특별자치도,제주시,33.51561842,126.5766805,49,12,47,71mbps
바누카페,카페,제주특별자치도,제주시,33.5347728,126.6286939,43,21,35,57mbps
예스예스커피,카페,제주특별자치도,제주시,33.4871059,126.5376854,42,21,31,84mbps
벌툰제주한라대점,카페,제주특별자치도,제주시,33.47608677,126.4803687,43,10,37,63mbps
수마,카페,제주특별자치도,서귀포시,33.46099252,126.9338778,29,5,24,142mbps
퍼스트스퀘어,카페,제주특별자치도,서귀포시,33.25318995,126.5595357,24,12,18,57mbps
풍년다방카페,카페,제주특별자치도,서귀포시,33.25013125,126.5640365,25,5,7,62mbps
이디야커피시청고산동산점,카페,제주특별자치도,제주시,33.49640618,126.5317712,41,8,29,133mbps
케이로컬,카페,제주특별자치도,서귀포시,33.24392289,126.2184997,39,9,23,112mbps
단수이카스테라인제주,카페,제주특별자치도,제주시,33.46272981,126.4521363,30,6,16,63mbps
빛채움천연염색체험까페,카페,제주특별자치도,서귀포시,33.39387248,126.7971965,46,9,42,114mbps
지금;여기,카페,제주특별자치도,서귀포시,33.25241281,126.5590459,42,10,23,69mbps
오로라공주,카페,제주특별자치도,서귀포시,33.2628656,126.3483402,25,8,21,112mbps
벨롱,카페,제주특별자치도,제주시,33.52826534,126.8794626,13,6,1,93mbps
설빙제주,카페,제주특별자치도,제주시,33.49803094,126.52989,24,12,4,68mbps
호다,카페,제주특별자치도,제주시,33.54284182,126.6633072,44,8,33,71mbps
킵미클로즈,카페,제주특별자치도,제주시,33.5121669,126.4843184,31,6,13,147mbps
봉꾸라주,카페,제주특별자치도,서귀포시,33.25428627,126.5057771,44,14,44,76mbps
디케이리,카페,제주특별자치도,제주시,33.51285797,126.5287981,37,18,29,77mbps
시차,카페,제주특별자치도,제주시,33.44162411,126.2826004,50,10,42,110mbps
유라디,카페,제주특별자치도,제주시,33.47143141,126.5511086,35,8,23,126mbps
투썸플레이스연북로점,카페,제주특별자치도,제주시,33.4819403,126.5028851,15,3,14,134mbps
미소,카페,제주특별자치도,제주시,33.51277304,126.5184337,36,18,31,111mbps
더벤티제주,카페,제주특별자치도,제주시,33.50513597,126.5372021,31,10,23,93mbps
카페코랫,카페,제주특별자치도,제주시,33.43981181,126.329298,48,24,28,132mbps
카페폴린,카페,제주특별자치도,서귀포시,33.24612527,126.5736493,30,15,16,87mbps
더벤티제주,카페,제주특별자치도,제주시,33.48668966,126.478261,45,11,38,50mbps
다소재티하우스,카페,제주특별자치도,제주시,33.50449313,126.5245816,48,24,31,148mbps
바람,카페,제주특별자치도,제주시,33.44665045,126.5547208,42,10,39,84mbps
모니카플라워까페,카페,제주특별자치도,제주시,33.46737413,126.5486015,43,10,43,149mbps
수하리,카페,제주특별자치도,서귀포시,33.40767535,126.8998722,28,9,12,78mbps
달콤커피제주,카페,제주특별자치도,제주시,33.50593974,126.495957,47,11,35,51mbps
모멘터리커피,카페,제주특별자치도,제주시,33.55645234,126.7537214,21,7,14,53mbps
바다는김녕,카페,제주특별자치도,제주시,33.55806866,126.754966,45,9,33,145mbps
율커피,카페,제주특별자치도,서귀포시,33.27525964,126.70137,36,12,32,111mbps
스트릿16,카페,제주특별자치도,제주시,33.51453415,126.5122889,41,20,35,56mbps
블루마운틴4255,카페,제주특별자치도,서귀포시,33.38008267,126.8373034,45,15,40,142mbps
빽다방빵연구소제주연동점,카페,제주특별자치도,제주시,33.48375064,126.48694,48,16,35,81mbps
안녕구움,카페,제주특별자치도,제주시,33.3054016,126.1790936,24,6,21,122mbps
벌크커피서귀포,카페,제주특별자치도,서귀포시,33.25229787,126.5571471,22,11,16,106mbps
수상한언니들,카페,제주특별자치도,제주시,33.52048552,126.5658281,47,15,29,94mbps
센잇,카페,제주특별자치도,제주시,33.51191849,126.5236047,32,16,26,121mbps
봄봄표선점,카페,제주특별자치도,서귀포시,33.32571816,126.8330977,36,18,22,64mbps
사계2499,카페,제주특별자치도,서귀포시,33.2311132,126.2958677,46,15,37,130mbps
쏘잉싸롱,카페,제주특별자치도,제주시,33.3226201,126.2621303,45,11,42,138mbps
가을남자의커피향기,카페,제주특별자치도,제주시,33.46593337,126.3347981,36,9,36,111mbps
협재이길,카페,제주특별자치도,제주시,33.39255708,126.2412369,38,19,31,112mbps
트리앤,카페,제주특별자치도,제주시,33.5439787,126.6737361,34,17,23,91mbps
머스태쉬커피MustacheCoffee,카페,제주특별자치도,제주시,33.46406995,126.3220116,29,7,14,111mbps
커피온다,카페,제주특별자치도,제주시,33.49946867,126.5215636,10,5,5,114mbps
리썸룸lissomroom,카페,제주특별자치도,제주시,33.45980998,126.4343635,10,2,3,64mbps
휴메인제주성산지점,카페,제주특별자치도,서귀포시,33.37275505,126.8538551,19,4,19,83mbps
시연,카페,제주특별자치도,제주시,33.49688027,126.4517276,33,8,31,81mbps
살롱드라방,카페,제주특별자치도,제주시,33.45786718,126.3489503,13,6,7,94mbps
요거랑,카페,제주특별자치도,제주시,33.49398455,126.547312,17,8,12,52mbps
연출까페,카페,제주특별자치도,서귀포시,33.27871605,126.7181683,49,12,35,94mbps
천사카페,카페,제주특별자치도,서귀포시,33.44723103,126.9143892,38,9,30,59mbps
리앤오컴퍼니,카페,제주특별자치도,서귀포시,33.27520828,126.6570069,45,15,41,122mbps
가온해,카페,제주특별자치도,서귀포시,33.23492509,126.367677,29,5,15,150mbps
하늘정원,카페,제주특별자치도,서귀포시,33.25273905,126.5569732,41,10,40,107mbps
차한모금,카페,제주특별자치도,제주시,33.53773785,126.837181,13,4,6,138mbps
용용다방,카페,제주특별자치도,서귀포시,33.32698143,126.8338364,15,3,0,96mbps
백주산보,카페,제주특별자치도,서귀포시,33.24395964,126.5947121,30,6,21,90mbps
카페,카페,제주특별자치도,서귀포시,33.24155689,126.5366431,16,4,3,111mbps
네꼬야티하우스,카페,제주특별자치도,제주시,33.48567077,126.4156135,19,3,11,109mbps
림벅애월점,카페,제주특별자치도,제주시,33.48604562,126.414804,44,8,26,102mbps
컴포즈커피서귀포,카페,제주특별자치도,서귀포시,33.25106156,126.5111285,39,7,19,112mbps
돌트멍으로드는보름,카페,제주특별자치도,제주시,33.50626247,126.631065,14,7,5,84mbps
곱닥헌,카페,제주특별자치도,서귀포시,33.22384733,126.2557948,23,11,20,145mbps
모네의숲,카페,제주특별자치도,제주시,33.33934339,126.2679938,41,20,28,115mbps
와흘을그리다,카페,제주특별자치도,제주시,33.462691,126.6604549,16,5,10,104mbps
토산부부,카페,제주특별자치도,서귀포시,33.30888651,126.7818662,27,9,27,132mbps
그레이스팜,카페,제주특별자치도,서귀포시,33.24759058,126.5857032,11,2,5,86mbps
날쌘카페제주,카페,제주특별자치도,제주시,33.4945169,126.5352464,18,6,17,93mbps
추자향기,카페,제주특별자치도,제주시,33.96281876,126.2952625,49,24,30,137mbps
디저트39제주시청,카페,제주특별자치도,제주시,33.50135771,126.5298612,26,13,24,150mbps
양지,카페,제주특별자치도,제주시,33.5131231,126.532144,11,2,4,60mbps
달리는커피아라점,카페,제주특별자치도,제주시,33.47426639,126.5447788,11,3,2,133mbps
카페엔이오,카페,제주특별자치도,서귀포시,33.27769955,126.6853248,19,4,9,102mbps
망고블루,카페,제주특별자치도,제주시,33.54140049,126.6670919,45,15,36,71mbps
달리는커피한림점,카페,제주특별자치도,제주시,33.4130124,126.2649145,45,9,36,94mbps
흰당나귀,카페,제주특별자치도,제주시,33.55385458,126.7075974,24,8,6,150mbps
홀리브,카페,제주특별자치도,제주시,33.5375589,126.64411,33,6,19,102mbps
애월더힐,카페,제주특별자치도,제주시,33.44157,126.4015525,50,10,42,93mbps
바램,카페,제주특별자치도,서귀포시,33.31116006,126.3525771,36,12,29,77mbps
스나오(素直),카페,제주특별자치도,서귀포시,33.26161321,126.6173615,44,14,44,138mbps
블루오션,카페,제주특별자치도,제주시,33.51343126,126.9574849,17,5,11,57mbps
고산2리복지회신수카페,카페,제주특별자치도,제주시,33.3027058,126.1984238,39,19,26,132mbps
에이바우트제대,카페,제주특별자치도,제주시,33.44931472,126.5585146,15,5,9,142mbps
에이바우트커피뷰하귀점,카페,제주특별자치도,제주시,33.48645693,126.4083884,24,4,24,87mbps
모슬포정미소,카페,제주특별자치도,서귀포시,33.22298849,126.2524015,17,8,8,52mbps
그래니,카페,제주특별자치도,제주시,33.51134646,126.5179035,49,12,33,106mbps
용학,카페,제주특별자치도,제주시,33.50514783,126.6953094,15,3,15,134mbps
에이바우트커피정부종합,카페,제주특별자치도,제주시,33.49014152,126.5273932,33,16,21,100mbps
이면,카페,제주특별자치도,제주시,33.38858963,126.226558,45,15,26,66mbps
머문,카페,제주특별자치도,제주시,33.55557314,126.7957641,28,9,16,53mbps
디바인커피,카페,제주특별자치도,제주시,33.49772875,126.969018,38,7,30,107mbps
한량,카페,제주특별자치도,제주시,33.48210512,126.4750714,36,18,28,133mbps
카페보리다,카페,제주특별자치도,제주시,33.49662917,126.5335241,46,15,37,100mbps
취향의섬,카페,제주특별자치도,서귀포시,33.27438384,126.6898234,19,6,12,131mbps
반디,카페,제주특별자치도,제주시,33.31614037,126.2565471,25,6,23,147mbps
투썸플레이스제주,카페,제주특별자치도,제주시,33.49476072,126.532953,31,15,15,150mbps
그림책카페노란우산,카페,제주특별자치도,서귀포시,33.28851297,126.3028251,33,16,16,129mbps
지장샘로13,카페,제주특별자치도,서귀포시,33.26547999,126.5597745,46,15,27,83mbps
쁠랑뜨,카페,제주특별자치도,제주시,33.45280188,126.4854874,19,4,14,124mbps
스몰홀더,카페,제주특별자치도,제주시,33.39543943,126.2422652,32,6,25,86mbps
향다방,카페,제주특별자치도,서귀포시,33.32651149,126.833021,23,7,19,113mbps
드라마컴퍼니,카페,제주특별자치도,제주시,33.45631865,126.427997,46,15,43,120mbps
별인애월,카페,제주특별자치도,제주시,33.46878732,126.3667262,30,10,17,117mbps
서귀샌드,카페,제주특별자치도,서귀포시,33.24682751,126.5578614,38,12,34,82mbps
디베스트커피,카페,제주특별자치도,서귀포시,33.17439409,126.2711157,35,7,15,79mbps
글라스어니언,카페,제주특별자치도,서귀포시,33.24642534,126.4341431,32,16,16,52mbps
펠롱,카페,제주특별자치도,제주시,33.49595801,126.5300841,40,20,25,110mbps
만남,카페,제주특별자치도,제주시,33.52362257,126.8546891,24,4,16,91mbps
더카이로스,카페,제주특별자치도,제주시,33.44926269,126.400123,13,3,7,72mbps
베이스노트,카페,제주특별자치도,제주시,33.48774428,126.5000759,45,22,42,107mbps
미술카페쌤,카페,제주특별자치도,제주시,33.33264251,126.2600481,16,5,9,81mbps
이디,카페,제주특별자치도,제주시,33.52396444,126.8619331,31,10,30,130mbps
우주인,카페,제주특별자치도,제주시,33.36742755,126.2453125,42,14,22,91mbps
투썸플레이스제주,카페,제주특별자치도,제주시,33.49476072,126.532953,34,11,16,75mbps
델문도,카페,제주특별자치도,제주시,33.54369487,126.6687089,23,5,5,80mbps
카페나모나모베이커리,카페,제주특별자치도,제주시,33.50890519,126.4719607,46,11,41,96mbps
안트레,카페,제주특별자치도,서귀포시,33.27854162,126.6370066,49,9,42,102mbps
다린,카페,제주특별자치도,서귀포시,33.23652891,126.5138381,23,4,10,80mbps
차뜨락,카페,제주특별자치도,서귀포시,33.22084926,126.2490086,14,2,2,54mbps
뮤렌,카페,제주특별자치도,제주시,33.49388312,126.6760655,12,3,8,77mbps
라몽,카페,제주특별자치도,제주시,33.49013151,126.4798759,30,10,23,130mbps
날외15,카페,제주특별자치도,서귀포시,33.23970613,126.2319702,50,16,46,56mbps
블라썸,카페,제주특별자치도,서귀포시,33.24292106,126.5546621,39,7,35,56mbps
해주에이디,카페,제주특별자치도,제주시,33.51292489,126.4844753,29,5,10,148mbps
이퀄,카페,제주특별자치도,제주시,33.51515968,126.529496,21,10,11,94mbps
위드커피,카페,제주특별자치도,제주시,33.46962074,126.3927428,21,7,7,95mbps
신촌,카페,제주특별자치도,제주시,33.42055722,126.2646681,28,14,28,135mbps
오빠커피;언니옷장,카페,제주특별자치도,제주시,33.51977778,126.5723116,36,9,32,68mbps
엉또돌다카페농원,카페,제주특별자치도,서귀포시,33.26331064,126.4943393,29,5,25,89mbps
업소명없음,카페,제주특별자치도,서귀포시,33.28118313,126.3012625,37,18,32,135mbps
하루하나,카페,제주특별자치도,제주시,33.45203332,126.3932742,44,11,27,117mbps
로하스,카페,제주특별자치도,서귀포시,33.27667884,126.6056279,33,16,17,76mbps
인그리드,카페,제주특별자치도,제주시,33.50260015,126.456685,20,4,9,90mbps
까메까메까망이,카페,제주특별자치도,제주시,33.47315907,126.3790124,34,17,32,89mbps
에이바우트커피,카페,제주특별자치도,제주시,33.49877386,126.5308437,38,12,18,99mbps
유쥬얼커피,카페,제주특별자치도,제주시,33.49319679,126.5294642,18,6,1,114mbps
플랫172,카페,제주특별자치도,제주시,33.48131181,126.4481138,22,4,11,145mbps
카페송키,카페,제주특별자치도,제주시,33.51513303,126.5201966,35,11,17,60mbps
카페허그,카페,제주특별자치도,제주시,33.51281932,126.5210704,30,10,26,73mbps
조남매구움과자,카페,제주특별자치도,제주시,33.49216434,126.8133131,48,9,28,101mbps
설빙제주대,카페,제주특별자치도,제주시,33.4720143,126.5452962,45,22,41,78mbps
오가닉제주공방,카페,제주특별자치도,제주시,33.53480648,126.8231692,31,10,28,122mbps
도을,카페,제주특별자치도,제주시,33.47355519,126.6571312,28,14,20,88mbps
스완스,카페,제주특별자치도,제주시,33.4859458,126.4945664,32,8,24,114mbps
카페앤브릭,카페,제주특별자치도,서귀포시,33.24085017,126.4434386,39,19,20,96mbps
쉬멍놀멍카페,카페,제주특별자치도,제주시,33.39229699,126.2429373,22,11,21,146mbps
제주특별자치도서귀포시관광지관리사무소,카페,제주특별자치도,서귀포시,33.24471466,126.559546,41,20,23,70mbps
다복다복,카페,제주특별자치도,제주시,33.52304036,126.8579947,22,7,6,140mbps
사닮과,카페,제주특별자치도,제주시,33.47720846,126.5431066,26,5,22,81mbps
스팅그레이,카페,제주특별자치도,제주시,33.30408462,126.2473403,39,9,31,103mbps
카페코삿,카페,제주특별자치도,서귀포시,33.25984564,126.5729387,23,4,17,104mbps
지유명차,카페,제주특별자치도,서귀포시,33.25290542,126.4257096,20,6,11,137mbps
에스엔씨라운지,카페,제주특별자치도,서귀포시,33.25577113,126.5758238,10,3,8,127mbps
조은기록,카페,제주특별자치도,제주시,33.42357995,126.2773514,31,10,17,123mbps
시간당킬로미터,카페,제주특별자치도,서귀포시,33.25486154,126.5121805,26,8,13,150mbps
메이크어베러,카페,제주특별자치도,제주시,33.47814918,126.4755579,36,12,16,59mbps
바다바라,카페,제주특별자치도,서귀포시,33.24589446,126.4129758,13,4,7,112mbps
로우파이,카페,제주특별자치도,제주시,33.48055783,126.4758877,24,4,18,99mbps
아일렛,카페,제주특별자치도,제주시,33.48166198,126.5430079,11,3,8,132mbps
로이셀,카페,제주특별자치도,제주시,33.4946562,126.546071,27,13,9,118mbps
우도부릉이,카페,제주특별자치도,제주시,33.51754831,126.9488288,38,7,36,81mbps
유랑노점아일랜드조르바,카페,제주특별자치도,제주시,33.53556744,126.8390475,34,11,25,101mbps
망고레이,카페,제주특별자치도,제주시,33.49470526,126.4391512,18,6,2,82mbps
지중해,카페,제주특별자치도,서귀포시,33.2496324,126.5145596,44,22,41,93mbps
제일다방,카페,제주특별자치도,제주시,33.41335987,126.2611811,13,4,13,110mbps
설빙,카페,제주특별자치도,서귀포시,33.24761559,126.564006,40,13,34,58mbps
연화차,카페,제주특별자치도,제주시,33.4875679,126.7147821,50,16,47,123mbps
빽다방제주연동,카페,제주특별자치도,제주시,33.48586553,126.4969986,26,8,6,110mbps
달콤해,카페,제주특별자치도,서귀포시,33.2237642,126.255463,50,10,49,111mbps
시간을담다,카페,제주특별자치도,제주시,33.52998367,126.8438377,16,3,11,73mbps
카페따라비,카페,제주특별자치도,서귀포시,33.36173024,126.7666813,11,3,9,72mbps
달리는커피서귀포,카페,제주특별자치도,서귀포시,33.25003025,126.5609572,44,8,29,118mbps
카페온결,카페,제주특별자치도,제주시,33.35987881,126.1905404,17,4,14,131mbps
오리지날로맨스,카페,제주특별자치도,제주시,33.40083557,126.2504521,25,12,21,90mbps
고래가품은바다,카페,제주특별자치도,서귀포시,33.21185456,126.2570869,13,6,6,132mbps
우담건강다원,카페,제주특별자치도,제주시,33.49534986,126.9022034,22,11,13,129mbps
그남자이야기파트1,카페,제주특별자치도,제주시,33.5262524,126.6599698,18,4,6,81mbps
설빙제주아라점,카페,제주특별자치도,제주시,33.49396095,126.5408987,32,8,25,147mbps
땡초김밥싱싱왕만두,카페,제주특별자치도,제주시,33.47318651,126.5453331,14,2,14,111mbps
커피베이,카페,제주특별자치도,제주시,33.4905104,126.4777861,26,8,20,119mbps
헤븐리,카페,제주특별자치도,서귀포시,33.27684037,126.7140953,25,8,19,108mbps
제주한치빵우도점,카페,제주특별자치도,제주시,33.51417948,126.9571509,13,3,8,74mbps
컴포즈커피제주서사라점,카페,제주특별자치도,제주시,33.49965021,126.5195502,10,3,6,97mbps
아라커피,카페,제주특별자치도,제주시,33.48431477,126.5362907,48,9,45,97mbps
금선다원,카페,제주특별자치도,서귀포시,33.26447829,126.6137643,24,8,5,97mbps
야자나라,카페,제주특별자치도,서귀포시,33.23580946,126.5051623,25,5,21,98mbps
선물가게바나나,카페,제주특별자치도,서귀포시,33.25803181,126.4171337,13,6,2,133mbps
공차한라대점,카페,제주특별자치도,제주시,33.47861577,126.4750279,35,11,26,144mbps
컴포즈커피연동,카페,제주특별자치도,제주시,33.48636705,126.4961672,39,7,23,75mbps
한라산,카페,제주특별자치도,제주시,33.52472286,126.8629007,50,10,37,109mbps
카페봄봄오라점,카페,제주특별자치도,제주시,33.49640837,126.5090438,20,4,2,107mbps
마레1440,카페,제주특별자치도,제주시,33.52472758,126.8590684,33,16,24,107mbps
빽다방제주동광육,카페,제주특별자치도,서귀포시,33.31000984,126.3412999,24,12,12,55mbps
제주미작,카페,제주특별자치도,제주시,33.39470603,126.2447114,32,8,17,82mbps
카페드벨로브롬톤,카페,제주특별자치도,제주시,33.48138425,126.5013712,20,5,13,113mbps
티엔미미,카페,제주특별자치도,제주시,33.48522367,126.4877705,27,13,25,150mbps
감성커피연동점,카페,제주특별자치도,제주시,33.48391391,126.4915548,19,3,8,98mbps
모슬포영다방,카페,제주특별자치도,서귀포시,33.22075646,126.2515624,24,6,9,120mbps
앙카페,카페,제주특별자치도,서귀포시,33.22028751,126.2515449,29,5,22,78mbps
시타북빠,카페,제주특별자치도,제주시,33.52623644,126.8540388,36,12,22,118mbps
투썸플레이스제주아라점,카페,제주특별자치도,제주시,33.47430635,126.5483073,32,10,13,143mbps
디저트39,카페,제주특별자치도,제주시,33.494225,126.5489679,48,24,29,63mbps
카페제주완,카페,제주특별자치도,제주시,33.48899007,126.4333991,12,3,10,67mbps
마록당,카페,제주특별자치도,제주시,33.48587821,126.4531634,40,10,36,77mbps
미깡창고,카페,제주특별자치도,제주시,33.46028232,126.4451169,42,14,37,84mbps
리릭스,카페,제주특별자치도,제주시,33.46548013,126.4881018,27,13,21,115mbps
달리북카페;달리책방,카페,제주특별자치도,제주시,33.40329563,126.2547307,33,8,27,64mbps
등대문화센터,카페,제주특별자치도,제주시,33.52138738,126.5457915,36,9,22,107mbps
북촌카페,카페,제주특별자치도,제주시,33.54024737,126.6846674,27,6,12,147mbps
드롭탑서귀포갤러리왈점,카페,제주특별자치도,서귀포시,33.24530483,126.573664,24,4,22,63mbps
제주드루앙,카페,제주특별자치도,제주시,33.49889351,126.678565,27,6,8,95mbps
텀브커피여객,카페,제주특별자치도,서귀포시,33.47293016,126.9345035,29,7,25,141mbps
동신다방,카페,제주특별자치도,제주시,33.50176511,126.5279327,12,2,2,54mbps
망고식스제주프시케월드점,카페,제주특별자치도,제주시,33.41313619,126.3927922,21,7,19,78mbps
씨앤모어,카페,제주특별자치도,서귀포시,33.24504126,126.4155997,25,8,8,119mbps
수가티앙커피로스터,카페,제주특별자치도,제주시,33.49411952,126.9593022,24,4,18,112mbps
커피욜로,카페,제주특별자치도,제주시,33.48677896,126.5346421,49,16,31,108mbps
아도스팩토리,카페,제주특별자치도,제주시,33.35609654,126.2009644,40,10,21,109mbps
에프앤앰빈티지카페,카페,제주특별자치도,서귀포시,33.3084996,126.7823181,41,20,34,124mbps
하이월드하이엔드로스터리,카페,제주특별자치도,제주시,33.46358421,126.3091502,39,7,30,79mbps
이디아장,카페,제주특별자치도,서귀포시,33.23644425,126.3124333,46,11,46,86mbps
태희드림,카페,제주특별자치도,제주시,33.39540252,126.2421257,24,12,5,118mbps
일일오팔족욕카페,카페,제주특별자치도,제주시,33.46708756,126.3365105,27,5,9,132mbps
제돌이팡동문,카페,제주특별자치도,제주시,33.51290152,126.5260317,25,6,6,113mbps
옥,카페,제주특별자치도,제주시,33.50331208,126.526945,28,5,25,57mbps
소소샵,카페,제주특별자치도,제주시,33.52018066,126.9480522,43,21,42,147mbps
달달한제주,카페,제주특별자치도,제주시,33.50941469,126.5104018,45,15,38,100mbps
새코롬,카페,제주특별자치도,서귀포시,33.26213332,126.4325393,35,17,28,128mbps
휴린인터내셔날,카페,제주특별자치도,서귀포시,33.43987149,126.8992115,39,19,22,136mbps
빅트리,카페,제주특별자치도,서귀포시,33.23827859,126.3364201,47,11,36,56mbps
동미다방,카페,제주특별자치도,서귀포시,33.24867024,126.5665118,47,23,43,123mbps
컴포즈커피토평점,카페,제주특별자치도,서귀포시,33.26787417,126.5902119,42,14,29,73mbps
소우정,카페,제주특별자치도,제주시,33.50052568,126.5268202,35,17,18,114mbps
에이바우트커피신제주점,카페,제주특별자치도,제주시,33.48170354,126.482487,18,9,14,59mbps
커피프린스,카페,제주특별자치도,제주시,33.50064285,126.5268088,50,25,44,108mbps
토끼언니외계인,카페,제주특별자치도,제주시,33.4784419,126.4895211,46,23,38,54mbps
제주들녘,카페,제주특별자치도,제주시,33.41707838,126.3136687,47,23,36,81mbps
나비정원,카페,제주특별자치도,서귀포시,33.22039127,126.2493128,10,3,3,53mbps
법인슈퍼파머스,카페,제주특별자치도,서귀포시,33.25586275,126.5789033,35,17,17,97mbps
우도여행,카페,제주특별자치도,제주시,33.52441999,126.9525493,49,9,37,146mbps
위미2리새마을문고북카페,카페,제주특별자치도,서귀포시,33.27480422,126.6675813,45,11,27,77mbps
로아네,카페,제주특별자치도,서귀포시,33.3807496,126.8761201,12,4,1,107mbps
찰리스,카페,제주특별자치도,서귀포시,33.23535869,126.3696158,31,6,26,53mbps
제주설심당,카페,제주특별자치도,서귀포시,33.25191216,126.5679659,24,12,16,139mbps
썬샤인워크,카페,제주특별자치도,서귀포시,33.24807053,126.38929,11,2,9,146mbps
산들티카페,카페,제주특별자치도,서귀포시,33.24737665,126.3348706,49,24,38,71mbps
카페밭티,카페,제주특별자치도,서귀포시,33.25925341,126.533577,19,9,7,57mbps
별위별,카페,제주특별자치도,제주시,33.3423098,126.1745581,37,18,22,72mbps
귤밭에고양이,카페,제주특별자치도,서귀포시,33.27941932,126.6773751,38,7,35,103mbps
빅브라더,카페,제주특별자치도,제주시,33.48712416,126.4916975,50,10,44,140mbps
창고96,카페,제주특별자치도,서귀포시,33.27964673,126.6513969,16,4,3,99mbps
약속다방,카페,제주특별자치도,서귀포시,33.44907084,126.9151402,27,5,23,94mbps
파스쿠찌제주,카페,제주특별자치도,제주시,33.48231405,126.4840327,50,16,43,93mbps
브릭커피,카페,제주특별자치도,제주시,33.48253999,126.4713246,36,12,18,89mbps
워커스폴,카페,제주특별자치도,제주시,33.46916061,126.4170905,31,15,18,72mbps
여름정원,카페,제주특별자치도,서귀포시,33.3610065,126.8389506,42,8,28,50mbps
탤러해시,카페,제주특별자치도,제주시,33.48947102,126.4750485,16,3,14,118mbps
모이,카페,제주특별자치도,서귀포시,33.25698383,126.5771487,43,21,43,55mbps
카페노이,카페,제주특별자치도,서귀포시,33.2369472,126.3039749,43,8,23,133mbps
망고홀릭,카페,제주특별자치도,제주시,33.48271183,126.5343949,10,3,4,103mbps
청춘부부,카페,제주특별자치도,서귀포시,33.26591865,126.2791141,30,6,21,54mbps
카페베네중앙,카페,제주특별자치도,제주시,33.49231864,126.4704796,21,4,1,109mbps
오니리크,카페,제주특별자치도,서귀포시,33.25516641,126.5575297,34,11,32,115mbps
오션컬러,카페,제주특별자치도,제주시,33.54780082,126.6568275,49,12,40,70mbps
5길,카페,제주특별자치도,제주시,33.53188403,126.8422517,30,6,30,104mbps
초밥군커피씨,카페,제주특별자치도,제주시,33.51008934,126.5309764,33,8,14,119mbps
수타로앤카페,카페,제주특별자치도,제주시,33.4976586,126.5291818,17,8,3,149mbps
89커피,카페,제주특별자치도,제주시,33.48709031,126.4300329,48,16,40,124mbps
블랙다방,카페,제주특별자치도,서귀포시,33.2500581,126.5611825,24,8,7,64mbps
오제이이,카페,제주특별자치도,제주시,33.29596355,126.2329807,28,5,20,109mbps
메치카불라,카페,제주특별자치도,서귀포시,33.24413649,126.5643452,20,6,0,108mbps
이룸갤러리카페,카페,제주특별자치도,제주시,33.49391258,126.4828448,18,4,13,92mbps
커피앤빵,카페,제주특별자치도,제주시,33.96190053,126.2939177,33,6,25,62mbps
카페수애기,카페,제주특별자치도,서귀포시,33.24081205,126.3347165,15,7,5,124mbps
카페해피드리머스,카페,제주특별자치도,서귀포시,33.25032735,126.3023988,32,6,15,109mbps
더시크릿하모니,카페,제주특별자치도,제주시,33.48285656,126.4758093,40,13,28,146mbps
니모메,카페,제주특별자치도,제주시,33.4937302,126.4309471,50,10,40,57mbps
락희,카페,제주특별자치도,제주시,33.50546802,126.5202069,38,7,19,142mbps
아임누,카페,제주특별자치도,제주시,33.48536617,126.5005952,31,15,12,62mbps
쿠킹클래스카페어썸,카페,제주특별자치도,서귀포시,33.25991168,126.5711676,25,5,6,110mbps
봄봄한북로점,카페,제주특별자치도,제주시,33.46337437,126.5300879,24,6,14,67mbps
화수목,카페,제주특별자치도,제주시,33.54083949,126.8305644,33,6,21,95mbps
2472,카페,제주특별자치도,서귀포시,33.2558827,126.4164397,29,7,25,147mbps
동원,카페,제주특별자치도,제주시,33.51283957,126.5287013,14,2,7,76mbps
나우커피제주도남점,카페,제주특별자치도,제주시,33.49323852,126.5238684,16,5,2,57mbps
해거름전망대,카페,제주특별자치도,제주시,33.37281256,126.2080863,41,10,24,91mbps
루페이퍼,카페,제주특별자치도,서귀포시,33.27721927,126.1917228,28,9,26,109mbps
카페제이라움,카페,제주특별자치도,서귀포시,33.25642909,126.1904548,15,3,13,82mbps
카페리,카페,제주특별자치도,제주시,33.53395437,126.8396534,29,14,13,127mbps
벌크커피,카페,제주특별자치도,제주시,33.48866344,126.4759572,36,7,26,74mbps
카페치즈태비,카페,제주특별자치도,제주시,33.55515074,126.8078688,45,11,35,54mbps
그리그리카페,카페,제주특별자치도,제주시,33.50074677,126.5328132,37,7,24,123mbps
52번가커피하우스,카페,제주특별자치도,제주시,33.49567583,126.527008,13,6,0,77mbps
바끄레카페,카페,제주특별자치도,서귀포시,33.2539115,126.5596072,34,17,32,110mbps
럭스하우징주,카페,제주특별자치도,서귀포시,33.25999997,126.6146641,30,10,20,150mbps
플루메리아,카페,제주특별자치도,서귀포시,33.23789428,126.5125323,44,11,28,146mbps
피오레,카페,제주특별자치도,제주시,33.49002442,126.4931977,40,8,31,72mbps
그럼외도,카페,제주특별자치도,제주시,33.49430316,126.4339994,30,10,22,111mbps
아리,카페,제주특별자치도,제주시,33.45745455,126.710987,47,15,38,110mbps
제피로스,카페,제주특별자치도,서귀포시,33.25068103,126.57176,46,9,41,64mbps
지에프,카페,제주특별자치도,제주시,33.50593974,126.495957,45,9,35,95mbps
분홍씨,카페,제주특별자치도,제주시,33.45293013,126.3080086,10,2,8,124mbps
초가시월,카페,제주특별자치도,서귀포시,33.38463847,126.8018823,20,4,16,136mbps
원앤온리,카페,제주특별자치도,서귀포시,33.23922235,126.3191925,14,4,13,150mbps
워크인제주,카페,제주특별자치도,제주시,33.32405657,126.1643666,19,6,1,66mbps
감따남,카페,제주특별자치도,서귀포시,33.26205841,126.4945933,32,10,20,109mbps
페이지투,카페,제주특별자치도,서귀포시,33.20683316,126.2896162,21,10,4,68mbps
이디야제주삼화점,카페,제주특별자치도,제주시,33.51352114,126.5803394,10,3,4,57mbps
대일계획,카페,제주특별자치도,서귀포시,33.22842958,126.2531277,13,4,2,71mbps
구름언덕&KANGSHIMJANG,카페,제주특별자치도,제주시,33.4984245,126.6550316,28,9,8,74mbps
유끼네하우스,카페,제주특별자치도,서귀포시,33.39389108,126.7975404,45,15,36,65mbps
셀렉토커피제주삼화점멜리,카페,제주특별자치도,제주시,33.51615042,126.5766994,18,4,1,128mbps
그라미니,카페,제주특별자치도,서귀포시,33.2416636,126.5662352,40,13,34,128mbps
서이,카페,제주특별자치도,제주시,33.49868675,126.5245488,33,8,23,68mbps
그러므로파트투,카페,제주특별자치도,제주시,33.46842821,126.48589,30,10,12,130mbps
어글리딜리셔스,카페,제주특별자치도,제주시,33.48898364,126.5359215,17,4,17,137mbps
52카페,카페,제주특별자치도,서귀포시,33.21989088,126.2470752,22,11,18,125mbps
카페더블유,카페,제주특별자치도,서귀포시,33.24862658,126.3225641,39,7,29,54mbps
제주봄,카페,제주특별자치도,서귀포시,33.2502644,126.5872037,48,9,42,58mbps
씨씨씨카페커브코너,카페,제주특별자치도,서귀포시,33.25403038,126.5575354,44,8,26,125mbps
에이바우트커피,카페,제주특별자치도,제주시,33.47814918,126.4755579,11,5,8,148mbps
슬로우식스,카페,제주특별자치도,제주시,33.48948672,126.4917913,39,13,20,117mbps
카페,카페,제주특별자치도,서귀포시,33.25811958,126.5691803,41,13,39,72mbps
예술창고내맘,카페,제주특별자치도,서귀포시,33.33125869,126.7940657,17,8,0,123mbps
카페요디,카페,제주특별자치도,제주시,33.54237809,126.6753463,32,16,32,79mbps
지금이순간,카페,제주특별자치도,제주시,33.46042089,126.3109932,45,22,27,50mbps
아날로그감귤밭,카페,제주특별자치도,제주시,33.45567374,126.4508685,13,3,7,55mbps
디피일오구,카페,제주특별자치도,서귀포시,33.23947253,126.4378359,40,10,29,53mbps
메가엠지씨커피제주한라대점,카페,제주특별자치도,제주시,33.4761619,126.4789373,35,17,31,107mbps
커피구십구점구,카페,제주특별자치도,제주시,33.46973022,126.4846129,25,6,12,89mbps
컴포즈커피서귀포,카페,제주특별자치도,서귀포시,33.22107658,126.253823,44,22,42,116mbps
제주와함께,카페,제주특별자치도,제주시,33.49130621,126.4740905,47,23,44,74mbps
블루그라스,카페,제주특별자치도,제주시,33.44744631,126.3092352,39,19,20,127mbps
카페평화쉼터,카페,제주특별자치도,제주시,33.46080339,126.6131757,44,22,35,91mbps
스물다섯,카페,제주특별자치도,제주시,33.48900883,126.4809048,13,6,7,132mbps
카페신산,카페,제주특별자치도,제주시,33.50395459,126.5323225,41,8,36,112mbps
산노루,카페,제주특별자치도,제주시,33.33003816,126.2133067,34,17,22,50mbps
에이바우트커피신라,카페,제주특별자치도,제주시,33.48576926,126.4867129,15,3,2,142mbps
에이바우트커피한라도서관점,카페,제주특별자치도,제주시,33.47753335,126.5147233,40,13,31,135mbps
스타스낵,카페,제주특별자치도,제주시,33.50489477,126.4983953,33,16,16,119mbps
쉬멍가,카페,제주특별자치도,서귀포시,33.2489759,126.5636774,25,5,21,53mbps
차의향기,카페,제주특별자치도,제주시,33.5142663,126.5269176,19,4,0,102mbps
띠아모제주공항3층,카페,제주특별자치도,제주시,33.50593974,126.495957,37,18,34,144mbps
보배다방,카페,제주특별자치도,서귀포시,33.44970858,126.9116979,36,7,34,82mbps
루바토,카페,제주특별자치도,제주시,33.48849631,126.535795,39,13,24,68mbps
안길9,카페,제주특별자치도,제주시,33.48402907,126.4674529,28,14,19,127mbps
레스카페,카페,제주특별자치도,서귀포시,33.24640383,126.5213483,26,8,12,149mbps
블레블랑제리,카페,제주특별자치도,제주시,33.47475838,126.5437219,47,23,43,128mbps
미르담,카페,제주특별자치도,제주시,33.51094785,126.5037202,43,8,42,94mbps
문즈,카페,제주특별자치도,제주시,33.49714658,126.5179499,32,8,26,128mbps
벌크커피신제주점,카페,제주특별자치도,제주시,33.48959104,126.4886594,39,19,20,65mbps
그라찌에보건의료관점,카페,제주특별자치도,제주시,33.4474759,126.4343037,34,17,24,53mbps
마노앤디또,카페,제주특별자치도,제주시,33.42584546,126.3958219,43,10,27,78mbps
마니,카페,제주특별자치도,제주시,33.53731426,126.8373002,22,7,5,104mbps
돌카페,카페,제주특별자치도,서귀포시,33.2362498,126.4980464,10,2,8,82mbps
동백화방,카페,제주특별자치도,서귀포시,33.27334317,126.6742418,32,6,27,140mbps
리지코티지,카페,제주특별자치도,서귀포시,33.29131935,126.3278061,47,15,35,91mbps
녹두카페,카페,제주특별자치도,서귀포시,33.4326145,126.8626801,14,2,5,79mbps
맥키쉬,카페,제주특별자치도,제주시,33.52362183,126.5654788,26,8,15,140mbps
협재해녀다방,카페,제주특별자치도,제주시,33.39839064,126.2442388,19,4,12,145mbps
쿠루미,카페,제주특별자치도,제주시,33.49269859,126.5012095,42,8,30,90mbps
88로스터즈,카페,제주특별자치도,제주시,33.52585979,126.5634869,22,7,21,90mbps
벨라위미,카페,제주특별자치도,서귀포시,33.27645753,126.6654605,32,16,23,68mbps
코지코너,카페,제주특별자치도,제주시,33.51303993,126.5316063,28,7,9,143mbps
유구레,카페,제주특별자치도,서귀포시,33.25102767,126.4310766,35,7,31,114mbps
파스쿠찌제주,카페,제주특별자치도,제주시,33.48910544,126.5395686,40,10,22,144mbps
투썸플레이스제주쇠소깍점,카페,제주특별자치도,서귀포시,33.25224332,126.6226284,21,5,2,77mbps
투썸플레이스제주연동점,카페,제주특별자치도,제주시,33.4850532,126.4901602,10,5,7,70mbps
롱플레이,카페,제주특별자치도,제주시,33.55306903,126.7109382,18,9,1,126mbps
망고홀릭애월해안도로점,카페,제주특별자치도,제주시,33.47053168,126.3415942,24,6,17,128mbps
봄봄카페오일장점,카페,제주특별자치도,제주시,33.49337083,126.4848172,24,4,11,125mbps
우연히그곳,카페,제주특별자치도,제주시,33.47172027,126.7827716,27,6,8,142mbps
무채색,카페,제주특별자치도,서귀포시,33.25440413,126.4300674,27,5,19,58mbps
윤재커피,카페,제주특별자치도,제주시,33.51183892,126.5240141,19,9,1,55mbps
오엔블루,카페,제주특별자치도,서귀포시,33.40740308,126.8976794,38,7,34,102mbps
거인의정원,카페,제주특별자치도,제주시,33.47184179,126.5352491,17,4,2,57mbps
자파리버거,카페,제주특별자치도,제주시,33.4187034,126.4011073,20,10,7,147mbps
휴예그리나,카페,제주특별자치도,제주시,33.52397901,126.9546917,17,3,4,146mbps
초록달과자점,카페,제주특별자치도,제주시,33.43591385,126.3303925,13,6,8,57mbps
황금다방,카페,제주특별자치도,제주시,33.5080536,126.5243685,27,13,19,88mbps
고망딱새,카페,제주특별자치도,제주시,33.50345155,126.4596392,35,11,21,56mbps
화양연화,카페,제주특별자치도,서귀포시,33.28890443,126.2478035,17,8,7,74mbps
오로지,카페,제주특별자치도,서귀포시,33.26765906,126.5878732,13,2,9,51mbps
제주돌창고,카페,제주특별자치도,제주시,33.33708908,126.2335656,20,5,10,77mbps
3인칭관찰자시점,카페,제주특별자치도,제주시,33.34974675,126.1811914,18,3,10,52mbps
화수목스튜디오,카페,제주특별자치도,제주시,33.52435586,126.8572713,43,8,32,143mbps
파스쿠찌제주서사라점,카페,제주특별자치도,제주시,33.49967325,126.518517,16,3,2,89mbps
언플러그,카페,제주특별자치도,제주시,33.45952896,126.4541356,49,24,47,113mbps
진명북카페,카페,제주특별자치도,제주시,33.53921255,126.6749813,32,6,21,133mbps
귤꽃다락,카페,제주특별자치도,서귀포시,33.24640841,126.5225393,37,18,27,104mbps
제주애퐁당,카페,제주특별자치도,제주시,33.5155621,126.5262648,35,8,34,133mbps
포레스타,카페,제주특별자치도,서귀포시,33.24816911,126.5807644,15,3,1,54mbps
동명리공간,카페,제주특별자치도,제주시,33.40972565,126.2655979,27,9,15,52mbps
카페오르덴,카페,제주특별자치도,제주시,33.48673109,126.4264307,16,3,2,103mbps
르카페하도,카페,제주특별자치도,제주시,33.50907919,126.8995833,18,6,7,146mbps
가배미,카페,제주특별자치도,서귀포시,33.2742092,126.5678991,46,9,32,120mbps
꿀스커피제주아라점,카페,제주특별자치도,제주시,33.48547958,126.544053,18,4,10,126mbps
새벽노을,카페,제주특별자치도,서귀포시,33.27305539,126.6577345,16,3,13,94mbps
물음표,카페,제주특별자치도,제주시,33.50429118,126.5189757,43,21,32,125mbps
플레이스꽃섬,카페,제주특별자치도,제주시,33.46944894,126.4841842,16,4,10,79mbps
소이재,카페,제주특별자치도,제주시,33.489062,126.4785373,13,2,5,120mbps
밀류,카페,제주특별자치도,서귀포시,33.31697469,126.8281959,19,3,6,149mbps
시간의정원,카페,제주특별자치도,서귀포시,33.31510961,126.7198446,16,5,3,136mbps
파스쿠찌종합,카페,제주특별자치도,제주시,33.48957693,126.5235764,41,10,34,92mbps
금능맛차롱,카페,제주특별자치도,제주시,33.39039846,126.2362042,26,13,24,68mbps
블러썸,카페,제주특별자치도,제주시,33.51940665,126.5718829,26,8,20,136mbps
뮤제빈티지,카페,제주특별자치도,서귀포시,33.28070345,126.6968,17,5,5,128mbps
향기다방,카페,제주특별자치도,제주시,33.50270106,126.5274864,35,17,35,79mbps
하라케케,카페,제주특별자치도,서귀포시,33.24286675,126.5277196,41,8,39,79mbps
몽슬슬라임카페,카페,제주특별자치도,서귀포시,33.21678417,126.2582252,16,3,3,68mbps
에이바우트커피구남점,카페,제주특별자치도,제주시,33.4850867,126.535372,21,5,13,107mbps
아일랜드,카페,제주특별자치도,서귀포시,33.27831955,126.7182662,29,7,18,69mbps
마더카페,카페,제주특별자치도,서귀포시,33.2813004,126.7415294,40,20,35,68mbps
르샹스,카페,제주특별자치도,제주시,33.50012153,126.5201933,28,14,23,73mbps
한미숙커피공방,카페,제주특별자치도,제주시,33.516732,126.5352137,48,12,36,128mbps
카페바라크라,카페,제주특별자치도,서귀포시,33.24163675,126.6041436,11,3,7,72mbps
카페블루하우스,카페,제주특별자치도,서귀포시,33.25116648,126.5610052,30,7,26,72mbps
더벤티,카페,제주특별자치도,서귀포시,33.25676874,126.5722561,20,4,5,146mbps
또시온,카페,제주특별자치도,제주시,33.51351286,126.6768104,47,9,39,119mbps
콕스,카페,제주특별자치도,제주시,33.49033983,126.5203441,48,12,48,84mbps
미크라트,카페,제주특별자치도,제주시,33.4169728,126.2729767,24,8,16,69mbps
제주인이제이,카페,제주특별자치도,서귀포시,33.245341,126.2786178,49,24,44,87mbps
예그리나,카페,제주특별자치도,제주시,33.51555643,126.5131765,43,8,33,96mbps
봄벳,카페,제주특별자치도,서귀포시,33.2667694,126.3946765,38,12,34,97mbps
양과자회관,카페,제주특별자치도,서귀포시,33.362044,126.7657242,20,5,11,85mbps
레이오버,카페,제주특별자치도,제주시,33.55861978,126.8123841,24,4,23,95mbps
오월의향,카페,제주특별자치도,제주시,33.47047672,126.5415282,38,7,24,53mbps
비에노즈,카페,제주특별자치도,제주시,33.44246297,126.2842281,26,5,20,126mbps
아스쿰,카페,제주특별자치도,제주시,33.49687021,126.5524301,48,24,29,81mbps
메이비아모르,카페,제주특별자치도,서귀포시,33.2544583,126.5105194,10,2,4,103mbps
빽다방빵연구소제주합동,카페,제주특별자치도,제주시,33.49013111,126.5270274,46,9,26,103mbps
컴포즈커피서귀포,카페,제주특별자치도,서귀포시,33.25821708,126.5686968,13,2,6,66mbps
영희의정원민박&카페,카페,제주특별자치도,제주시,33.46276674,126.3960392,45,22,30,117mbps
소보리당로222,카페,제주특별자치도,서귀포시,33.26292672,126.3833053,45,11,35,145mbps
새물,카페,제주특별자치도,제주시,33.47858469,126.3696996,35,17,22,142mbps
와랑와랑,카페,제주특별자치도,서귀포시,33.27228529,126.6765534,29,7,14,113mbps
카페안녕성산,카페,제주특별자치도,서귀포시,33.46189448,126.934544,27,9,26,113mbps
용소담,카페,제주특별자치도,제주시,33.51540532,126.5137263,43,14,35,55mbps
파스쿠찌제주한라,카페,제주특별자치도,제주시,33.4901296,126.4859017,26,5,12,110mbps
표선카페,카페,제주특별자치도,서귀포시,33.32589003,126.8335163,20,5,15,121mbps
꼬닥꼬닥,카페,제주특별자치도,제주시,33.35877805,126.2015523,38,7,35,120mbps
더벤티서귀포오일,카페,제주특별자치도,서귀포시,33.26543594,126.5703786,41,13,34,51mbps
제이에스디비,카페,제주특별자치도,제주시,33.51737903,126.5275035,25,8,9,145mbps
에이바우트커피,카페,제주특별자치도,제주시,33.48917705,126.5394283,46,15,32,81mbps
나우커피제주,카페,제주특별자치도,제주시,33.48434981,126.4728845,19,4,1,134mbps
포시즌스,카페,제주특별자치도,제주시,33.41352926,126.2823584,29,7,18,136mbps
파스쿠찌용담해안도로점,카페,제주특별자치도,제주시,33.51944295,126.4931123,20,5,11,71mbps
미세스테라,카페,제주특별자치도,제주시,33.48721047,126.546465,10,3,10,120mbps
야시장이동식판매대,카페,제주특별자치도,제주시,33.51027951,126.526455,40,10,24,133mbps
아꼬와,카페,제주특별자치도,제주시,33.49681404,126.9068506,13,2,12,135mbps
제레미,카페,제주특별자치도,제주시,33.46444764,126.318545,46,9,28,116mbps
바람코지머뭄센터신천다방,카페,제주특별자치도,서귀포시,33.34425829,126.8492942,50,16,40,79mbps
컴포즈커피서홍점,카페,제주특별자치도,서귀포시,33.25701269,126.5569516,48,24,35,116mbps
플로리카페,카페,제주특별자치도,제주시,33.48769568,126.5534564,25,6,7,80mbps
더벤티서귀포올레,카페,제주특별자치도,서귀포시,33.24885808,126.5660816,24,12,22,128mbps
리베라떼,카페,제주특별자치도,제주시,33.49846205,126.5200518,22,7,17,83mbps
솔마루,카페,제주특별자치도,서귀포시,33.23720755,126.2941773,36,12,19,141mbps
조아찌,카페,제주특별자치도,제주시,33.4967408,126.4507707,19,4,13,79mbps
신대림,카페,제주특별자치도,제주시,33.41721565,126.2637072,23,11,6,114mbps
지유명차제주,카페,제주특별자치도,제주시,33.47864425,126.4796433,40,8,34,146mbps
수다,카페,제주특별자치도,서귀포시,33.22773034,126.2522968,10,2,0,99mbps
특활제주,카페,제주특별자치도,제주시,33.46474533,126.4214767,34,17,26,93mbps
토방속에장독대,카페,제주특별자치도,제주시,33.48766103,126.4928994,42,10,28,79mbps
오엘이에프,카페,제주특별자치도,제주시,33.49398066,126.6334092,33,6,18,108mbps
상향평준화,카페,제주특별자치도,제주시,33.50909891,126.5218873,15,3,3,53mbps
요유,카페,제주특별자치도,제주시,33.43407031,126.3798501,41,10,38,143mbps
꼬스덴뇨,카페,제주특별자치도,제주시,33.50986805,126.9052545,45,11,33,149mbps
부이크브루어스,카페,제주특별자치도,제주시,33.55337524,126.808282,21,7,15,101mbps
커피비터스윗,카페,제주특별자치도,제주시,33.48846045,126.4988128,39,19,24,92mbps
빠우사,카페,제주특별자치도,제주시,33.45763692,126.7118684,44,8,42,91mbps
제이왓,카페,제주특별자치도,서귀포시,33.24103048,126.5285235,30,15,30,95mbps
샤르망,카페,제주특별자치도,서귀포시,33.24621462,126.5630258,20,6,1,114mbps
또똣제주,카페,제주특별자치도,서귀포시,33.21091212,126.2918357,44,22,33,101mbps
라움인제주,카페,제주특별자치도,서귀포시,33.43547469,126.9153901,30,10,20,97mbps
탐앤탐스신제주점,카페,제주특별자치도,제주시,33.48744917,126.4896081,17,4,11,66mbps
미쁜제과,카페,제주특별자치도,서귀포시,33.26913714,126.1801307,37,18,31,51mbps
비선루,카페,제주특별자치도,제주시,33.39910469,126.2445336,14,7,14,119mbps
버스맨카페,카페,제주특별자치도,제주시,33.49517849,126.5337578,19,4,3,95mbps
무화과한입,카페,제주특별자치도,제주시,33.52231428,126.5628481,44,11,26,95mbps
943랩,카페,제주특별자치도,서귀포시,33.23924389,126.5141127,36,12,27,140mbps
바스코,카페,제주특별자치도,제주시,33.51700148,126.5254389,15,3,6,95mbps
알마커피제작소,카페,제주특별자치도,제주시,33.55021729,126.6947852,12,4,7,50mbps
필앤라이프제주,카페,제주특별자치도,제주시,33.51569735,126.8894687,48,9,29,93mbps
네이쳐그릭본관,카페,제주특별자치도,서귀포시,33.43725334,126.9190877,49,12,40,112mbps
우리동네만화카페,카페,제주특별자치도,서귀포시,33.2227239,126.2563943,12,3,8,131mbps
까미노,카페,제주특별자치도,제주시,33.45789657,126.3476809,48,16,41,107mbps
블랑로쉐,카페,제주특별자치도,제주시,33.51564935,126.9579036,12,6,6,136mbps
퍼시몬,카페,제주특별자치도,제주시,33.42933078,126.3968838,12,3,8,112mbps
오멘,카페,제주특별자치도,제주시,33.47544303,126.5435677,31,15,17,58mbps
세화탐나는도새기,카페,제주특별자치도,제주시,33.52526277,126.8540835,45,22,38,61mbps
법환동커피,카페,제주특별자치도,서귀포시,33.2370442,126.5118825,31,7,16,116mbps
카페초가헌,카페,제주특별자치도,서귀포시,33.3903267,126.8012675,34,11,19,132mbps
일광다방,카페,제주특별자치도,제주시,33.51161323,126.5192689,21,4,5,119mbps
에이프릴,카페,제주특별자치도,제주시,33.47887622,126.4790609,44,8,37,89mbps
초록지붕,카페,제주특별자치도,제주시,33.31478961,126.2643977,17,4,1,59mbps
퍼플,카페,제주특별자치도,서귀포시,33.27871072,126.7197999,35,17,35,78mbps
하얀산호카페,카페,제주특별자치도,제주시,33.4943304,126.9450331,14,4,14,56mbps
밤의테이블,카페,제주특별자치도,제주시,33.52337959,126.855077,50,25,33,56mbps
컴포즈커피서귀포창천점,카페,제주특별자치도,서귀포시,33.26127801,126.3656305,29,14,19,57mbps
다랑쉬,카페,제주특별자치도,제주시,33.50887851,126.5093286,37,9,33,124mbps
모던플레이스,카페,제주특별자치도,서귀포시,33.2679239,126.3947651,25,6,23,123mbps
곰막다방,카페,제주특별자치도,제주시,33.55687771,126.7205204,26,6,21,101mbps
얼마나오렌지,카페,제주특별자치도,제주시,33.4586172,126.512258,32,16,28,143mbps
클랭블루,카페,제주특별자치도,제주시,33.34487059,126.1773162,35,11,25,120mbps
이디야커피제주함덕해수욕장점,카페,제주특별자치도,제주시,33.54118287,126.6699998,16,3,7,66mbps
광령키즈북카페,카페,제주특별자치도,제주시,33.45955317,126.4334078,31,10,17,119mbps
오늘종달,카페,제주특별자치도,제주시,33.49824207,126.9116271,29,5,15,119mbps
오알엔,카페,제주특별자치도,서귀포시,33.47180084,126.9157528,39,7,26,83mbps
이스턴펫살롱,카페,제주특별자치도,제주시,33.50111691,126.545058,40,20,34,57mbps
제주기와,카페,제주특별자치도,제주시,33.45113158,126.4254175,28,5,14,140mbps
향다방,카페,제주특별자치도,제주시,33.52316448,126.8561753,36,7,28,144mbps
피노키오,카페,제주특별자치도,제주시,33.52050533,126.9482565,38,19,21,83mbps
모슬포동백다방,카페,제주특별자치도,서귀포시,33.22356755,126.2527399,18,4,6,110mbps
카페라올라,카페,제주특별자치도,서귀포시,33.27623748,126.1713271,22,5,21,74mbps
카페루시아,카페,제주특별자치도,서귀포시,33.23521722,126.3630829,11,3,4,147mbps
카페리꼬,카페,제주특별자치도,제주시,33.40581185,126.2563647,28,9,13,52mbps
신산리마을카페,카페,제주특별자치도,서귀포시,33.37662989,126.8768244,49,16,39,62mbps
미주커피앤케이크,카페,제주특별자치도,제주시,33.50380456,126.5307951,11,2,6,88mbps
커피트리,카페,제주특별자치도,제주시,33.47652806,126.4781067,42,21,35,76mbps
공차제주연동점,카페,제주특별자치도,제주시,33.4889395,126.4902665,10,2,0,83mbps
컴플렉스,카페,제주특별자치도,제주시,33.51140658,126.5241241,30,10,26,115mbps
카페기지,카페,제주특별자치도,제주시,33.33848433,126.26451,41,8,41,52mbps
비양정거장,카페,제주특별자치도,제주시,33.51304581,126.9645889,47,9,29,68mbps
히포파운드,카페,제주특별자치도,제주시,33.4855767,126.4604819,43,8,32,92mbps
카페담아,카페,제주특별자치도,서귀포시,33.24069727,126.5657786,13,2,13,136mbps
슈푸,카페,제주특별자치도,제주시,33.5099902,126.5238951,27,5,10,130mbps
인디55,카페,제주특별자치도,서귀포시,33.22363966,126.2423016,18,3,8,150mbps
커피볶는조아저씨,카페,제주특별자치도,제주시,33.35926022,126.1952412,43,10,32,79mbps
트라이브,카페,제주특별자치도,제주시,33.46011568,126.3112322,22,11,20,70mbps
에이바우트커피종합경,카페,제주특별자치도,제주시,33.49593539,126.5194847,23,7,7,87mbps
카페봄봄,카페,제주특별자치도,서귀포시,33.25285843,126.4214068,14,2,14,63mbps
친봉,카페,제주특별자치도,서귀포시,33.2911373,126.5960723,19,6,9,83mbps
제주노형뜨란채점빽다방,카페,제주특별자치도,제주시,33.48658776,126.4733551,35,7,35,64mbps
가파도봄날에,카페,제주특별자치도,서귀포시,33.1695844,126.2704265,47,23,31,148mbps
떼르떼,카페,제주특별자치도,제주시,33.48367799,126.4696822,31,10,26,116mbps
제이스퀘어드카페,카페,제주특별자치도,서귀포시,33.25156846,126.4232074,29,14,14,88mbps
두갓,카페,제주특별자치도,제주시,33.4646016,126.4493062,30,6,14,111mbps
카페다,카페,제주특별자치도,제주시,33.53713697,126.6385133,35,17,27,100mbps
엔피,카페,제주특별자치도,서귀포시,33.24187789,126.5630581,46,23,30,150mbps
띠아모서홍점,카페,제주특별자치도,서귀포시,33.26208575,126.558611,17,5,12,125mbps
카페비비,카페,제주특별자치도,제주시,33.52956604,126.5928142,14,2,4,98mbps
숨맥,카페,제주특별자치도,제주시,33.48384567,126.3941499,15,5,14,90mbps
픽스커피공단점,카페,제주특별자치도,제주시,33.51464681,126.5720462,38,9,28,51mbps
카페봄봄,카페,제주특별자치도,서귀포시,33.25310768,126.5695161,15,5,2,106mbps
제주설심당협재점,카페,제주특별자치도,제주시,33.39590282,126.2428523,44,22,43,135mbps
터치우드,카페,제주특별자치도,제주시,33.53054941,126.6586612,44,14,30,51mbps
진저,카페,제주특별자치도,제주시,33.39373981,126.2400335,33,8,26,120mbps
플팝카페,카페,제주특별자치도,제주시,33.39669129,126.3449784,31,15,14,63mbps
피카,카페,제주특별자치도,제주시,33.52123687,126.5641236,37,7,32,122mbps
2월22일,카페,제주특별자치도,제주시,33.4941051,126.5171489,49,24,47,120mbps
갤러리&카페아토,카페,제주특별자치도,서귀포시,33.32441368,126.7675755,38,12,20,133mbps
디뷰,카페,제주특별자치도,제주시,33.47998764,126.477505,43,21,30,51mbps
컴포즈커피화북공단점,카페,제주특별자치도,제주시,33.5121927,126.5637815,42,14,29,66mbps
청춘역,카페,제주특별자치도,서귀포시,33.24524566,126.5643934,40,20,20,145mbps
도담도담,카페,제주특별자치도,제주시,33.49238911,126.4373691,40,20,32,139mbps
힌즈,카페,제주특별자치도,제주시,33.49460657,126.4352887,44,11,42,94mbps
볼스프로덕션,카페,제주특별자치도,서귀포시,33.25340549,126.4424791,15,3,3,63mbps
카페봄봄용담점,카페,제주특별자치도,제주시,33.51258464,126.5094799,30,7,11,149mbps
세논오라,카페,제주특별자치도,제주시,33.48582879,126.7036729,41,20,41,101mbps
카페무로,카페,제주특별자치도,제주시,33.52873509,126.5896316,41,20,39,117mbps
공차이마트신제주점,카페,제주특별자치도,제주시,33.48496773,126.480434,30,6,21,57mbps
드릴러스커피,카페,제주특별자치도,제주시,33.47972174,126.4514376,44,14,37,89mbps
서은이네,카페,제주특별자치도,서귀포시,33.30997942,126.8047144,12,3,4,74mbps
카페봄봄,카페,제주특별자치도,서귀포시,33.27956333,126.7180582,15,3,3,88mbps
플로베일배움터,카페,제주특별자치도,제주시,33.49220844,126.4893327,38,19,37,93mbps
제주의별,카페,제주특별자치도,제주시,33.51560848,126.5149522,13,4,7,132mbps
루마인;퍼즈;투썸플레이스제주루마인점,카페,제주특별자치도,제주시,33.4841963,126.9013228,14,3,13,114mbps
봄봄,카페,제주특별자치도,제주시,33.45054026,126.5583363,47,11,46,114mbps
카페두가시,카페,제주특별자치도,서귀포시,33.23549681,126.3666322,16,3,14,67mbps
몽티죠,카페,제주특별자치도,제주시,33.51455896,126.5327605,25,12,16,142mbps
갈매기팸,카페,제주특별자치도,제주시,33.52473836,126.8606293,16,8,14,115mbps
제주명월역,카페,제주특별자치도,제주시,33.39165499,126.2620849,22,11,20,85mbps
디저트팩토리제주쇠소깍점,카페,제주특별자치도,서귀포시,33.25685593,126.6213959,16,3,5,90mbps
템플라도,카페,제주특별자치도,제주시,33.33918994,126.1965,23,11,11,137mbps
투썸플레이스신화빌라스점,카페,제주특별자치도,서귀포시,33.30137939,126.3175289,14,4,9,92mbps
제주빽다방,카페,제주특별자치도,제주시,33.48995863,126.5411028,43,10,43,147mbps
동문카페,카페,제주특별자치도,제주시,33.51594309,126.524519,44,22,43,77mbps
에프터글로우,카페,제주특별자치도,제주시,33.48866367,126.5493841,18,4,18,80mbps
키즈몬,카페,제주특별자치도,서귀포시,33.32710965,126.8286701,28,7,12,114mbps
예랑커피하우스,카페,제주특별자치도,제주시,33.54058287,126.6453788,44,22,44,95mbps
플리,카페,제주특별자치도,서귀포시,33.24687217,126.5526999,28,14,8,89mbps
래빗,카페,제주특별자치도,제주시,33.48883953,126.5217297,36,12,36,77mbps
미니핏다이어트,카페,제주특별자치도,제주시,33.53372053,126.6206241,40,10,31,106mbps
진가커피,카페,제주특별자치도,제주시,33.4895626,126.4861417,14,3,7,73mbps
컴포즈커피서귀포서광점,카페,제주특별자치도,서귀포시,33.28913445,126.3222727,44,11,41,72mbps
당당,카페,제주특별자치도,제주시,33.4744434,126.3708807,22,7,22,89mbps
에이바우트커피뷰강정점,카페,제주특별자치도,서귀포시,33.23688274,126.4984934,13,6,4,86mbps
오하효,카페,제주특별자치도,서귀포시,33.25916199,126.6177585,14,3,5,82mbps
모나미카페,카페,제주특별자치도,제주시,33.48411356,126.4831505,27,13,13,149mbps
디원나인세븐D197,카페,제주특별자치도,제주시,33.50161724,126.4628468,46,15,46,56mbps
누베커피,카페,제주특별자치도,제주시,33.47165154,126.5471807,47,11,46,61mbps
세탁쏘,카페,제주특별자치도,제주시,33.50127123,126.521403,36,9,33,54mbps
야야,카페,제주특별자치도,제주시,33.54398706,126.6734884,10,2,1,58mbps
아름디,카페,제주특별자치도,제주시,33.49113013,126.52657,14,2,2,80mbps
에이바우트커피남녕고점,카페,제주특별자치도,제주시,33.49002945,126.4813399,17,4,3,94mbps
슈가바당,카페,제주특별자치도,제주시,33.53454967,126.8398461,11,3,1,144mbps
카페하귀리,카페,제주특별자치도,제주시,33.48032299,126.3983704,20,5,8,61mbps
서서히,카페,제주특별자치도,제주시,33.50469224,126.5390986,50,25,41,137mbps
규와이너리,카페,제주특별자치도,제주시,33.55269987,126.7150421,22,11,16,129mbps
곳남모을카페,카페,제주특별자치도,제주시,33.48180444,126.559953,36,9,20,80mbps
만호다방,카페,제주특별자치도,서귀포시,33.24867498,126.5627131,14,4,5,122mbps
더리트리브,카페,제주특별자치도,서귀포시,33.24792832,126.3385684,50,10,42,124mbps
준스팜스토리,카페,제주특별자치도,서귀포시,33.27999973,126.3187151,48,12,42,95mbps
마타하리,카페,제주특별자치도,서귀포시,33.2571961,126.617649,42,8,33,144mbps
우미지베이커리,카페,제주특별자치도,제주시,33.52439257,126.5824829,23,11,9,139mbps
알앤에이치,카페,제주특별자치도,제주시,33.47964742,126.473806,33,8,23,123mbps
가비오타카페,카페,제주특별자치도,제주시,33.50941327,126.9001857,33,6,27,56mbps
그초록,카페,제주특별자치도,제주시,33.55637462,126.8064016,18,3,10,74mbps
뷰크레스트,카페,제주특별자치도,서귀포시,33.24129302,126.5360007,24,8,19,93mbps
더벤티제주대학교점,카페,제주특별자치도,제주시,33.45723319,126.5642936,19,9,11,70mbps
몬스터커피제주,카페,제주특별자치도,제주시,33.48453019,126.4792961,44,8,24,93mbps
흐림,카페,제주특별자치도,제주시,33.51091489,126.7014133,45,11,40,146mbps
샨티,카페,제주특별자치도,서귀포시,33.25368301,126.4242344,48,12,38,137mbps
바당꽃,카페,제주특별자치도,서귀포시,33.27956683,126.7236294,19,3,1,122mbps
카페글렌코,카페,제주특별자치도,제주시,33.43367491,126.7332394,14,2,2,96mbps
델문도로스터스,카페,제주특별자치도,제주시,33.49180545,126.5263404,12,3,4,118mbps
꼼비노,카페,제주특별자치도,서귀포시,33.22050202,126.251232,45,15,41,115mbps
감성커피삼화점,카페,제주특별자치도,제주시,33.52157214,126.5856288,39,7,35,106mbps
카페꼼,카페,제주특별자치도,제주시,33.47518041,126.5481737,48,9,44,63mbps
석류다방,카페,제주특별자치도,제주시,33.51202968,126.5314826,41,8,29,130mbps
까치상사,카페,제주특별자치도,제주시,33.50421097,126.5168991,27,9,20,135mbps
봄봄하귀점,카페,제주특별자치도,제주시,33.48110976,126.4044654,45,15,39,134mbps
오늘은녹차,카페,제주특별자치도,서귀포시,33.38184376,126.7910771,35,7,19,71mbps
슬랩,카페,제주특별자치도,제주시,33.39484962,126.2416469,41,20,30,141mbps
롱리브,카페,제주특별자치도,제주시,33.47658954,126.5415283,19,6,10,136mbps
혼디인2714,카페,제주특별자치도,제주시,33.32446088,126.2153007,31,7,26,147mbps
블리스풀,카페,제주특별자치도,제주시,33.40518189,126.4072522,49,9,49,55mbps
바다가는길,카페,제주특별자치도,서귀포시,33.23920172,126.5584256,47,9,40,55mbps
카페109,카페,제주특별자치도,제주시,33.48979198,126.4741965,18,6,1,88mbps
코멧1987,카페,제주특별자치도,제주시,33.49908113,126.5310358,42,10,26,107mbps
사계리어촌계커피스케치,카페,제주특별자치도,서귀포시,33.2333745,126.3132942,35,11,28,134mbps
곰순이,카페,제주특별자치도,제주시,33.4130529,126.2611085,47,23,29,129mbps
글뤽,카페,제주특별자치도,제주시,33.52150356,126.8469961,37,12,24,50mbps
소소한담,카페,제주특별자치도,제주시,33.47151996,126.3668892,39,7,29,129mbps
둥지전통찻집,카페,제주특별자치도,제주시,33.53684929,126.6711574,12,3,6,102mbps
카페술도가제주바당,카페,제주특별자치도,제주시,33.53724271,126.8245208,40,20,35,140mbps
공간,카페,제주특별자치도,서귀포시,33.2372942,126.4801227,34,17,21,139mbps
옐로우사이공,카페,제주특별자치도,제주시,33.45689102,126.4078041,49,9,35,61mbps
매일차차,카페,제주특별자치도,서귀포시,33.27517784,126.2775031,49,16,48,150mbps
우포토시네마,카페,제주특별자치도,서귀포시,33.22530499,126.26592,23,7,5,132mbps
뷔쏭,카페,제주특별자치도,서귀포시,33.25546535,126.5760507,23,4,18,69mbps
하루필름애월점,카페,제주특별자치도,제주시,33.48117664,126.3741243,48,24,43,148mbps
아토네정원,카페,제주특별자치도,서귀포시,33.24675852,126.5174727,45,9,31,100mbps
거목,카페,제주특별자치도,제주시,33.41476409,126.2638354,35,11,20,94mbps
더치박스,카페,제주특별자치도,제주시,33.48957602,126.4742947,14,2,13,150mbps
큐티파이,카페,제주특별자치도,제주시,33.47787655,126.3687365,38,12,23,133mbps
하이엔드제주,카페,제주특별자치도,제주시,33.46358421,126.3091502,39,13,23,112mbps
비건테이블바람,카페,제주특별자치도,제주시,33.44231533,126.3287625,27,13,10,126mbps
엠커피로스터스,카페,제주특별자치도,제주시,33.4608903,126.5607794,41,10,32,107mbps
낭,카페,제주특별자치도,제주시,33.48455394,126.4313622,22,7,17,123mbps
아꼬아,카페,제주특별자치도,서귀포시,33.24536292,126.5695862,39,13,30,82mbps
헬로우도,카페,제주특별자치도,제주시,33.50001912,126.9441363,39,9,34,92mbps
두멩이카페,카페,제주특별자치도,제주시,33.51321744,126.5332521,16,5,4,54mbps
화후,카페,제주특별자치도,제주시,33.46510621,126.5139213,44,11,43,104mbps
작은살레,카페,제주특별자치도,제주시,33.43700305,126.6803527,16,3,15,74mbps
팩토리소란,카페,제주특별자치도,제주시,33.45582749,126.549382,45,11,32,93mbps
커피템플,카페,제주특별자치도,제주시,33.47816205,126.5702461,31,10,23,107mbps
꽃길,카페,제주특별자치도,제주시,33.5036169,126.5217991,25,6,24,142mbps
카페봄봄,카페,제주특별자치도,서귀포시,33.2581035,126.5723569,32,10,23,135mbps
커피산책,카페,제주특별자치도,제주시,33.46201852,126.4402438,13,3,1,147mbps
돌고래전망카페,카페,제주특별자치도,서귀포시,33.27073225,126.1759299,23,11,7,142mbps
레인보울45도,카페,제주특별자치도,제주시,33.50934664,126.5091537,37,12,31,122mbps
오늘도화창,카페,제주특별자치도,제주시,33.55514808,126.7949682,47,23,47,120mbps
마마미니,카페,제주특별자치도,제주시,33.48450832,126.6982223,35,8,35,137mbps
러스티아일랜드,카페,제주특별자치도,제주시,33.52845549,126.6450408,41,13,22,101mbps
넙빌레스토리,카페,제주특별자치도,서귀포시,33.26921584,126.6485404,25,12,8,95mbps
우도클라쓰,카페,제주특별자치도,제주시,33.50829577,126.9439695,17,3,3,105mbps
물고기,카페,제주특별자치도,서귀포시,33.234326,126.3651171,13,6,6,92mbps
컴포즈커피제주제원점,카페,제주특별자치도,제주시,33.4885025,126.4892361,44,14,40,68mbps
에이바우트커피,카페,제주특별자치도,제주시,33.48935008,126.4762974,31,15,20,91mbps
레이지피크닉,카페,제주특별자치도,제주시,33.51422893,126.5265734,33,8,33,111mbps
스테이위드커피,카페,제주특별자치도,제주시,33.45825573,126.4557355,13,3,7,140mbps
사우스쇼어,카페,제주특별자치도,서귀포시,33.24294741,126.4548526,46,15,46,76mbps
대학나무,카페,제주특별자치도,제주시,33.51994331,126.4964247,10,3,9,114mbps
크로쿠,카페,제주특별자치도,제주시,33.51208951,126.5282426,25,8,7,140mbps
평대랑그네랑,카페,제주특별자치도,제주시,33.53665807,126.8388087,42,14,25,88mbps
알,카페,제주특별자치도,제주시,33.49942748,126.5179157,14,4,4,67mbps
제주901,카페,제주특별자치도,제주시,33.45301223,126.4862068,49,9,37,120mbps
카일루아,카페,제주특별자치도,서귀포시,33.24582005,126.4602428,33,16,16,134mbps
파스쿠찌제주한라대점,카페,제주특별자치도,제주시,33.48028987,126.4722312,26,8,18,106mbps
마피스,카페,제주특별자치도,제주시,33.55063035,126.6530691,37,7,34,54mbps
카페드콜리,카페,제주특별자치도,제주시,33.46428902,126.521714,37,12,28,75mbps
블로비노형,카페,제주특별자치도,제주시,33.46690191,126.4787884,12,6,3,113mbps
제주몹시,카페,제주특별자치도,제주시,33.49454467,126.4335781,26,5,7,80mbps
카페라,카페,제주특별자치도,제주시,33.49968677,126.5290739,47,11,31,110mbps
과일박스,카페,제주특별자치도,제주시,33.51173857,126.5260596,36,7,36,102mbps
포빈즈,카페,제주특별자치도,제주시,33.4987893,126.656526,38,12,21,108mbps
땡큐베리,카페,제주특별자치도,서귀포시,33.24113898,126.565755,32,8,31,145mbps
씨앤아이,카페,제주특별자치도,서귀포시,33.32565641,126.8341182,32,8,18,105mbps
땡큐브레드앤슾,카페,제주특별자치도,서귀포시,33.28373225,126.7276634,37,12,25,112mbps
비브레이브,카페,제주특별자치도,서귀포시,33.25492099,126.518179,34,17,34,143mbps
자구리몬들락,카페,제주특별자치도,서귀포시,33.24221509,126.5666617,41,8,37,148mbps
곰다방,카페,제주특별자치도,서귀포시,33.32641115,126.832162,29,7,11,53mbps
솜뿡,카페,제주특별자치도,서귀포시,33.23436671,126.5119725,28,7,22,118mbps
몽그레,카페,제주특별자치도,제주시,33.55957112,126.7926963,41,8,22,134mbps
에릭스에스프레소,카페,제주특별자치도,제주시,33.52141848,126.8588693,28,9,11,95mbps
구면카페,카페,제주특별자치도,서귀포시,33.35152291,126.7661713,26,13,14,52mbps
일출봉아로니아,카페,제주특별자치도,서귀포시,33.44460564,126.9000664,38,7,32,149mbps
카페봄봄김녕점,카페,제주특별자치도,제주시,33.55599038,126.7526458,30,6,14,103mbps
삼돌이농원감귤주스,카페,제주특별자치도,서귀포시,33.25056154,126.5633261,46,9,33,79mbps
봄봄제원점,카페,제주특별자치도,제주시,33.48623073,126.4914875,24,8,6,102mbps
어클락,카페,제주특별자치도,제주시,33.4628451,126.4180794,26,8,23,116mbps
빌레하임,카페,제주특별자치도,제주시,33.31729652,126.25992,29,5,13,64mbps
더벌브,카페,제주특별자치도,제주시,33.50914226,126.5191103,43,8,41,84mbps
카페씨닉,카페,제주특별자치도,제주시,33.55928254,126.7926539,45,22,34,53mbps
카페봉개,카페,제주특별자치도,제주시,33.48806278,126.5974524,48,16,36,87mbps
베네토,카페,제주특별자치도,제주시,33.49178422,126.4958238,17,3,6,79mbps
밭디,카페,제주특별자치도,서귀포시,33.40790337,126.7722125,29,9,25,73mbps
레몬뮤지엄,카페,제주특별자치도,서귀포시,33.29886099,126.6178539,41,8,34,63mbps
공차제주,카페,제주특별자치도,제주시,33.51610012,126.5254976,37,9,17,140mbps
봉그레,카페,제주특별자치도,제주시,33.4630376,126.5292507,39,7,38,107mbps
벼레별씨,카페,제주특별자치도,서귀포시,33.22671165,126.2987672,19,4,3,150mbps
서사로21길,카페,제주특별자치도,제주시,33.49867366,126.5211483,36,18,18,133mbps
컴포즈커피제주,카페,제주특별자치도,제주시,33.48135368,126.4829087,36,9,18,80mbps
쉬리니케이크,카페,제주특별자치도,제주시,33.43848048,126.3281898,15,3,10,122mbps
요람,카페,제주특별자치도,서귀포시,33.25324406,126.5830796,42,14,42,146mbps
바이더씨,카페,제주특별자치도,서귀포시,33.39895146,126.9046548,17,4,8,114mbps
빽다방제주제원점,카페,제주특별자치도,제주시,33.48719743,126.4897818,37,9,23,55mbps
알포인트커피,카페,제주특별자치도,제주시,33.43482988,126.3233682,43,21,36,102mbps
팀블로우,카페,제주특별자치도,제주시,33.46087918,126.3107206,32,8,31,132mbps
먹쿠슬낭,카페,제주특별자치도,제주시,33.49805017,126.5070007,29,7,20,142mbps
정원이있는마네,카페,제주특별자치도,서귀포시,33.22592159,126.2993636,13,2,7,93mbps
월정무인카페,카페,제주특별자치도,제주시,33.55577138,126.801234,46,11,26,127mbps
이호캔들어바웃제주,카페,제주특별자치도,제주시,33.50271811,126.4568565,21,10,10,59mbps
팥,카페,제주특별자치도,제주시,33.44189206,126.2963204,48,9,39,115mbps
카페캄,카페,제주특별자치도,서귀포시,33.24634352,126.5612225,50,10,45,146mbps
루씨쏜갤러리스튜디오,카페,제주특별자치도,서귀포시,33.24128534,126.5930399,35,11,28,119mbps
숨비아일랜드,카페,제주특별자치도,서귀포시,33.33918044,126.855458,43,14,34,88mbps
아리수다방,카페,제주특별자치도,서귀포시,33.2242407,126.25223,15,7,1,128mbps
겔러리앤감자,카페,제주특별자치도,서귀포시,33.25171649,126.3405251,33,6,27,66mbps
자상한하루,카페,제주특별자치도,서귀포시,33.3067442,126.7688787,11,2,5,77mbps
리코마망,카페,제주특별자치도,제주시,33.48301998,126.4697185,24,8,20,118mbps
공육사노트,카페,제주특별자치도,제주시,33.41133266,126.2598975,50,10,42,59mbps
메가엠지씨커피제주연동점,카페,제주특별자치도,제주시,33.47871352,126.4876152,50,25,32,73mbps
만나요만나,카페,제주특별자치도,제주시,33.54030555,126.6689587,25,5,24,119mbps
인더그린,카페,제주특별자치도,제주시,33.47294486,126.4858095,34,6,27,110mbps
가배두커피,카페,제주특별자치도,제주시,33.48956134,126.5242113,42,14,27,69mbps
제주여기쯤,카페,제주특별자치도,제주시,33.47282338,126.7845762,21,4,13,82mbps
모모제이,카페,제주특별자치도,제주시,33.47612009,126.5487283,36,12,22,142mbps
인디고,카페,제주특별자치도,제주시,33.46639837,126.3340846,12,6,3,97mbps
서광마을기업웨스트힐라운지,카페,제주특별자치도,서귀포시,33.3001285,126.3196001,12,4,2,101mbps
스타다방,카페,제주특별자치도,서귀포시,33.22239305,126.2553459,19,9,0,139mbps
젤마씨,카페,제주특별자치도,제주시,33.48759895,126.4673557,10,2,5,116mbps
메가엠지씨커피제주표선점,카페,제주특별자치도,서귀포시,33.32624113,126.8331182,46,23,38,114mbps
보호,카페,제주특별자치도,제주시,33.40708986,126.2529891,49,24,42,59mbps
에이바우트커피삼무공원점,카페,제주특별자치도,제주시,33.49037149,126.4898923,30,15,25,63mbps
로바인,카페,제주특별자치도,제주시,33.53020414,126.5921976,48,24,41,132mbps
카페이에르바,카페,제주특별자치도,제주시,33.52753918,126.6188533,34,8,33,115mbps
호텔리어스커피,카페,제주특별자치도,서귀포시,33.25585111,126.4154741,48,9,45,130mbps
제주의온도,카페,제주특별자치도,제주시,33.429794,126.4088269,19,4,14,110mbps
표선모르,카페,제주특별자치도,서귀포시,33.32486079,126.8324872,48,16,36,54mbps
메가엠지씨커피제주아라점,카페,제주특별자치도,제주시,33.47331281,126.545354,26,8,21,139mbps
커피밸런스,카페,제주특별자치도,제주시,33.45140598,126.5764765,37,18,36,59mbps
카페50번길,카페,제주특별자치도,서귀포시,33.26824323,126.5900277,37,18,28,147mbps
수까페테라스,카페,제주특별자치도,제주시,33.42000578,126.2689949,41,10,23,113mbps
오젠,카페,제주특별자치도,서귀포시,33.21358701,126.2929082,36,9,34,117mbps
아라아라,카페,제주특별자치도,제주시,33.47157007,126.5520545,16,5,3,96mbps
모들모들,카페,제주특별자치도,제주시,33.51974572,126.5840768,26,13,24,141mbps
가비,카페,제주특별자치도,제주시,33.51121186,126.5393977,20,4,20,146mbps
카페루시아,카페,제주특별자치도,서귀포시,33.23497681,126.3636748,35,7,25,123mbps
메가엠지씨커피제주,카페,제주특별자치도,서귀포시,33.27846132,126.7171708,15,3,7,75mbps
양군의케익한접시,카페,제주특별자치도,제주시,33.5210077,126.5813259,48,16,35,69mbps
작가의집BYTALKINCOFFEE토크인커피,카페,제주특별자치도,서귀포시,33.23832377,126.2875377,48,24,48,118mbps
무운,카페,제주특별자치도,서귀포시,33.24764674,126.2844469,36,18,32,58mbps
와플반트,카페,제주특별자치도,제주시,33.50197589,126.5432778,45,15,45,148mbps
애월기록,카페,제주특별자치도,제주시,33.47836168,126.3918319,30,6,29,114mbps
커피주의보,카페,제주특별자치도,제주시,33.49276007,126.5379997,27,9,14,144mbps
돌담너머당근,카페,제주특별자치도,제주시,33.53647704,126.8382707,42,21,22,113mbps
홉히,카페,제주특별자치도,서귀포시,33.23653598,126.5087524,27,5,25,72mbps
커피존코-챠스키,카페,제주특별자치도,제주시,33.4890576,126.5340058,38,7,31,120mbps
와이에스와이에스,카페,제주특별자치도,서귀포시,33.25246965,126.5753784,38,7,33,102mbps
굴무기낭,카페,제주특별자치도,제주시,33.43311456,126.3279193,13,4,2,150mbps
카페결,카페,제주특별자치도,제주시,33.51267361,126.9566135,44,14,24,129mbps
곶자왈카페,카페,제주특별자치도,서귀포시,33.28516022,126.3530804,11,2,8,127mbps
인스밀,카페,제주특별자치도,서귀포시,33.23848105,126.2292343,40,10,30,52mbps
블리오,카페,제주특별자치도,제주시,33.49969313,126.5283744,20,6,11,104mbps
가보카,카페,제주특별자치도,제주시,33.31731048,126.2653108,17,8,10,63mbps
헛간;더반스위트,카페,제주특별자치도,제주시,33.48420112,126.7462006,35,7,29,67mbps
김녕어촌계해녀삼춘,카페,제주특별자치도,제주시,33.55818326,126.740417,10,5,10,56mbps
로드33,카페,제주특별자치도,제주시,33.48662438,126.4973708,41,20,30,56mbps
카페토르토니,카페,제주특별자치도,제주시,33.47492948,126.5436672,18,6,15,69mbps
커피스탬프,카페,제주특별자치도,제주시,33.48773668,126.540017,13,2,3,141mbps
베라벨거,카페,제주특별자치도,서귀포시,33.25088872,126.5615002,42,21,30,101mbps
제주트립티,카페,제주특별자치도,제주시,33.46468205,126.5138161,42,8,38,90mbps
고찌가게,카페,제주특별자치도,제주시,33.49814172,126.5353561,37,12,24,115mbps
레몬일레븐,카페,제주특별자치도,서귀포시,33.30787578,126.7762849,22,11,16,104mbps
여우별,카페,제주특별자치도,제주시,33.50104973,126.5200806,37,9,34,140mbps
카페클라츠,카페,제주특별자치도,제주시,33.49122936,126.5385351,43,14,43,67mbps
동명정류장,카페,제주특별자치도,제주시,33.39713419,126.2662306,17,4,2,141mbps
낭낭,카페,제주특별자치도,서귀포시,33.2654192,126.3038028,25,6,22,136mbps
핑크헨젤,카페,제주특별자치도,제주시,33.46283857,126.3096294,34,17,25,133mbps
나인브로스커피,카페,제주특별자치도,서귀포시,33.26627498,126.2599643,42,8,36,50mbps
다인,카페,제주특별자치도,제주시,33.51173602,126.5183856,26,5,21,51mbps
마로니에미니골프카페,카페,제주특별자치도,서귀포시,33.29614267,126.6252846,28,14,15,135mbps
아방의차,카페,제주특별자치도,제주시,33.48446271,126.7462644,38,9,34,115mbps
개인주의자,카페,제주특별자치도,제주시,33.52676568,126.8858053,16,3,1,58mbps
코데인커피로스터스디벨로퍼,카페,제주특별자치도,서귀포시,33.23508262,126.2962757,24,6,20,107mbps
오라단비네커피,카페,제주특별자치도,제주시,33.49434846,126.5148232,45,22,29,136mbps
한스,카페,제주특별자치도,제주시,33.508385,126.4704894,42,21,28,66mbps
발리휴게실,카페,제주특별자치도,제주시,33.38939,126.2497228,24,6,12,91mbps
드라이어드,카페,제주특별자치도,제주시,33.45723982,126.7723633,32,8,20,143mbps
토토네,카페,제주특별자치도,제주시,33.48937103,126.4106928,39,19,25,107mbps
라쁠라주,카페,제주특별자치도,제주시,33.51980925,126.4944987,21,7,18,129mbps
마마롱,카페,제주특별자치도,제주시,33.45215027,126.4391779,15,7,1,91mbps
벨진밧,카페,제주특별자치도,서귀포시,33.27027384,126.2791856,46,15,37,85mbps
카페베네이도일동점,카페,제주특별자치도,제주시,33.5064892,126.5255071,34,8,26,131mbps
커피곰여행자,카페,제주특별자치도,제주시,33.51844197,126.8837173,29,7,14,75mbps
레아드레스앤카페,카페,제주특별자치도,제주시,33.47439606,126.4835524,15,5,10,104mbps
귤한편,카페,제주특별자치도,서귀포시,33.2862203,126.5923484,37,12,18,139mbps
오스모시스,카페,제주특별자치도,제주시,33.54074061,126.8307799,28,9,22,89mbps
문부로25,카페,제주특별자치도,서귀포시,33.25221909,126.5706794,19,4,10,64mbps
김녕떠오르길,카페,제주특별자치도,제주시,33.55784544,126.7470838,32,6,23,98mbps
플랜타,카페,제주특별자치도,제주시,33.50047322,126.5465465,12,6,2,77mbps
미띠뽀티하우스,카페,제주특별자치도,서귀포시,33.25020737,126.5094378,27,9,21,103mbps
에곤,카페,제주특별자치도,서귀포시,33.43991251,126.9182034,46,15,26,65mbps
라조컴컴제주점,카페,제주특별자치도,제주시,33.40138013,126.2510494,25,12,14,90mbps
이미경;신설동커피,카페,제주특별자치도,제주시,33.49626472,126.5495492,16,8,9,51mbps
선셋커피스탠드,카페,제주특별자치도,제주시,33.51683367,126.5170119,22,5,13,107mbps
더핍스시즌,카페,제주특별자치도,제주시,33.3480885,126.3575248,24,6,8,87mbps
달에사는고래,카페,제주특별자치도,제주시,33.43519874,126.4270065,38,7,32,86mbps
스마일러,카페,제주특별자치도,제주시,33.46994816,126.4158481,19,3,1,96mbps
연주다방,카페,제주특별자치도,제주시,33.50146865,126.5142132,24,6,22,92mbps
단정한까페,카페,제주특별자치도,제주시,33.49681116,126.5291971,36,9,30,148mbps
컴포즈커피제주아라점,카페,제주특별자치도,제주시,33.47598014,126.5449742,27,13,10,144mbps
아마니타,카페,제주특별자치도,서귀포시,33.32693337,126.831624,15,3,14,138mbps
여누카페,카페,제주특별자치도,제주시,33.43220712,126.673671,25,8,15,83mbps
조금만천천히,카페,제주특별자치도,제주시,33.53543971,126.6346662,22,4,21,96mbps
카페희상,카페,제주특별자치도,서귀포시,33.32994456,126.8382237,46,15,44,74mbps
주파수,카페,제주특별자치도,제주시,33.49747754,126.536156,15,3,5,68mbps
밀팟제주,카페,제주특별자치도,제주시,33.4841641,126.5298035,43,10,40,108mbps
파랑카페,카페,제주특별자치도,제주시,33.42311002,126.4043994,20,4,0,135mbps
카페아오오,카페,제주특별자치도,서귀포시,33.37908537,126.879959,32,8,30,118mbps
블루샥제주,카페,제주특별자치도,제주시,33.49204828,126.5357115,25,12,12,60mbps
돌이삼구,카페,제주특별자치도,서귀포시,33.32525717,126.8322394,32,16,19,55mbps
위드유,카페,제주특별자치도,제주시,33.47263364,126.4868549,29,9,26,50mbps
하를,카페,제주특별자치도,서귀포시,33.26633398,126.5989986,16,8,11,53mbps
바람의향기가전해주는하루는..,카페,제주특별자치도,제주시,33.51208981,126.5306965,33,6,18,100mbps
클레망스,카페,제주특별자치도,제주시,33.48794558,126.5380037,43,8,33,95mbps
커뮤니티라운지,카페,제주특별자치도,제주시,33.51280204,126.5283141,39,19,25,64mbps
에이바우트커피삼화점,카페,제주특별자치도,제주시,33.51541531,126.5726667,46,15,39,84mbps
더벤티커피고성교차로점,카페,제주특별자치도,서귀포시,33.44710404,126.9132923,13,4,1,118mbps
카페서연의집,카페,제주특별자치도,서귀포시,33.26943387,126.6555698,28,7,27,90mbps
엠소마앤엠단테성산점,카페,제주특별자치도,서귀포시,33.46029584,126.9294465,10,2,2,80mbps
카페단단,카페,제주특별자치도,제주시,33.51258704,126.5216206,46,23,44,114mbps
Cafe오름Jeju,카페,제주특별자치도,서귀포시,33.3723336,126.855833,24,8,6,50mbps
깅코,카페,제주특별자치도,제주시,33.49083503,126.4886091,35,11,29,98mbps
더벤티제주외도점,카페,제주특별자치도,제주시,33.49123045,126.4304362,47,9,40,139mbps
카페인,카페,제주특별자치도,서귀포시,33.32712847,126.8359305,47,23,28,83mbps
개스토랑,카페,제주특별자치도,제주시,33.49844318,126.5129064,21,7,15,144mbps
꽃썸,카페,제주특별자치도,서귀포시,33.30973327,126.3401531,15,3,1,93mbps
베메로,카페,제주특별자치도,서귀포시,33.24969259,126.4115555,33,8,13,133mbps
공차제주아라점,카페,제주특별자치도,제주시,33.47305119,126.5453123,50,12,34,63mbps
메가엠지씨커피제주,카페,제주특별자치도,제주시,33.49160934,126.5929381,31,7,26,84mbps
더콘월티룸,카페,제주특별자치도,서귀포시,33.25911063,126.2789661,49,24,32,142mbps
모슬포3호텔커피숍,카페,제주특별자치도,서귀포시,33.21773889,126.2505369,24,12,17,118mbps
카페베네제주점,카페,제주특별자치도,제주시,33.48244013,126.481837,22,11,4,57mbps
망고홀릭,카페,제주특별자치도,제주시,33.49441249,126.902581,25,5,16,106mbps
현애원/카페이스틀리,카페,제주특별자치도,서귀포시,33.45607156,126.9084,36,12,26,84mbps
그리트커피,카페,제주특별자치도,제주시,33.47518432,126.5492495,22,5,7,55mbps
토르토니,카페,제주특별자치도,서귀포시,33.25190553,126.5609264,22,7,7,103mbps
러움,카페,제주특별자치도,제주시,33.51590767,126.9494863,20,10,18,75mbps
로빙화,카페,제주특별자치도,서귀포시,33.27512507,126.7092599,50,10,45,108mbps
파생,카페,제주특별자치도,제주시,33.50763691,126.5357359,22,11,3,69mbps
공차제주,카페,제주특별자치도,제주시,33.49806827,126.5302234,30,10,19,116mbps
수망일기,카페,제주특별자치도,서귀포시,33.33037437,126.7120625,13,6,11,96mbps
60빈스,카페,제주특별자치도,서귀포시,33.24155689,126.5366431,12,6,1,83mbps
하도미술관,카페,제주특별자치도,제주시,33.51020631,126.8891528,27,5,9,145mbps
우디글레이드,카페,제주특별자치도,서귀포시,33.242717,126.5632256,21,10,8,82mbps
한남307,카페,제주특별자치도,서귀포시,33.31403335,126.6991439,31,6,18,137mbps
무인카페서반,카페,제주특별자치도,제주시,33.51238155,126.5387565,42,10,38,66mbps
아임마운틴,카페,제주특별자치도,서귀포시,33.41892201,126.8424671,38,7,20,138mbps
애월파라다이스리조트;카페호나,카페,제주특별자치도,제주시,33.43488227,126.3964045,22,4,22,124mbps
가는곶세화,카페,제주특별자치도,제주시,33.5205009,126.8606792,36,9,27,109mbps
어린왕자감귤밭,카페,제주특별자치도,서귀포시,33.25330277,126.2818253,24,4,21,122mbps
크래커스,카페,제주특별자치도,서귀포시,33.26328937,126.2797045,44,22,31,75mbps
에이바우트커피도련점,카페,제주특별자치도,제주시,33.51613038,126.581414,50,16,36,69mbps
디저트39제주연동,카페,제주특별자치도,제주시,33.47992251,126.4900073,43,10,39,90mbps
달보드레2,카페,제주특별자치도,제주시,33.50989441,126.5614468,35,7,19,51mbps
서광리일이삼카페,카페,제주특별자치도,서귀포시,33.28590339,126.3333332,45,15,31,63mbps
꼬엥,카페,제주특별자치도,제주시,33.51199169,126.5238841,18,3,10,65mbps
희망써니트농장,카페,제주특별자치도,제주시,33.49480589,126.5475553,38,7,36,81mbps
스테이위드커피,카페,제주특별자치도,서귀포시,33.22780083,126.3032643,31,10,11,51mbps
구닮,카페,제주특별자치도,서귀포시,33.23643678,126.3127123,20,4,20,90mbps
카페인섭지코지,카페,제주특별자치도,서귀포시,33.43702103,126.9224001,21,7,16,91mbps
툇마루커피,카페,제주특별자치도,서귀포시,33.38738702,126.8010162,27,9,23,54mbps
에피소드,카페,제주특별자치도,제주시,33.48541642,126.4133019,34,17,28,50mbps
이큐티,카페,제주특별자치도,제주시,33.47238696,126.5485862,17,3,1,81mbps
오크라,카페,제주특별자치도,서귀포시,33.36421757,126.8201841,24,6,18,94mbps
블루하우스호텔케니,카페,제주특별자치도,서귀포시,33.22622505,126.2523633,16,3,1,53mbps
스노우빈,카페,제주특별자치도,제주시,33.43227606,126.6793592,48,24,28,95mbps
카페로드,카페,제주특별자치도,제주시,33.48746515,126.4847553,34,8,24,129mbps
델문도인김녕,카페,제주특별자치도,제주시,33.5634049,126.768402,27,13,19,142mbps
메가엠지씨커피516도로점,카페,제주특별자치도,서귀포시,33.27001413,126.5857047,16,3,8,108mbps
델문도제주도립미술관점,카페,제주특별자치도,제주시,33.45254879,126.4896944,32,10,16,112mbps
그대가사는시간,카페,제주특별자치도,서귀포시,33.24788023,126.5833411,35,7,31,135mbps
고토,카페,제주특별자치도,제주시,33.48099425,126.3808931,32,8,13,60mbps
재클린디저트모슬포점,카페,제주특별자치도,서귀포시,33.21814442,126.252003,42,21,35,100mbps
스테이굿무드,카페,제주특별자치도,제주시,33.50641574,126.5135398,37,7,17,104mbps
잔디공장,카페,제주특별자치도,서귀포시,33.37742877,126.8732877,13,3,0,55mbps
보롬왓,카페,제주특별자치도,서귀포시,33.41349167,126.7524915,12,3,0,91mbps
업소명없음,카페,제주특별자치도,제주시,33.51307816,126.5227265,31,10,11,84mbps
이매커피,카페,제주특별자치도,서귀포시,33.25462892,126.508061,19,4,15,142mbps
허커피로스터스,카페,제주특별자치도,제주시,33.483453,126.4740089,13,3,2,119mbps
어보브앤비욘드,카페,제주특별자치도,제주시,33.46180772,126.3107025,26,6,26,73mbps
카페귤한가,카페,제주특별자치도,제주시,33.38827821,126.2627905,28,14,20,137mbps
빌레못,카페,제주특별자치도,제주시,33.44237393,126.3246109,34,8,22,92mbps
빽다방신,카페,제주특별자치도,서귀포시,33.25471777,126.5077278,13,2,4,143mbps
앙데팡당,카페,제주특별자치도,제주시,33.47362452,126.3536629,29,7,11,98mbps
에스피피,카페,제주특별자치도,서귀포시,33.43524459,126.9219715,50,16,30,87mbps
동백정원,카페,제주특별자치도,서귀포시,33.24963604,126.4463661,18,3,10,119mbps
딕시,카페,제주특별자치도,서귀포시,33.25493151,126.5702476,27,9,23,121mbps
까사돌,카페,제주특별자치도,제주시,33.51184694,126.5237557,38,7,22,114mbps
컴포즈커피제주삼화점,카페,제주특별자치도,제주시,33.51443308,126.5754377,16,8,5,145mbps
소,카페,제주특별자치도,제주시,33.49354261,126.9596576,27,5,14,106mbps
여러분,카페,제주특별자치도,제주시,33.4173038,126.2648891,14,3,6,79mbps
파이굽는돌담집,카페,제주특별자치도,제주시,33.47225782,126.5404323,30,15,13,68mbps
맘앤맘스,카페,제주특별자치도,제주시,33.41133792,126.2622948,37,12,22,63mbps
커피를부탁해,카페,제주특별자치도,제주시,33.54111035,126.6698493,24,6,18,136mbps
뷰스트,카페,제주특별자치도,서귀포시,33.22777498,126.303479,16,5,11,138mbps
모레기동타잔,카페,제주특별자치도,서귀포시,33.29165501,126.5917112,33,16,25,52mbps
서귀피안,카페,제주특별자치도,서귀포시,33.24842503,126.5288379,49,12,34,147mbps
에이바우트,카페,제주특별자치도,제주시,33.45213771,126.5716436,49,9,40,93mbps
다다,카페,제주특별자치도,제주시,33.49334507,126.5425806,14,3,1,59mbps
쿠주제주오름,카페,제주특별자치도,제주시,33.4983606,126.5288551,30,6,30,123mbps
해난디아장,카페,제주특별자치도,제주시,33.55646228,126.8048076,50,25,44,129mbps
카페봄봄성산점,카페,제주특별자치도,서귀포시,33.45145762,126.9115778,15,5,5,50mbps
컴플리트커피,카페,제주특별자치도,제주시,33.48062164,126.4781898,44,8,31,150mbps
차달임,카페,제주특별자치도,제주시,33.47913995,126.454443,14,2,4,99mbps
고려다방,카페,제주특별자치도,서귀포시,33.24911125,126.5662843,42,8,22,117mbps
할리스커피협재해수욕장점,카페,제주특별자치도,제주시,33.39295672,126.2402446,27,9,22,68mbps
제주아모제,카페,제주특별자치도,서귀포시,33.233441,126.5127286,40,20,25,93mbps
줄라이앤어거스트,카페,제주특별자치도,제주시,33.32777294,126.220104,46,15,28,99mbps
게우지코지인갤러리,카페,제주특별자치도,서귀포시,33.24403501,126.6185433,42,14,29,63mbps
에이바우트커피뷰하귀포구점,카페,제주특별자치도,제주시,33.48645693,126.4083884,38,9,35,93mbps
까페뚜이,카페,제주특별자치도,제주시,33.39883423,126.2445359,32,8,16,51mbps
팔공티,카페,제주특별자치도,제주시,33.47871286,126.4874538,34,6,23,55mbps
LA만화,카페,제주특별자치도,서귀포시,33.25229787,126.5571471,38,9,36,144mbps
셀라돈,카페,제주특별자치도,서귀포시,33.24358601,126.5642085,40,20,27,85mbps
해비치불턱,카페,제주특별자치도,서귀포시,33.31249679,126.837268,22,7,5,91mbps
무인카페등대,카페,제주특별자치도,서귀포시,33.27796387,126.7204678,45,11,34,57mbps
카페물썹,카페,제주특별자치도,서귀포시,33.35230955,126.8647401,32,10,26,142mbps
볼수록제주,카페,제주특별자치도,제주시,33.46830679,126.3932253,37,18,30,119mbps
월림공간올드보이,카페,제주특별자치도,제주시,33.34227484,126.2682056,37,9,26,101mbps
더벤티제주삼화점,카페,제주특별자치도,제주시,33.51676671,126.5802915,13,4,5,58mbps
에어그라운드,카페,제주특별자치도,서귀포시,33.2820501,126.7465618,19,3,18,85mbps
조식,카페,제주특별자치도,제주시,33.41053109,126.333189,45,22,41,91mbps
워터라이프,카페,제주특별자치도,서귀포시,33.24962589,126.5152035,10,5,2,87mbps
말랑제주,카페,제주특별자치도,서귀포시,33.25610544,126.5237207,33,16,28,130mbps
바다의별,카페,제주특별자치도,제주시,33.55351926,126.7068663,42,8,34,79mbps
더리터제주;온다제주,카페,제주특별자치도,제주시,33.50820226,126.5326333,30,6,26,138mbps
협동조합꿈꾸는문화놀이터뜻제주지부,카페,제주특별자치도,제주시,33.55595777,126.7939218,45,22,34,132mbps
너와의첫여행,카페,제주특별자치도,제주시,33.45061986,126.3845399,49,12,30,111mbps
남쪽바람,카페,제주특별자치도,서귀포시,33.28714621,126.7261927,46,23,31,57mbps
카페쏘해피,카페,제주특별자치도,제주시,33.50296193,126.5179715,45,11,33,77mbps
써니봉,카페,제주특별자치도,제주시,33.49064345,126.5925768,49,24,47,150mbps
커피볶는집오즈비,카페,제주특별자치도,서귀포시,33.24898537,126.5082214,38,12,31,99mbps
다니쉬,카페,제주특별자치도,제주시,33.54213059,126.6636868,23,11,22,137mbps
토끼썸,카페,제주특별자치도,제주시,33.52193522,126.8985997,42,21,23,88mbps
닻별,카페,제주특별자치도,제주시,33.38923931,126.2324527,33,8,18,81mbps
나무아래,카페,제주특별자치도,서귀포시,33.46757499,126.9352498,19,6,3,83mbps
세븐카페,카페,제주특별자치도,서귀포시,33.20683316,126.2896162,48,16,32,87mbps
해안골프클럽카페,카페,제주특별자치도,제주시,33.46083625,126.456182,50,25,50,141mbps
카페도도다,카페,제주특별자치도,제주시,33.53574508,126.6595666,50,12,30,68mbps
호끌랑,카페,제주특별자치도,서귀포시,33.25627516,126.5574597,33,8,22,59mbps
텐저린,카페,제주특별자치도,서귀포시,33.23628336,126.5087109,23,5,9,121mbps
무무,카페,제주특별자치도,제주시,33.45809469,126.7109849,49,9,41,131mbps
화신다발,카페,제주특별자치도,서귀포시,33.24683954,126.3355936,17,4,11,130mbps
라라라카페,카페,제주특별자치도,제주시,33.49544121,126.5317011,12,3,2,80mbps
제주설심당모슬포점,카페,제주특별자치도,서귀포시,33.22087757,126.2507139,43,14,34,104mbps
경보,카페,제주특별자치도,제주시,33.46982378,126.5144866,23,5,12,144mbps
하도1940,카페,제주특별자치도,제주시,33.52764616,126.8824992,13,2,9,124mbps
맨날맨날모드락,카페,제주특별자치도,서귀포시,33.23489685,126.3656709,48,16,31,128mbps
노기다길직업재활센터,카페,제주특별자치도,제주시,33.47510212,126.5155115,19,4,14,98mbps
고궁,카페,제주특별자치도,제주시,33.50116654,126.529378,38,9,23,70mbps
늘봄커피편의점,카페,제주특별자치도,제주시,33.47947201,126.4728387,18,9,3,115mbps
비아제주,카페,제주특별자치도,제주시,33.49270902,126.4948823,46,15,27,93mbps
더밴티서귀포광진빌점,카페,제주특별자치도,서귀포시,33.26428196,126.555026,49,12,39,50mbps
그루,카페,제주특별자치도,제주시,33.43572946,126.5540024,36,18,23,50mbps
수애기베이커리,카페,제주특별자치도,서귀포시,33.22221759,126.2441911,26,5,15,71mbps
카페봄봄세화점,카페,제주특별자치도,제주시,33.52453193,126.8536218,26,6,16,60mbps
하논무인카페,카페,제주특별자치도,서귀포시,33.24422247,126.5631538,31,15,31,136mbps
디티이커피,카페,제주특별자치도,제주시,33.50450487,126.5372055,43,21,25,79mbps
달달한구,카페,제주특별자치도,서귀포시,33.24257972,126.5626469,48,12,35,149mbps
아일랜드팩토리풍류,카페,제주특별자치도,제주시,33.51051109,126.5233648,45,15,42,149mbps
엔제리너스제주,카페,제주특별자치도,제주시,33.49552552,126.53254,28,5,23,149mbps
카페까르네,카페,제주특별자치도,제주시,33.51590192,126.868178,30,15,27,113mbps
장제현커피,카페,제주특별자치도,서귀포시,33.24986548,126.4080883,41,8,21,138mbps
로비나발리,카페,제주특별자치도,제주시,33.44435216,126.2850729,24,4,11,50mbps
더3스페이스,카페,제주특별자치도,제주시,33.39940803,126.3806661,50,25,33,69mbps
양지다방,카페,제주특별자치도,서귀포시,33.22144179,126.2530798,33,11,21,133mbps
로우하이,카페,제주특별자치도,제주시,33.46335941,126.3390237,43,8,28,127mbps
카페조아,카페,제주특별자치도,제주시,33.48975365,126.5020227,24,4,16,118mbps
오마이살롱,카페,제주특별자치도,서귀포시,33.2565546,126.306717,17,8,1,53mbps
쿠마리카페,카페,제주특별자치도,서귀포시,33.24158792,126.3331226,28,7,12,142mbps
해브어싯,카페,제주특별자치도,서귀포시,33.2577315,126.5245382,36,9,34,137mbps
FunFun도채비휴게소,카페,제주특별자치도,제주시,33.4514304,126.48741,21,10,12,51mbps
토투가,카페,제주특별자치도,제주시,33.44283845,126.2899463,20,5,10,62mbps
카치토,카페,제주특별자치도,제주시,33.47407159,126.4835759,25,12,25,73mbps
투썸플레이스서귀포,카페,제주특별자치도,서귀포시,33.25181638,126.5104805,44,8,28,95mbps
혜안,카페,제주특별자치도,제주시,33.45040123,126.4533216,35,17,30,51mbps
무인카페솔정,카페,제주특별자치도,제주시,33.53360156,126.838739,49,12,37,66mbps
김녕에사는김영훈,카페,제주특별자치도,제주시,33.55426459,126.7463405,32,16,15,99mbps
이반다방,카페,제주특별자치도,서귀포시,33.22075782,126.2532894,31,15,14,144mbps
대정로스터리카페,카페,제주특별자치도,서귀포시,33.24661296,126.2834145,42,8,25,86mbps
오델로,카페,제주특별자치도,서귀포시,33.27917519,126.7178662,28,14,10,130mbps
제주공간,카페,제주특별자치도,제주시,33.485748,126.4837648,43,21,28,99mbps
카페봄봄용담점,카페,제주특별자치도,제주시,33.51258464,126.5094799,25,6,12,86mbps
전농로일공일,카페,제주특별자치도,제주시,33.50450959,126.5241726,26,6,26,71mbps
키친테왁,카페,제주특별자치도,제주시,33.50780145,126.5460777,31,10,22,75mbps
용담마을협동조합,카페,제주특별자치도,제주시,33.51069499,126.5173043,30,6,17,99mbps
오라디오라,카페,제주특별자치도,서귀포시,33.23505012,126.3081635,17,5,1,57mbps
제주아이푸드,카페,제주특별자치도,제주시,33.51173857,126.5260596,47,15,38,150mbps
도린곁,카페,제주특별자치도,제주시,33.47354277,126.5019648,35,17,33,115mbps
칼디의선물,카페,제주특별자치도,제주시,33.50013625,126.5010916,42,8,27,61mbps
등머울카페,카페,제주특별자치도,제주시,33.51479579,126.9677849,48,12,46,141mbps
봉자커피,카페,제주특별자치도,제주시,33.48800243,126.5983027,50,25,40,150mbps
제주삼화백다방,카페,제주특별자치도,제주시,33.51728734,126.5876621,23,11,17,101mbps
망고레이천지연폭포점,카페,제주특별자치도,서귀포시,33.24337171,126.5596815,46,11,36,99mbps
아이엠셀럽커피,카페,제주특별자치도,제주시,33.38909188,126.2261344,38,9,20,71mbps
위드비키,카페,제주특별자치도,제주시,33.49586641,126.4407255,16,8,13,149mbps
띠아모북,카페,제주특별자치도,제주시,33.48883778,126.4766771,16,4,13,132mbps
신제주빠빠라기,카페,제주특별자치도,제주시,33.48801097,126.4902935,44,11,27,97mbps
마노르블랑,카페,제주특별자치도,서귀포시,33.25482964,126.29498,39,9,24,144mbps
비치스브류,카페,제주특별자치도,제주시,33.54393129,126.6728533,44,8,38,128mbps
월정리카페스쿠버스,카페,제주특별자치도,제주시,33.55247475,126.7922071,45,15,43,135mbps
에바,카페,제주특별자치도,제주시,33.49072667,126.4306762,30,10,19,104mbps
코코메아,카페,제주특별자치도,제주시,33.35969502,126.2025431,43,14,38,70mbps
에이바우트커피연북로점,카페,제주특별자치도,제주시,33.48209483,126.4987204,30,6,13,135mbps
베이크띵스베럴,카페,제주특별자치도,제주시,33.49122936,126.5385351,47,15,38,83mbps
아이갓에브리씽,카페,제주특별자치도,제주시,33.48821263,126.4977275,47,23,33,50mbps
에듀테인먼트노크,카페,제주특별자치도,제주시,33.47407337,126.6097924,43,10,37,132mbps
사우다드,카페,제주특별자치도,서귀포시,33.22561012,126.2535593,37,9,32,100mbps
내딸에게,카페,제주특별자치도,제주시,33.46737413,126.5486015,42,8,23,111mbps
더벤티제주용담점,카페,제주특별자치도,제주시,33.51318805,126.507044,20,4,9,137mbps
탄탄면공방제주점,카페,제주특별자치도,제주시,33.4856874,126.5344758,44,22,38,91mbps
해비치바람의집,카페,제주특별자치도,서귀포시,33.31251378,126.8364733,29,7,25,91mbps
바당카페,카페,제주특별자치도,서귀포시,33.23843293,126.4392266,49,12,34,72mbps
민박사봉평막국수교래점,카페,제주특별자치도,제주시,33.43709387,126.6806104,19,3,1,61mbps
이디야커피서귀포,카페,제주특별자치도,서귀포시,33.25569527,126.5747296,21,4,20,97mbps
슬로우,카페,제주특별자치도,서귀포시,33.28274534,126.7177259,14,2,4,99mbps
알베로,카페,제주특별자치도,서귀포시,33.43861251,126.8567344,46,23,35,143mbps
카페앤틱애월,카페,제주특별자치도,제주시,33.48263462,126.4141706,21,5,16,61mbps
에이바우트커피화북,카페,제주특별자치도,제주시,33.51880053,126.5635439,41,13,39,141mbps
저바다에누워,카페,제주특별자치도,제주시,33.36723099,126.2051498,40,13,32,64mbps
파란상자,카페,제주특별자치도,제주시,33.54113441,126.8286689,13,6,4,146mbps
달카라멜,카페,제주특별자치도,제주시,33.54010174,126.6736968,14,4,3,130mbps
커피커넥쳐스,카페,제주특별자치도,제주시,33.48251288,126.4928864,40,13,33,63mbps
먼트커피,카페,제주특별자치도,제주시,33.48485254,126.4723757,45,22,40,79mbps
안녕돌하르방,카페,제주특별자치도,제주시,33.53884234,126.6888068,48,16,33,123mbps
에이에이에이,카페,제주특별자치도,서귀포시,33.27941521,126.3614633,17,5,17,145mbps
투빅커피효돈점,카페,제주특별자치도,서귀포시,33.2607684,126.6124177,39,7,36,84mbps
루브린,카페,제주특별자치도,서귀포시,33.27232206,126.6838414,14,2,10,84mbps
꽃향유,카페,제주특별자치도,제주시,33.45707412,126.3472998,44,11,38,78mbps
청춘다방,카페,제주특별자치도,제주시,33.49116016,126.4975598,42,21,25,112mbps
한나스토리,카페,제주특별자치도,제주시,33.49105648,126.5405374,37,9,32,80mbps
마마뜰,카페,제주특별자치도,서귀포시,33.31019406,126.3335779,22,7,2,80mbps
망고홀릭법환점,카페,제주특별자치도,서귀포시,33.23426348,126.5132391,34,11,14,60mbps
지그라나다,카페,제주특별자치도,제주시,33.4994587,126.4640654,50,12,44,118mbps
볕이드는곳벧디,카페,제주특별자치도,제주시,33.47161851,126.487743,38,9,38,52mbps
에브리씽글데이카페,카페,제주특별자치도,서귀포시,33.25020779,126.2751869,45,15,29,75mbps
빽다방제주삼도일동점,카페,제주특별자치도,제주시,33.50706138,126.5195739,49,12,37,101mbps
메가엠지씨커피제주대점,카페,제주특별자치도,제주시,33.46034269,126.561449,36,9,36,89mbps
랜딩커피,카페,제주특별자치도,서귀포시,33.4355131,126.9189065,26,5,18,81mbps
티나,카페,제주특별자치도,제주시,33.42590395,126.2693003,27,13,27,138mbps
보네르,카페,제주특별자치도,제주시,33.49328706,126.5366733,39,13,33,97mbps
콩툰,카페,제주특별자치도,서귀포시,33.25505419,126.5718352,31,6,11,125mbps
르토아베이스먼트,카페,제주특별자치도,제주시,33.53298654,126.8442737,50,12,38,100mbps
소우주,카페,제주특별자치도,서귀포시,33.32128614,126.8430833,34,17,33,131mbps
공백,카페,제주특별자치도,제주시,33.55269987,126.7150421,25,12,12,85mbps
스타벅스부동산,카페,제주특별자치도,제주시,33.51669033,126.5035583,28,9,12,126mbps
에이바우트커피서귀포,카페,제주특별자치도,서귀포시,33.24946981,126.5144854,38,19,26,122mbps
소은,카페,제주특별자치도,제주시,33.50454323,126.5212021,48,9,48,134mbps
샤론앤이든,카페,제주특별자치도,제주시,33.48365689,126.4774507,35,8,28,119mbps
온월,카페,제주특별자치도,제주시,33.39638366,126.2643344,23,7,15,125mbps
봉성리북까페,카페,제주특별자치도,제주시,33.41531053,126.3119087,39,19,23,60mbps
정클리언스,카페,제주특별자치도,제주시,33.49258396,126.5201273,31,7,22,78mbps
카페킹,카페,제주특별자치도,제주시,33.48837314,126.517708,49,24,33,115mbps
루이,카페,제주특별자치도,제주시,33.47191314,126.5070412,44,22,25,147mbps
모뉴에트,카페,제주특별자치도,제주시,33.49146393,126.9021862,31,15,30,119mbps
카페시오,카페,제주특별자치도,제주시,33.46524549,126.3376648,21,5,14,77mbps
커피마마제주연동점,카페,제주특별자치도,제주시,33.48919322,126.4905771,29,5,26,58mbps
베짱이컴퍼니,카페,제주특별자치도,제주시,33.47207922,126.5408958,40,8,30,142mbps
도스페이스,카페,제주특별자치도,서귀포시,33.29006114,126.3023619,13,3,6,125mbps
사막커피로스터스,카페,제주특별자치도,제주시,33.47074285,126.5403542,15,5,7,105mbps
춘배네코히,카페,제주특별자치도,서귀포시,33.24644534,126.5594193,42,14,36,136mbps
반디왓,카페,제주특별자치도,제주시,33.30590588,126.2623785,22,7,10,100mbps
카페사분의이,카페,제주특별자치도,제주시,33.35100419,126.1845744,37,7,36,75mbps
석화,카페,제주특별자치도,제주시,33.49167447,126.4932312,32,6,24,136mbps
빽다방제주일도,카페,제주특별자치도,제주시,33.51202968,126.5314826,46,9,41,82mbps
리치망고신화월드점,카페,제주특별자치도,서귀포시,33.30497034,126.316352,31,10,30,64mbps
셔링,카페,제주특별자치도,제주시,33.52354161,126.584134,49,24,47,111mbps
이마고,카페,제주특별자치도,서귀포시,33.32504844,126.795251,27,6,24,64mbps
투썸플레이스제주애월하귀점,카페,제주특별자치도,제주시,33.48864895,126.4181543,30,7,14,115mbps
열두달,카페,제주특별자치도,제주시,33.32238346,126.1703214,29,14,17,85mbps
비엔올더타임,카페,제주특별자치도,제주시,33.48424291,126.4817402,26,8,8,100mbps
강철카페,카페,제주특별자치도,서귀포시,33.29182472,126.2842904,49,16,34,90mbps
길카페,카페,제주특별자치도,서귀포시,33.3246869,126.8305865,13,3,0,139mbps
프레질스콘,카페,제주특별자치도,제주시,33.51611613,126.5273274,32,8,28,148mbps
나의왼손,카페,제주특별자치도,서귀포시,33.37206228,126.8551135,10,5,6,91mbps
해빙펀,카페,제주특별자치도,제주시,33.48271691,126.4855151,43,14,24,126mbps
커피를그리다리다커피,카페,제주특별자치도,제주시,33.48310595,126.5385244,12,3,9,101mbps
가호,카페,제주특별자치도,제주시,33.48473873,126.3905715,47,23,39,58mbps
귤낭,카페,제주특별자치도,제주시,33.47490224,126.4731461,42,21,27,148mbps
벌크커피연북로점,카페,제주특별자치도,제주시,33.48142369,126.4845652,45,15,31,54mbps
뮤커피,카페,제주특별자치도,제주시,33.4884207,126.4331015,18,9,18,134mbps
카페인중독제주,카페,제주특별자치도,제주시,33.50481347,126.5258283,12,6,5,74mbps
안녕세화씨,카페,제주특별자치도,제주시,33.52650953,126.8562667,43,10,30,63mbps
바빈스커피모슬포점,카페,제주특별자치도,서귀포시,33.21857685,126.2519456,34,6,25,114mbps
제주담다KBS제주점,카페,제주특별자치도,제주시,33.48908277,126.5193504,27,9,21,134mbps
푸른감람나무,카페,제주특별자치도,제주시,33.48110685,126.5416121,27,9,15,90mbps
정다운다방,카페,제주특별자치도,제주시,33.52312855,126.856283,15,3,3,133mbps
올디벗구디,카페,제주특별자치도,서귀포시,33.2529635,126.4734625,18,4,3,124mbps
바블,카페,제주특별자치도,제주시,33.49877386,126.5308437,19,9,0,134mbps
귤랑,카페,제주특별자치도,제주시,33.48042727,126.4478935,47,9,37,55mbps
쿠키키cookiki,카페,제주특별자치도,제주시,33.48212467,126.4055344,32,10,13,117mbps
서쪽하늘,카페,제주특별자치도,제주시,33.28922228,126.1662018,19,3,2,117mbps
이디야삼도점,카페,제주특별자치도,제주시,33.50458244,126.5196844,20,5,19,57mbps
섬타르공항드림,카페,제주특별자치도,제주시,33.48757297,126.4782019,36,18,33,103mbps
리치망고,카페,제주특별자치도,제주시,33.54248885,126.6694995,23,11,22,69mbps
노닐다,카페,제주특별자치도,제주시,33.49418865,126.9510162,12,4,4,101mbps
에이치비디프로젝트,카페,제주특별자치도,제주시,33.47996698,126.4747508,41,10,25,135mbps
백록다방,카페,제주특별자치도,서귀포시,33.24803222,126.5619759,16,4,3,126mbps
세화카페텐더럽,카페,제주특별자치도,제주시,33.52521289,126.8577113,39,13,35,88mbps
빈센트커피아라점,카페,제주특별자치도,제주시,33.47159039,126.5452554,19,9,14,68mbps
초원길,카페,제주특별자치도,서귀포시,33.27245731,126.3654853,36,12,30,128mbps
디트루키친,카페,제주특별자치도,제주시,33.47659334,126.5401189,37,18,26,64mbps
에오마르,카페,제주특별자치도,제주시,33.52574063,126.586567,15,3,5,73mbps
가치있는생활,카페,제주특별자치도,서귀포시,33.28072702,126.278241,20,10,4,86mbps
카페봄봄,카페,제주특별자치도,제주시,33.53516134,126.6230078,10,2,7,86mbps
오르또,카페,제주특별자치도,서귀포시,33.46896405,126.9207257,29,9,19,96mbps
쉼표,카페,제주특별자치도,제주시,33.3952482,126.2419551,40,8,22,84mbps
하빌리스,카페,제주특별자치도,제주시,33.50457269,126.5171769,15,5,6,115mbps
진다방,카페,제주특별자치도,서귀포시,33.2232458,126.2577308,10,2,3,149mbps
올레시장,카페,제주특별자치도,서귀포시,33.24989404,126.5632436,20,4,3,112mbps
핸즈커피,카페,제주특별자치도,제주시,33.5118947,126.5387591,46,11,39,69mbps
제주커피집심심,카페,제주특별자치도,제주시,33.48063423,126.4768986,43,10,35,71mbps
팔공티,카페,제주특별자치도,제주시,33.52090977,126.5843726,47,15,40,134mbps
놀숲제주외도점,카페,제주특별자치도,제주시,33.48608832,126.4317287,27,13,13,64mbps
우리주택주,카페,제주특별자치도,제주시,33.47294486,126.4858095,28,7,25,97mbps
한라원얌얌카페,카페,제주특별자치도,제주시,33.39413341,126.3734269,16,4,16,103mbps
슬레이트룸커피,카페,제주특별자치도,서귀포시,33.26558539,126.3044991,36,9,27,128mbps
미미끄,카페,제주특별자치도,제주시,33.49046952,126.4276973,16,8,7,133mbps
블러프커피앤그릴,카페,제주특별자치도,제주시,33.46614942,126.5086766,44,14,43,95mbps
가파도로와,카페,제주특별자치도,서귀포시,33.17292393,126.2679544,49,24,32,58mbps
스윗대디,카페,제주특별자치도,제주시,33.49504096,126.547737,49,24,38,100mbps
노기다제주특별자치도의회점,카페,제주특별자치도,제주시,33.49043798,126.4995654,50,25,35,103mbps
헌치카페,카페,제주특별자치도,제주시,33.45496513,126.7709279,16,8,7,93mbps
오르바,카페,제주특별자치도,서귀포시,33.24039161,126.6095677,18,9,13,126mbps
카페비아라테,카페,제주특별자치도,서귀포시,33.28538487,126.3013041,43,8,36,82mbps
카페팔레트,카페,제주특별자치도,제주시,33.5109609,126.4848314,41,8,32,148mbps
마리따,카페,제주특별자치도,제주시,33.44434887,126.284503,50,10,40,109mbps
열린까페,카페,제주특별자치도,서귀포시,33.24270659,126.6175619,47,23,46,149mbps
타임스탬프,카페,제주특별자치도,제주시,33.53481195,126.6237414,17,4,14,93mbps
바람불어좋은날,카페,제주특별자치도,서귀포시,33.23713828,126.2978686,32,6,20,75mbps
카페아로하,카페,제주특별자치도,서귀포시,33.25277757,126.5705264,11,5,4,79mbps
투썸플레이스곽지과물,카페,제주특별자치도,제주시,33.44934371,126.3051224,41,10,34,99mbps
자드부팡,카페,제주특별자치도,제주시,33.51234298,126.710514,33,6,18,139mbps
투빅,카페,제주특별자치도,서귀포시,33.27915213,126.7196268,10,2,2,65mbps
카페투비,카페,제주특별자치도,제주시,33.51285928,126.5267746,50,25,41,110mbps
아이앤지,카페,제주특별자치도,제주시,33.48547713,126.6748917,24,4,19,132mbps
천년의미;영평나인,카페,제주특별자치도,제주시,33.47802161,126.5687513,39,9,21,133mbps
와산댕댕마실카페,카페,제주특별자치도,제주시,33.49889351,126.678565,50,25,34,147mbps
애월더선셋,카페,제주특별자치도,제주시,33.4561356,126.3088759,25,6,16,75mbps
카페인사리,카페,제주특별자치도,제주시,33.53916513,126.8259488,13,4,11,107mbps
미남미녀,카페,제주특별자치도,서귀포시,33.26022639,126.412161,32,10,29,147mbps
올인블룸,카페,제주특별자치도,서귀포시,33.30759478,126.8077156,40,13,33,130mbps
외인다방,카페,제주특별자치도,서귀포시,33.25033312,126.5624688,30,6,13,59mbps
인더오조,카페,제주특별자치도,서귀포시,33.46917113,126.9202737,11,3,9,91mbps
리듬,카페,제주특별자치도,제주시,33.51383306,126.5197625,47,15,34,110mbps
옥분상회,카페,제주특별자치도,서귀포시,33.28023926,126.7179272,25,5,6,130mbps
카페성지,카페,제주특별자치도,제주시,33.50969574,126.5246931,45,15,27,58mbps
앤더스제주,카페,제주특별자치도,서귀포시,33.27152487,126.2020683,48,9,41,113mbps
멍우주,카페,제주특별자치도,서귀포시,33.23264173,126.3672321,32,10,19,108mbps
카페테리아구상나무,카페,제주특별자치도,서귀포시,33.30721623,126.5860121,32,8,22,53mbps
프렌즈스크린앤데미다,카페,제주특별자치도,제주시,33.49499986,126.5513098,39,19,19,77mbps
파인브레드,카페,제주특별자치도,제주시,33.46273872,126.3342309,31,6,26,53mbps
섭지로카페,카페,제주특별자치도,서귀포시,33.44461017,126.9185861,14,3,5,115mbps
메가엠지씨커피제주동문,카페,제주특별자치도,제주시,33.51332616,126.5262662,22,5,22,59mbps
씨오버더썬샤인,카페,제주특별자치도,제주시,33.53677693,126.8400896,30,7,21,130mbps
콜라,카페,제주특별자치도,제주시,33.44331857,126.2919212,32,6,30,72mbps
에이엠11,카페,제주특별자치도,제주시,33.48395429,126.3778594,13,4,11,81mbps
오늘의감정오감,카페,제주특별자치도,제주시,33.52197111,126.861215,40,8,25,143mbps
베니스,카페,제주특별자치도,서귀포시,33.25858534,126.5761537,27,13,22,68mbps
사우스카페,카페,제주특별자치도,서귀포시,33.24538996,126.3259153,24,4,11,122mbps
봄봄삼도점,카페,제주특별자치도,제주시,33.50493543,126.5131068,18,4,17,56mbps
카페하모,카페,제주특별자치도,서귀포시,33.2261065,126.2476549,10,2,6,107mbps
정은카페,카페,제주특별자치도,서귀포시,33.44801632,126.9156898,41,8,36,107mbps
김한미술관,카페,제주특별자치도,제주시,33.40904904,126.2871683,20,5,9,67mbps
카페밀에드,카페,제주특별자치도,제주시,33.5127784,126.5105981,10,2,2,80mbps
카페봄봄효돈점,카페,제주특별자치도,서귀포시,33.26353273,126.6170526,47,15,28,62mbps
그리너리,카페,제주특별자치도,서귀포시,33.26157849,126.3841519,24,6,23,133mbps
보보,카페,제주특별자치도,서귀포시,33.27443235,126.6568167,14,4,12,58mbps
빽다방서귀포하원점,카페,제주특별자치도,서귀포시,33.25365111,126.4613858,45,22,30,119mbps
그레이그로브,카페,제주특별자치도,서귀포시,33.22584299,126.2998148,22,7,6,100mbps
시시소소,카페,제주특별자치도,제주시,33.47210803,126.7828136,32,8,26,118mbps
리틀포레스트,카페,제주특별자치도,서귀포시,33.24480606,126.4592833,37,18,17,119mbps
비양놀,카페,제주특별자치도,제주시,33.42898018,126.2635111,10,3,5,72mbps
차걸신,카페,제주특별자치도,제주시,33.49777789,126.5273625,19,9,2,74mbps
유앤유,카페,제주특별자치도,제주시,33.48514045,126.5304976,37,7,34,68mbps
모래알,카페,제주특별자치도,제주시,33.39452007,126.2408329,16,8,9,70mbps
시인의집,카페,제주특별자치도,제주시,33.53599834,126.6345454,42,8,34,77mbps
우드앤카페,카페,제주특별자치도,제주시,33.34622325,126.1855642,14,3,2,125mbps
봉성프리마,카페,제주특별자치도,제주시,33.41633633,126.3115458,30,15,15,143mbps
베르앤베르,카페,제주특별자치도,제주시,33.49446699,126.6718127,12,4,3,98mbps
서늘다방,카페,제주특별자치도,제주시,33.45900292,126.7023551,12,2,1,107mbps
빽다방서귀포,카페,제주특별자치도,서귀포시,33.25446483,126.5605487,22,4,22,113mbps
전농로의오후,카페,제주특별자치도,제주시,33.50451635,126.5212453,50,16,45,86mbps
채색,카페,제주특별자치도,제주시,33.48939934,126.5361776,24,12,6,65mbps
비자림베리멍,카페,제주특별자치도,제주시,33.49209146,126.8128182,18,3,8,108mbps
길리,카페,제주특별자치도,제주시,33.55668769,126.7936939,13,2,10,83mbps
평대당,카페,제주특별자치도,제주시,33.53566551,126.8381968,29,5,19,105mbps
오카소,카페,제주특별자치도,제주시,33.54201462,126.6641395,26,13,24,97mbps
알14,카페,제주특별자치도,제주시,33.37650278,126.2141889,31,15,29,79mbps
컵독스커피제주,카페,제주특별자치도,제주시,33.49554039,126.526955,39,7,36,53mbps
버터모닝,카페,제주특별자치도,제주시,33.46425634,126.4229536,35,8,27,108mbps
우연못,카페,제주특별자치도,제주시,33.46674939,126.4876211,14,4,5,111mbps
다과상점,카페,제주특별자치도,제주시,33.43823302,126.4031992,26,6,6,61mbps
아하비제주,카페,제주특별자치도,제주시,33.34753371,126.3688945,16,8,13,148mbps
감저,카페,제주특별자치도,서귀포시,33.229725,126.2451779,22,5,21,142mbps
제주돌돌,카페,제주특별자치도,제주시,33.44631668,126.2959406,11,5,3,142mbps
마음에온,카페,제주특별자치도,제주시,33.51457819,126.525958,13,2,5,122mbps
리에또,카페,제주특별자치도,제주시,33.48419361,126.4850544,46,15,29,83mbps
카페몽,카페,제주특별자치도,제주시,33.47406803,126.5522031,42,14,22,76mbps
더제파,카페,제주특별자치도,제주시,33.55456941,126.7939789,26,8,11,115mbps
공차제주삼화점,카페,제주특별자치도,제주시,33.51611093,126.5809943,23,4,20,119mbps
어반르토아,카페,제주특별자치도,제주시,33.49107993,126.5420007,16,3,16,136mbps
카페옜다,카페,제주특별자치도,서귀포시,33.37894217,126.8408197,39,19,27,111mbps
담담,카페,제주특별자치도,제주시,33.33904001,126.2624323,33,11,24,91mbps
지오시까페,카페,제주특별자치도,제주시,33.45160674,126.7048649,37,18,26,83mbps
빈2020,카페,제주특별자치도,제주시,33.32117338,126.1673367,20,10,0,93mbps
드숑,카페,제주특별자치도,서귀포시,33.25705722,126.572244,45,22,37,91mbps
비마이게스트,카페,제주특별자치도,제주시,33.39796549,126.2454893,16,5,3,89mbps
메가엠지커피제주삼화지구점,카페,제주특별자치도,제주시,33.51644451,126.5809927,37,12,28,128mbps
메가커피제주,카페,제주특별자치도,서귀포시,33.25713466,126.5685627,33,16,15,144mbps
테오도라,카페,제주특별자치도,제주시,33.48457831,126.5515572,38,19,29,131mbps
포토힐링쉼터,카페,제주특별자치도,서귀포시,33.27500516,126.3790343,32,16,26,133mbps
우여,카페,제주특별자치도,제주시,33.49982445,126.5368968,21,10,3,56mbps
알라운지,카페,제주특별자치도,제주시,33.49069804,126.4947756,42,21,33,64mbps
어제보다오늘,카페,제주특별자치도,제주시,33.50285386,126.456974,18,4,7,81mbps
커피방아,카페,제주특별자치도,제주시,33.51195265,126.518449,32,8,23,95mbps
카페봄봄제주,카페,제주특별자치도,제주시,33.51916269,126.584973,48,12,37,63mbps
삼양다방,카페,제주특별자치도,제주시,33.52146658,126.5864151,39,7,36,92mbps
라이드원,카페,제주특별자치도,제주시,33.48204341,126.5152577,24,8,19,67mbps
깡,카페,제주특별자치도,서귀포시,33.35335493,126.7719465,13,6,6,60mbps
봉쥬르봉봉,카페,제주특별자치도,제주시,33.39785757,126.2455333,26,13,9,135mbps
드롭탑제주용담해안도로점,카페,제주특별자치도,제주시,33.51994331,126.4964247,42,10,37,84mbps
카페빠네띠에,카페,제주특별자치도,제주시,33.4946562,126.546071,50,16,43,80mbps
아란치오,카페,제주특별자치도,제주시,33.50862125,126.4709185,50,16,37,103mbps
도깨비방망이,카페,제주특별자치도,제주시,33.39849143,126.2519448,12,2,1,141mbps
에이바우트커피,카페,제주특별자치도,제주시,33.51620917,126.5257231,29,7,15,116mbps
산호다방,카페,제주특별자치도,서귀포시,33.24006144,126.5644405,40,8,26,55mbps
촐리케이크,카페,제주특별자치도,제주시,33.4939921,126.5420069,17,5,7,94mbps
산책,카페,제주특별자치도,제주시,33.46690915,126.3368668,10,5,2,60mbps
제주신서란진흥원,카페,제주특별자치도,제주시,33.5221992,126.5764332,43,10,30,118mbps
테,카페,제주특별자치도,서귀포시,33.25179733,126.4377462,38,12,19,69mbps
식물집카페,카페,제주특별자치도,서귀포시,33.2559672,126.522938,24,8,4,109mbps
피플,카페,제주특별자치도,제주시,33.53793692,126.6138014,12,4,2,140mbps
펠릭스,카페,제주특별자치도,서귀포시,33.24421055,126.5597738,19,9,2,78mbps
빽다방베이커리제주사수점,카페,제주특별자치도,제주시,33.50928559,126.4766186,43,21,34,65mbps
리치망고우도검멀레점,카페,제주특별자치도,제주시,33.49775541,126.9675007,25,6,21,89mbps
예향,카페,제주특별자치도,제주시,33.46903608,126.3417883,28,14,19,50mbps
봄봄도두점,카페,제주특별자치도,제주시,33.50342419,126.4658059,25,8,5,95mbps
카페홍리,카페,제주특별자치도,서귀포시,33.26830248,126.5650088,22,7,7,52mbps
파파카페테리아,카페,제주특별자치도,제주시,33.34028315,126.1721389,48,16,41,104mbps
애월7일,카페,제주특별자치도,제주시,33.43811816,126.3312144,17,3,6,87mbps
거문오름,카페,제주특별자치도,제주시,33.47927561,126.7005321,15,3,7,90mbps
중섭의집,카페,제주특별자치도,서귀포시,33.24726644,126.564716,19,9,10,57mbps
요나스,카페,제주특별자치도,제주시,33.34972684,126.185016,38,9,33,128mbps
원더러스트제주,카페,제주특별자치도,제주시,33.47242031,126.5812047,28,7,21,112mbps
지미스베이킹컴퍼니,카페,제주특별자치도,제주시,33.49248766,126.5497194,13,4,3,82mbps
카페679,카페,제주특별자치도,제주시,33.44778969,126.7035012,18,3,7,111mbps
카페더라이트,카페,제주특별자치도,서귀포시,33.46563693,126.9360042,44,14,29,91mbps
요석드림,카페,제주특별자치도,제주시,33.42358701,126.4079873,36,18,29,138mbps
달그리안,카페,제주특별자치도,제주시,33.4977465,126.9679203,22,11,8,137mbps
로이셀세화,카페,제주특별자치도,제주시,33.52394059,126.8568091,44,22,38,130mbps
제주카페스르륵,카페,제주특별자치도,서귀포시,33.23225464,126.4632658,12,6,4,124mbps
토끼네집으로오세요,카페,제주특별자치도,제주시,33.44342991,126.2956413,29,5,16,57mbps
보메와산,카페,제주특별자치도,제주시,33.48449913,126.6801783,37,18,24,94mbps
안트레밀,카페,제주특별자치도,제주시,33.49755849,126.5458407,44,8,42,59mbps
카페512,카페,제주특별자치도,제주시,33.50075355,126.5443173,26,8,15,74mbps
와토커피,카페,제주특별자치도,서귀포시,33.22545668,126.2565428,25,12,25,76mbps
카페준,카페,제주특별자치도,서귀포시,33.24357866,126.5621162,17,8,0,92mbps
카페커피메딕,카페,제주특별자치도,서귀포시,33.23911079,126.4296731,12,4,0,128mbps
커피동굴,카페,제주특별자치도,제주시,33.51460999,126.5391644,43,8,37,120mbps
안녕육지사람,카페,제주특별자치도,제주시,33.51518928,126.9571719,39,19,28,62mbps
외도339오이디오339,카페,제주특별자치도,제주시,33.49373371,126.4317111,11,2,1,60mbps
김박사커피밀,카페,제주특별자치도,제주시,33.49249078,126.4988649,19,6,8,78mbps
오멍가멍쉬멍,카페,제주특별자치도,서귀포시,33.16692758,126.2724747,34,8,26,96mbps
벌크커피한림점,카페,제주특별자치도,제주시,33.40871345,126.2667137,26,13,13,57mbps
하이디펍,카페,제주특별자치도,서귀포시,33.24555644,126.2973507,49,12,42,83mbps
화북대표술집,카페,제주특별자치도,제주시,33.51980934,126.5658315,30,6,25,127mbps
오시록,카페,제주특별자치도,제주시,33.47613722,126.5484807,14,3,10,146mbps
고성리안,카페,제주특별자치도,서귀포시,33.4507833,126.9142674,50,12,42,88mbps
아띠마루커피랩,카페,제주특별자치도,제주시,33.50038486,126.5137349,11,3,7,125mbps
꽃이피다,카페,제주특별자치도,제주시,33.47732942,126.4778545,37,9,29,99mbps
달콤아재,카페,제주특별자치도,제주시,33.51343126,126.9574849,13,2,0,70mbps
소랑아시,카페,제주특별자치도,서귀포시,33.25570307,126.4146702,23,5,19,136mbps
사일리커피,카페,제주특별자치도,서귀포시,33.19995585,126.2758908,42,14,34,113mbps
서귀포시장애인단체연합회모커리,카페,제주특별자치도,서귀포시,33.23977334,126.56456,37,9,30,86mbps
봉카페,카페,제주특별자치도,서귀포시,33.46515771,126.933412,36,18,16,130mbps
옹포다방,카페,제주특별자치도,제주시,33.40302334,126.251433,37,12,37,89mbps
메가엠지씨커피제주남녕점,카페,제주특별자치도,제주시,33.49054303,126.4812615,17,4,6,103mbps
더카페,카페,제주특별자치도,제주시,33.53722995,126.6457263,31,15,16,68mbps
아뜰리에안,카페,제주특별자치도,서귀포시,33.23150297,126.5059912,12,2,2,74mbps
귀농,카페,제주특별자치도,제주시,33.4960298,126.9560191,19,3,5,65mbps
공생,카페,제주특별자치도,제주시,33.50823294,126.5432772,21,5,8,72mbps
숨비아일랜드월정리점,카페,제주특별자치도,제주시,33.55559996,126.795624,31,6,25,80mbps
유동커피,카페,제주특별자치도,서귀포시,33.24443225,126.5638394,47,15,31,91mbps
카페힐,카페,제주특별자치도,서귀포시,33.31150062,126.8339624,45,9,44,71mbps
더오라,카페,제주특별자치도,제주시,33.49704195,126.5096644,14,3,1,129mbps
베트로,카페,제주특별자치도,서귀포시,33.24763936,126.5630724,23,5,13,94mbps
일오구카페,카페,제주특별자치도,서귀포시,33.26473701,126.3043449,33,16,29,88mbps
커넥,카페,제주특별자치도,서귀포시,33.32439771,126.7943074,34,8,14,61mbps
카페쿠이,카페,제주특별자치도,제주시,33.44912565,126.304823,17,8,1,127mbps
카페연이랑,카페,제주특별자치도,제주시,33.45396225,126.7096648,44,8,40,51mbps
더바당카페,카페,제주특별자치도,제주시,33.46713414,126.3367898,49,9,44,102mbps
써니하우스,카페,제주특별자치도,서귀포시,33.23643613,126.3125943,13,2,4,102mbps
오버더윈도우,카페,제주특별자치도,서귀포시,33.24519881,126.5613248,34,17,26,87mbps
청연,카페,제주특별자치도,제주시,33.4856874,126.5344758,23,5,18,148mbps
컴포즈커피하효점,카페,제주특별자치도,서귀포시,33.25688113,126.6178436,41,20,39,76mbps
잇츠오케이크,카페,제주특별자치도,제주시,33.48256253,126.47027,34,6,21,121mbps
커피앤두제주하귀점,카페,제주특별자치도,제주시,33.48421324,126.4086511,47,23,39,108mbps
모래시계,카페,제주특별자치도,제주시,33.51092043,126.5243097,27,13,22,99mbps
파스쿠찌제주제원점,카페,제주특별자치도,제주시,33.48746159,126.4904366,16,8,1,81mbps
커피맛이멜로,카페,제주특별자치도,서귀포시,33.31228548,126.36626,47,23,46,131mbps
이디야제주한림점,카페,제주특별자치도,제주시,33.41824704,126.2643113,42,14,23,101mbps
비브레이브커피로스터즈,카페,제주특별자치도,서귀포시,33.25492099,126.518179,47,23,32,105mbps
나이체,카페,제주특별자치도,제주시,33.47516644,126.5468182,16,5,2,147mbps
마라와플,카페,제주특별자치도,서귀포시,33.11415218,126.2673173,21,7,19,69mbps
설빙제주,카페,제주특별자치도,제주시,33.54161037,126.6680278,25,8,15,137mbps
말로나,카페,제주특별자치도,제주시,33.44581576,126.295052,24,4,23,55mbps
이디야커피,카페,제주특별자치도,서귀포시,33.24833076,126.5091264,36,7,34,74mbps
커피랑카페,카페,제주특별자치도,제주시,33.41378492,126.264435,34,11,16,90mbps
소설다방,카페,제주특별자치도,제주시,33.50107294,126.5284745,44,11,42,129mbps
아델,카페,제주특별자치도,제주시,33.42409815,126.4055216,50,10,48,97mbps
레이지,카페,제주특별자치도,제주시,33.50113552,126.5166364,18,4,6,82mbps
파파스브로트,카페,제주특별자치도,서귀포시,33.28990097,126.4562463,10,2,8,62mbps
카페카약올레,카페,제주특별자치도,제주시,33.56324207,126.7779441,11,3,5,56mbps
메리앤커피,카페,제주특별자치도,제주시,33.504654,126.5409391,40,8,39,51mbps
성산해나,카페,제주특별자치도,서귀포시,33.46251574,126.9329515,47,9,33,129mbps
갤러리카페꽃담,카페,제주특별자치도,제주시,33.47539183,126.3571677,28,9,27,103mbps
망고홀릭제주,카페,제주특별자치도,제주시,33.49071356,126.4919563,26,5,6,87mbps
아뽀밍고,카페,제주특별자치도,서귀포시,33.45994493,126.9307269,21,5,3,71mbps
여기제주,카페,제주특별자치도,서귀포시,33.24848831,126.5634759,20,4,19,75mbps
그림앤카페,카페,제주특별자치도,제주시,33.49174931,126.5916354,50,25,32,79mbps
봄뜨랑,카페,제주특별자치도,서귀포시,33.44996305,126.9145801,29,7,25,110mbps
스윗카페우도,카페,제주특별자치도,제주시,33.49365674,126.9511026,13,4,12,132mbps
제이아일랜드,카페,제주특별자치도,서귀포시,33.37879662,126.879723,15,3,8,107mbps
저장고,카페,제주특별자치도,서귀포시,33.34542284,126.7634805,19,9,17,117mbps
몽그레제주,카페,제주특별자치도,제주시,33.50004846,126.4607688,30,7,26,116mbps
스톤헤이븐,카페,제주특별자치도,제주시,33.48832739,126.4971243,23,7,21,136mbps
테라피쉬,카페,제주특별자치도,제주시,33.46095862,126.5622527,37,9,28,103mbps
예래마을사업협동조합,카페,제주특별자치도,서귀포시,33.24585249,126.3783606,22,11,17,137mbps
제주청소년카페그래,카페,제주특별자치도,제주시,33.30137646,126.1798506,42,8,28,143mbps
제로포인트트레일,카페,제주특별자치도,제주시,33.51474386,126.5292076,43,10,28,108mbps
텀프타운,카페,제주특별자치도,제주시,33.49753066,126.5358974,32,10,23,110mbps
세렝게티,카페,제주특별자치도,서귀포시,33.25088612,126.6210675,10,2,8,147mbps
봄봄,카페,제주특별자치도,제주시,33.4603145,126.5611265,33,8,18,56mbps
도이프,카페,제주특별자치도,제주시,33.49462647,126.5453394,47,11,47,129mbps
정원다방,카페,제주특별자치도,서귀포시,33.24829942,126.566181,48,24,33,145mbps
프래그란스,카페,제주특별자치도,제주시,33.45438966,126.4399379,15,3,1,57mbps
네모의작업실,카페,제주특별자치도,제주시,33.38490895,126.2334687,10,3,2,59mbps
씨오피원두제주총판점,카페,제주특별자치도,제주시,33.49340504,126.4887231,25,5,5,127mbps
이츠커피,카페,제주특별자치도,제주시,33.476904,126.4774589,17,8,3,114mbps
종달리746,카페,제주특별자치도,제주시,33.49187893,126.9025193,32,10,16,115mbps
미소다방,카페,제주특별자치도,서귀포시,33.4505219,126.9143752,13,4,9,150mbps
말리가,카페,제주특별자치도,제주시,33.38714067,126.2490005,45,22,36,55mbps
랩툰,카페,제주특별자치도,제주시,33.49975135,126.529461,48,16,34,148mbps
아르커피,카페,제주특별자치도,제주시,33.52814938,126.5897313,27,5,23,54mbps
더스트롱홀드수,카페,제주특별자치도,제주시,33.48784482,126.4679245,45,9,39,87mbps
카페힐섬2020,카페,제주특별자치도,제주시,33.5395602,126.6409041,15,3,4,64mbps
드몬아이다,카페,제주특별자치도,제주시,33.49402944,126.4554042,18,3,13,143mbps
곶자왈노크,카페,제주특별자치도,제주시,33.47407337,126.6097924,48,12,32,59mbps
커피초아,카페,제주특별자치도,제주시,33.51747563,126.5766607,42,10,23,123mbps
엔일공구,카페,제주특별자치도,제주시,33.55182124,126.7693697,33,11,22,104mbps
카페신상,카페,제주특별자치도,제주시,33.49727491,126.4492285,23,5,10,102mbps
호텔샌드,카페,제주특별자치도,제주시,33.39388676,126.2404729,16,3,0,137mbps
지미네커피,카페,제주특별자치도,제주시,33.48339774,126.493204,49,9,40,80mbps
비엔,카페,제주특별자치도,제주시,33.50496379,126.5643129,12,4,1,148mbps
법인다락,카페,제주특별자치도,제주시,33.46955452,126.3409453,36,9,24,118mbps
제주스,카페,제주특별자치도,제주시,33.51287793,126.526936,38,7,27,83mbps
카페지니,카페,제주특별자치도,서귀포시,33.26486544,126.6406479,33,8,20,56mbps
휠스,카페,제주특별자치도,제주시,33.50246002,126.5050063,44,8,33,59mbps
써니의놀이터,카페,제주특별자치도,서귀포시,33.2392209,126.4400156,49,9,31,87mbps
할렘버거,카페,제주특별자치도,서귀포시,33.29958663,126.7132803,49,12,47,106mbps
설빙신제주,카페,제주특별자치도,제주시,33.48618043,126.4902181,20,6,4,125mbps
빈티지무드,카페,제주특별자치도,제주시,33.50560237,126.9495461,29,7,14,107mbps
카페느슨,카페,제주특별자치도,서귀포시,33.26262686,126.475111,42,21,23,59mbps
카페파스쿠찌,카페,제주특별자치도,제주시,33.50600493,126.5381231,15,7,14,117mbps
귤당리,카페,제주특별자치도,제주시,33.36306188,126.1961625,28,9,15,100mbps
여섯번의보름,카페,제주특별자치도,서귀포시,33.25692448,126.5304557,11,2,9,119mbps
가파리212,카페,제주특별자치도,서귀포시,33.17383784,126.2700482,14,2,2,78mbps
스쿠피케이크,카페,제주특별자치도,제주시,33.50789605,126.5093987,28,5,22,96mbps
홍대더브릿지,카페,제주특별자치도,제주시,33.50011887,126.5288994,20,4,1,85mbps
몬데이,카페,제주특별자치도,제주시,33.48806651,126.4819434,47,9,34,124mbps
선흘2리마을회오름보러가게앤카페,카페,제주특별자치도,제주시,33.4569133,126.7147535,18,3,1,102mbps
고요새,카페,제주특별자치도,제주시,33.52551581,126.5867403,11,3,1,120mbps
윈드스테이,카페,제주특별자치도,제주시,33.49632102,126.4415727,46,23,30,88mbps
라꾸르,카페,제주특별자치도,제주시,33.45854036,126.3518172,11,2,3,87mbps
파스쿠찌,카페,제주특별자치도,제주시,33.51530155,126.526503,44,14,44,98mbps
파파엔도터,카페,제주특별자치도,서귀포시,33.24519747,126.568675,20,4,13,76mbps
비하이브,카페,제주특별자치도,제주시,33.47752909,126.4889885,38,7,28,115mbps
탐나는제주이야기,카페,제주특별자치도,제주시,33.51264766,126.5280243,32,8,20,86mbps
에이바우트커피,카페,제주특별자치도,제주시,33.48941843,126.5956815,43,10,23,63mbps
제주설심당,카페,제주특별자치도,제주시,33.51944206,126.4928971,39,7,24,102mbps
이너프,카페,제주특별자치도,제주시,33.45600617,126.4189641,36,9,21,78mbps
카페동경앤책방,카페,제주특별자치도,제주시,33.48134603,126.4048511,39,9,20,68mbps
에이바우트커피인화점,카페,제주특별자치도,제주시,33.51028304,126.5393488,42,8,29,106mbps
라피아,카페,제주특별자치도,제주시,33.39851154,126.2522886,15,3,6,132mbps
보롬창고,카페,제주특별자치도,제주시,33.49785374,126.9107343,37,7,20,74mbps
제주;길,카페,제주특별자치도,서귀포시,33.24896056,126.5567884,42,10,32,142mbps
투썸플레이스제주대학,카페,제주특별자치도,제주시,33.46911531,126.5464301,38,12,35,90mbps
아트인명도암,카페,제주특별자치도,제주시,33.46805654,126.6116589,22,5,4,148mbps
카페7,카페,제주특별자치도,제주시,33.50892176,126.5111472,46,11,38,113mbps
카페연대,카페,제주특별자치도,제주시,33.49494081,126.4256233,26,8,17,105mbps
끄티탑동,카페,제주특별자치도,제주시,33.5182663,126.5284781,37,18,28,73mbps
동네,카페,제주특별자치도,제주시,33.49240065,126.5383244,34,11,24,144mbps
다락,카페,제주특별자치도,제주시,33.43694032,126.6770192,39,9,29,123mbps
일루올레,카페,제주특별자치도,제주시,33.34449629,126.1834427,29,9,9,76mbps
엠츄로,카페,제주특별자치도,제주시,33.48657063,126.4908292,37,9,22,65mbps
우드스탁,카페,제주특별자치도,제주시,33.5553221,126.7966154,47,9,37,90mbps
리부아르,카페,제주특별자치도,제주시,33.48194855,126.375227,37,18,18,141mbps
오조리카페앤라운지,카페,제주특별자치도,서귀포시,33.45797034,126.9160244,49,16,43,101mbps
렌시아,카페,제주특별자치도,제주시,33.3782892,126.2523435,13,2,6,130mbps
프리튀르,카페,제주특별자치도,서귀포시,33.28696282,126.3291492,46,11,37,102mbps
이성필커피,카페,제주특별자치도,제주시,33.49998474,126.5291907,49,12,44,93mbps
카페베고니아,카페,제주특별자치도,제주시,33.48604223,126.5450508,25,5,8,81mbps
까페더모해,카페,제주특별자치도,서귀포시,33.46177684,126.9337266,12,2,2,69mbps
어반브루잉,카페,제주특별자치도,제주시,33.51281932,126.5210704,19,6,7,76mbps
라녹,카페,제주특별자치도,제주시,33.4672817,126.3174686,36,7,30,139mbps
메가엠지씨커피제주도청점,카페,제주특별자치도,제주시,33.49195267,126.49734,35,8,19,112mbps
하르,카페,제주특별자치도,서귀포시,33.24945034,126.5601446,32,16,20,54mbps
더모아,카페,제주특별자치도,제주시,33.46468205,126.5138161,37,9,36,76mbps
에브리선데이커피제주점,카페,제주특별자치도,서귀포시,33.27032111,126.6736305,29,5,18,115mbps
커피핌,카페,제주특별자치도,제주시,33.48691473,126.4956045,26,5,7,141mbps
설렁설렁,카페,제주특별자치도,제주시,33.48442234,126.5483301,24,6,7,122mbps
순백,카페,제주특별자치도,제주시,33.50145278,126.526417,11,5,11,82mbps
무우수커피로스터스,카페,제주특별자치도,제주시,33.53779469,126.6383598,19,3,9,71mbps
점점,카페,제주특별자치도,제주시,33.53703081,126.6152481,18,6,0,76mbps
941헤르쯔,카페,제주특별자치도,제주시,33.48532963,126.4850585,48,12,32,90mbps
도서관가는길커피숍,카페,제주특별자치도,제주시,33.47615166,126.5141501,33,6,18,93mbps
스콘가게끌림,카페,제주특별자치도,제주시,33.52438454,126.5827736,42,10,31,127mbps
컴포즈커피연동점,카페,제주특별자치도,제주시,33.48113521,126.4911192,44,22,38,97mbps
블랑로쉐,카페,제주특별자치도,서귀포시,33.17415936,126.271064,13,6,6,113mbps
지오,카페,제주특별자치도,제주시,33.49790836,126.5261135,37,18,17,54mbps
솜반내풍경,카페,제주특별자치도,서귀포시,33.25321387,126.5536012,15,3,9,144mbps
사뿐,카페,제주특별자치도,제주시,33.49226878,126.4864808,39,13,23,116mbps
우성다방,카페,제주특별자치도,서귀포시,33.24943201,126.5651881,37,7,23,145mbps
시월의LIBRA,카페,제주특별자치도,제주시,33.51331706,126.5381811,28,5,15,82mbps
슬로리,카페,제주특별자치도,제주시,33.43429038,126.4007744,17,4,1,52mbps
커피마마퀸,카페,제주특별자치도,제주시,33.48442128,126.4706138,15,3,6,75mbps
더벤티해비치리조트점,카페,제주특별자치도,서귀포시,33.32483953,126.8438502,49,12,48,92mbps
카페효주,카페,제주특별자치도,제주시,33.51273485,126.5202098,27,5,26,69mbps
베카신,카페,제주특별자치도,제주시,33.46494508,126.7102091,15,5,13,145mbps
골목다방,카페,제주특별자치도,서귀포시,33.22122675,126.2518051,42,21,30,87mbps
봄봄화북점,카페,제주특별자치도,제주시,33.52393477,126.5673072,31,10,30,65mbps
마더웍스스위밍룸,카페,제주특별자치도,제주시,33.47196712,126.5521493,25,12,22,109mbps
욜로펜션카페,카페,제주특별자치도,제주시,33.51934798,126.8885168,40,13,22,146mbps
차귀놀,카페,제주특별자치도,제주시,33.32226114,126.1668646,44,14,34,88mbps
영재당,카페,제주특별자치도,서귀포시,33.25221068,126.5579846,20,6,20,125mbps
음부리카페,카페,제주특별자치도,제주시,33.3521291,126.2575412,30,7,13,62mbps
블레스가든,카페,제주특별자치도,서귀포시,33.28090432,126.7130516,29,14,13,134mbps
로치아,카페,제주특별자치도,제주시,33.5018589,126.4666119,14,7,5,101mbps
카페오드리,카페,제주특별자치도,제주시,33.35690486,126.2973597,10,5,6,53mbps
별세계,카페,제주특별자치도,제주시,33.40732989,126.2614579,47,9,36,89mbps
미정,카페,제주특별자치도,제주시,33.48939522,126.5399114,17,4,2,93mbps
컴포즈커피제주,카페,제주특별자치도,제주시,33.48872217,126.5383332,14,2,5,86mbps
오늘;당근,카페,제주특별자치도,서귀포시,33.38609318,126.8822709,41,10,21,107mbps
내가좋아하는것들,카페,제주특별자치도,제주시,33.48779141,126.4895201,24,4,6,75mbps
고미커피,카페,제주특별자치도,서귀포시,33.25561996,126.5557675,31,6,18,134mbps
오브제주,카페,제주특별자치도,서귀포시,33.26035447,126.6185153,25,5,17,93mbps
더치앤빈,카페,제주특별자치도,제주시,33.4836602,126.4782361,23,11,9,75mbps
로쿤커피에스프레소바,카페,제주특별자치도,제주시,33.45001095,126.3674542,49,12,46,92mbps
이디야커피연동점,카페,제주특별자치도,제주시,33.48967906,126.4903268,10,2,10,139mbps
산도롱앤드또,카페,제주특별자치도,제주시,33.51315761,126.5246311,19,3,11,102mbps
벙커하우스,카페,제주특별자치도,서귀포시,33.24046292,126.519224,38,12,28,119mbps
세계조가비박물관커피숍,카페,제주특별자치도,서귀포시,33.24743632,126.551624,42,14,29,133mbps
피프스페이스,카페,제주특별자치도,제주시,33.5113659,126.5113595,42,8,27,112mbps
에스알디서귀포지점,카페,제주특별자치도,서귀포시,33.24684649,126.5606727,43,10,31,121mbps
자키커피,카페,제주특별자치도,제주시,33.51204268,126.5254229,44,22,32,85mbps
하도록,카페,제주특별자치도,제주시,33.51866713,126.8834694,11,2,5,145mbps
스페이스플로스,카페,제주특별자치도,제주시,33.48365818,126.4132707,48,12,31,113mbps
제주감성,카페,제주특별자치도,제주시,33.49678697,126.451018,19,4,2,87mbps
신비의사랑,카페,제주특별자치도,제주시,33.44863031,126.4861681,10,5,5,77mbps
애플망고1947,카페,제주특별자치도,서귀포시,33.26623328,126.2575069,39,9,24,138mbps
에피소드,카페,제주특별자치도,제주시,33.30577625,126.1880879,13,2,3,77mbps
스테이잔다,카페,제주특별자치도,제주시,33.46415978,126.3137604,37,9,31,134mbps
에이에이에이,카페,제주특별자치도,서귀포시,33.27941521,126.3614633,46,11,32,52mbps
커피비원,카페,제주특별자치도,제주시,33.48353653,126.48749,15,3,11,94mbps
티유인,카페,제주특별자치도,제주시,33.52282781,126.5863656,36,12,28,129mbps
소심한물고기,카페,제주특별자치도,제주시,33.55627613,126.8068433,43,21,36,106mbps
그해여름,카페,제주특별자치도,제주시,33.33700033,126.2279702,42,21,33,73mbps
하늘샐리,카페,제주특별자치도,제주시,33.4946562,126.546071,32,16,29,119mbps
유동커피팩토리,카페,제주특별자치도,서귀포시,33.25527385,126.5598579,12,4,4,56mbps
하올람커피,카페,제주특별자치도,서귀포시,33.24734991,126.5653809,19,3,14,78mbps
메가엠지씨커피서귀포여중점,카페,제주특별자치도,서귀포시,33.25551781,126.5449721,17,8,6,80mbps
스타다방,카페,제주특별자치도,서귀포시,33.22239305,126.2553459,33,8,17,121mbps
제이팩토리,카페,제주특별자치도,서귀포시,33.28801363,126.5893341,21,10,9,143mbps
수애기베이커리카페,카페,제주특별자치도,서귀포시,33.22221759,126.2441911,31,7,15,107mbps
바이러닉에스프레소바,카페,제주특별자치도,제주시,33.49767789,126.4445772,46,15,38,110mbps
오우야에스프레소,카페,제주특별자치도,서귀포시,33.22101346,126.25082,45,11,36,131mbps
청자다방서귀포,카페,제주특별자치도,서귀포시,33.25305532,126.5068572,15,5,7,125mbps
솔트스톤,카페,제주특별자치도,제주시,33.52151817,126.5803116,43,14,23,94mbps
블리스풀,카페,제주특별자치도,제주시,33.40519132,126.4073381,40,8,23,82mbps
샐러드샌드위치달리는커피제주삼화점,카페,제주특별자치도,제주시,33.51702523,126.5820878,10,5,5,65mbps
클로피,카페,제주특별자치도,서귀포시,33.23680829,126.5138043,47,23,27,73mbps
조이아지,카페,제주특별자치도,제주시,33.53843405,126.670387,43,21,31,146mbps
다올그집,카페,제주특별자치도,제주시,33.50473346,126.9418516,28,14,12,143mbps
뜻밖의발견,카페,제주특별자치도,서귀포시,33.25986523,126.5098024,30,15,14,51mbps
드럼카페,카페,제주특별자치도,제주시,33.50138244,126.6857985,29,7,17,57mbps
미닝,카페,제주특별자치도,제주시,33.44064777,126.2774895,16,8,2,138mbps
오알,카페,제주특별자치도,서귀포시,33.24458763,126.5345669,36,9,27,89mbps
에끄랑,카페,제주특별자치도,제주시,33.49270967,126.5438645,15,7,4,71mbps
솔트스톤시티점,카페,제주특별자치도,제주시,33.49791948,126.5290297,38,9,36,90mbps
난달,카페,제주특별자치도,제주시,33.46709096,126.3204928,33,11,28,77mbps
구좌상회,카페,제주특별자치도,제주시,33.48568198,126.6988745,27,9,13,96mbps
베큠,카페,제주특별자치도,서귀포시,33.2450097,126.5613901,18,9,9,91mbps
카페구할구제주,카페,제주특별자치도,제주시,33.55456229,126.7951204,50,10,46,75mbps
이반다방,카페,제주특별자치도,서귀포시,33.22075782,126.2532894,48,9,42,123mbps
하루엔샐러드,카페,제주특별자치도,서귀포시,33.44207728,126.9195671,10,2,8,73mbps
라바르,카페,제주특별자치도,서귀포시,33.24584058,126.561783,49,24,45,86mbps
구터미널,카페,제주특별자치도,서귀포시,33.25169562,126.5602085,20,10,2,115mbps
크럼블,카페,제주특별자치도,제주시,33.47012356,126.5484796,42,21,39,144mbps
메가엠지씨커피제주표선점,카페,제주특별자치도,서귀포시,33.32624113,126.8331182,39,19,28,91mbps
카페인중독제주,카페,제주특별자치도,제주시,33.49069623,126.5382151,12,6,1,149mbps
까페소바니,카페,제주특별자치도,제주시,33.48244574,126.4703676,25,6,19,97mbps
카페토스피아동홍지점,카페,제주특별자치도,서귀포시,33.25716673,126.5700113,20,4,6,61mbps
카페초가헌,카페,제주특별자치도,서귀포시,33.3903267,126.8012675,49,24,44,57mbps
레이지데이,카페,제주특별자치도,제주시,33.55788471,126.7924419,21,5,2,135mbps
날쌘카페제주,카페,제주특별자치도,제주시,33.48806971,126.4805553,14,2,2,90mbps
리코마망,카페,제주특별자치도,제주시,33.48301998,126.4697185,14,2,10,51mbps
바이러닉에스프레소제주,카페,제주특별자치도,제주시,33.49767789,126.4445772,16,3,3,50mbps
그러므로,카페,제주특별자치도,제주시,33.48715082,126.5352319,41,8,41,129mbps
에이바우트커피,카페,제주특별자치도,제주시,33.53925103,126.6369111,26,6,13,121mbps
메가엠지씨커피신제주점,카페,제주특별자치도,제주시,33.48604316,126.489724,10,2,4,78mbps
일이이오브라우니바,카페,제주특별자치도,서귀포시,33.25165273,126.4277889,26,13,9,84mbps
썬데이지,카페,제주특별자치도,서귀포시,33.2754317,126.7092911,40,8,37,77mbps
찻집지안,카페,제주특별자치도,제주시,33.44078953,126.4023644,49,9,46,140mbps
애월스톤,카페,제주특별자치도,제주시,33.42420942,126.3384604,14,7,1,93mbps
롤링브루잉,카페,제주특별자치도,제주시,33.51310259,126.5291089,32,10,16,141mbps
아일랜드플라워,카페,제주특별자치도,서귀포시,33.42432256,126.8496398,26,13,9,73mbps
플로렌스,카페,제주특별자치도,제주시,33.96337243,126.2959179,12,2,0,109mbps
메가엠지씨커피제주한라대점,카페,제주특별자치도,제주시,33.4761619,126.4789373,31,7,24,123mbps
세화농부,카페,제주특별자치도,제주시,33.52611154,126.8551693,24,12,9,120mbps
피앗카페,카페,제주특별자치도,제주시,33.50496883,126.5407438,14,4,12,120mbps
프레젠트,카페,제주특별자치도,제주시,33.49824319,126.5217425,10,2,5,109mbps
제주팜카페,카페,제주특별자치도,서귀포시,33.23380908,126.3103619,26,13,21,148mbps
섭지로카페,카페,제주특별자치도,서귀포시,33.44461017,126.9185861,33,8,13,51mbps
은,카페,제주특별자치도,제주시,33.49143275,126.4762957,37,9,36,89mbps
에코타운,카페,제주특별자치도,서귀포시,33.21316391,126.2820032,17,8,1,149mbps
예쁘다애월,카페,제주특별자치도,제주시,33.47457492,126.3754951,12,3,8,143mbps
미깡,카페,제주특별자치도,서귀포시,33.27917676,126.6202368,11,5,7,144mbps
도리관광농원,카페,제주특별자치도,제주시,33.43394458,126.6726644,45,15,40,69mbps
넙빌레카페,카페,제주특별자치도,서귀포시,33.26939652,126.6486685,46,23,30,146mbps
백금당제주점,카페,제주특별자치도,제주시,33.49065348,126.5437139,48,9,32,138mbps
테라스8.9,카페,제주특별자치도,서귀포시,33.23764953,126.362679,45,22,41,125mbps
장호,카페,제주특별자치도,제주시,33.49967325,126.518517,45,22,40,77mbps
라라스토리,카페,제주특별자치도,제주시,33.45440226,126.4427343,21,7,6,88mbps
칼라,카페,제주특별자치도,제주시,33.51561842,126.5766805,10,3,3,138mbps
꼭지,카페,제주특별자치도,제주시,33.52254178,126.8556597,17,4,4,115mbps
구하나구칠,카페,제주특별자치도,서귀포시,33.26349905,126.6149063,43,8,24,76mbps
길용당,카페,제주특별자치도,제주시,33.48956189,126.4947391,31,6,21,100mbps
여유로이,카페,제주특별자치도,제주시,33.50845611,126.5426734,45,22,34,65mbps
삐끄니끄,카페,제주특별자치도,제주시,33.48495652,126.4973912,24,4,12,139mbps
곤을커피,카페,제주특별자치도,제주시,33.52236507,126.5593709,10,5,8,55mbps
제주에인감귤밭,카페,제주특별자치도,서귀포시,33.25655978,126.5390107,32,10,32,148mbps
커피먹는고냉이,카페,제주특별자치도,서귀포시,33.43672252,126.920841,27,13,8,60mbps
모리노코에,카페,제주특별자치도,제주시,33.48707543,126.5343608,42,8,30,81mbps
코데인커피로스터스,카페,제주특별자치도,서귀포시,33.23508262,126.2962757,14,4,12,104mbps
디엔에스,카페,제주특별자치도,제주시,33.46394038,126.3132135,29,5,25,123mbps
메가엠지씨커피제주무지개,카페,제주특별자치도,제주시,33.50875091,126.4717249,46,15,38,67mbps
봄봄516점,카페,제주특별자치도,서귀포시,33.27108701,126.5856889,46,23,37,131mbps
구면카페,카페,제주특별자치도,서귀포시,33.35155002,126.7662035,19,3,13,118mbps
돌셋,카페,제주특별자치도,서귀포시,33.21199468,126.291945,12,3,3,59mbps
해안,카페,제주특별자치도,제주시,33.32226114,126.1668646,26,8,20,78mbps
바띠,카페,제주특별자치도,서귀포시,33.305056,126.7677235,15,7,8,96mbps
카페소낭,카페,제주특별자치도,서귀포시,33.25428156,126.4191653,47,11,41,123mbps
아카페라,카페,제주특별자치도,제주시,33.45723319,126.5642936,48,9,47,143mbps
에이바우트커피,카페,제주특별자치도,제주시,33.51620917,126.5257231,42,21,39,56mbps
가마우지,카페,제주특별자치도,제주시,33.51721563,126.5319605,13,4,4,121mbps
카페디크레,카페,제주특별자치도,제주시,33.46767515,126.5046555,21,4,19,99mbps
브라더와이투케이,카페,제주특별자치도,서귀포시,33.46852742,126.9292462,17,4,2,149mbps
이립,카페,제주특별자치도,제주시,33.31488876,126.24932,23,11,6,97mbps
무한의서커피로스터스,카페,제주특별자치도,제주시,33.40461434,126.2551279,44,14,44,55mbps
나무,카페,제주특별자치도,서귀포시,33.26414762,126.2555069,34,8,20,97mbps
차차커피코제주연동점,카페,제주특별자치도,제주시,33.48614514,126.488217,50,12,34,102mbps
수르,카페,제주특별자치도,서귀포시,33.27662892,126.1924474,48,9,42,57mbps
투빅커피태흥점,카페,제주특별자치도,서귀포시,33.29390244,126.758069,13,4,8,119mbps
스타벅스,카페,제주특별자치도,제주시,33.54248649,126.6686166,29,7,28,88mbps
빽다방제주일도인제점,카페,제주특별자치도,제주시,33.50540238,126.5409567,31,6,27,67mbps
스타벅스,카페,제주특별자치도,제주시,33.51240211,126.4845107,18,4,11,111mbps
카페코지,카페,제주특별자치도,서귀포시,33.46822991,126.9292787,11,5,2,110mbps
스타벅스,카페,제주특별자치도,제주시,33.39387629,126.2402366,30,7,18,55mbps
커피쿡서귀포,카페,제주특별자치도,서귀포시,33.2590488,126.5693367,29,5,29,124mbps
더커브,카페,제주특별자치도,제주시,33.46250304,126.31742,33,8,26,85mbps
코스튼커피,카페,제주특별자치도,제주시,33.49842994,126.528123,26,8,13,60mbps
비올리브,카페,제주특별자치도,서귀포시,33.25247012,126.4271182,33,11,29,126mbps
노리롱,카페,제주특별자치도,제주시,33.47711318,126.5202772,33,11,21,112mbps
스타벅스,카페,제주특별자치도,제주시,33.50048187,126.5295216,18,9,4,71mbps
스타벅스,카페,제주특별자치도,제주시,33.48496773,126.480434,44,8,39,80mbps
스타벅스,카페,제주특별자치도,서귀포시,33.44970564,126.9207002,50,16,46,130mbps
카페콜코리,카페,제주특별자치도,서귀포시,33.26342821,126.6211958,16,5,4,107mbps
산정오늘베를린,카페,제주특별자치도,제주시,33.49644344,126.7010864,46,9,40,132mbps
우미,카페,제주특별자치도,서귀포시,33.29142588,126.6761607,44,11,37,95mbps
컴포즈커피제주공항렌트카점,카페,제주특별자치도,제주시,33.5015021,126.4889123,17,8,0,140mbps
테스그릭,카페,제주특별자치도,제주시,33.48009866,126.4739108,26,5,15,66mbps
위즈,카페,제주특별자치도,제주시,33.48751466,126.4321283,22,11,9,138mbps
오소록제주,카페,제주특별자치도,제주시,33.49824319,126.5217425,27,5,21,68mbps
올댓커피제주,카페,제주특별자치도,제주시,33.46276006,126.3101034,34,17,29,103mbps
화용다방,카페,제주특별자치도,서귀포시,33.2486491,126.5630459,16,3,12,142mbps
선갤러리카페,카페,제주특별자치도,제주시,33.4750134,126.5135755,48,16,37,79mbps
할리스제주도두해안,카페,제주특별자치도,제주시,33.50902652,126.4729286,36,9,27,97mbps
호미,카페,제주특별자치도,제주시,33.5333089,126.6186988,37,18,24,74mbps
그까페,카페,제주특별자치도,제주시,33.51285701,126.52149,24,8,15,121mbps
무제,카페,제주특별자치도,서귀포시,33.28285059,126.7327115,44,8,28,146mbps
피서지다방,카페,제주특별자치도,서귀포시,33.25069557,126.5629821,38,9,23,72mbps
우림,카페,제주특별자치도,제주시,33.49703077,126.5420878,19,9,14,102mbps
커피공장,카페,제주특별자치도,제주시,33.44398211,126.2960347,29,5,26,78mbps
연수로13,카페,제주특별자치도,제주시,33.5034933,126.5464769,43,8,25,149mbps
비원당구카페,카페,제주특별자치도,제주시,33.48791007,126.4768979,46,15,45,99mbps
투빅커피한경조수점,카페,제주특별자치도,제주시,33.33652946,126.2334631,47,11,35,64mbps
담담히,카페,제주특별자치도,제주시,33.49239638,126.5136397,27,6,10,84mbps
은가비카페,카페,제주특별자치도,제주시,33.41680878,126.3105745,16,5,5,129mbps
차귀도노을족욕카페,카페,제주특별자치도,제주시,33.30953508,126.1661803,13,3,12,53mbps
로그릭,카페,제주특별자치도,서귀포시,33.25188834,126.4241388,17,8,4,127mbps
더벤티서홍점,카페,제주특별자치도,서귀포시,33.25647318,126.5573621,27,9,24,101mbps
놀멍쉬멍톨카페,카페,제주특별자치도,서귀포시,33.25054691,126.5155525,35,7,24,141mbps
플레이커피랩,카페,제주특별자치도,서귀포시,33.25059969,126.5588082,41,8,26,107mbps
카페덕자,카페,제주특별자치도,제주시,33.51980282,126.5822897,28,9,14,81mbps
호랑호랑,카페,제주특별자치도,서귀포시,33.45003076,126.9215388,19,9,7,98mbps
동네커피,카페,제주특별자치도,서귀포시,33.26093267,126.5588958,14,7,4,72mbps
별,카페,제주특별자치도,제주시,33.50380007,126.5202053,22,11,20,134mbps
과일로,카페,제주특별자치도,서귀포시,33.3076399,126.780527,50,16,33,69mbps
커피한라,카페,제주특별자치도,제주시,33.476904,126.4774589,42,21,32,119mbps
까페색동,카페,제주특별자치도,서귀포시,33.32197625,126.7912523,10,2,7,81mbps
테라도스,카페,제주특별자치도,제주시,33.45274763,126.3423954,24,12,22,142mbps
메가엠지씨커피협재해수욕장점,카페,제주특별자치도,제주시,33.39315559,126.2403288,18,6,14,144mbps
코메트커피,카페,제주특별자치도,제주시,33.48909493,126.4133093,38,12,38,61mbps
스푸레무따,카페,제주특별자치도,제주시,33.46730508,126.4846487,34,8,15,95mbps
무상찻집,카페,제주특별자치도,제주시,33.50099149,126.514388,16,3,12,90mbps
봄봄제주,카페,제주특별자치도,제주시,33.51411532,126.5370682,40,13,28,71mbps
봉봉이,카페,제주특별자치도,제주시,33.51721048,126.5402162,15,3,2,143mbps
브라보커피웍스,카페,제주특별자치도,제주시,33.5215561,126.8609789,39,19,21,54mbps
스타벅스,카페,제주특별자치도,서귀포시,33.25506849,126.4158549,27,6,15,105mbps
스타벅스,카페,제주특별자치도,제주시,33.4726973,126.3487641,43,8,37,63mbps
바람의노래,카페,제주특별자치도,제주시,33.340586,126.270787,42,10,25,57mbps
느랑,카페,제주특별자치도,제주시,33.50782248,126.6797804,13,4,6,72mbps
너는나의봄,카페,제주특별자치도,서귀포시,33.17461517,126.271918,30,15,28,91mbps
아우아우,카페,제주특별자치도,제주시,33.4882106,126.693206,34,6,26,114mbps
스타벅스,카페,제주특별자치도,제주시,33.51334929,126.5252436,50,12,38,71mbps
새록,카페,제주특별자치도,제주시,33.47383649,126.5505045,50,25,47,89mbps
섬,카페,제주특별자치도,제주시,33.40533367,126.2282586,22,11,18,134mbps
청자다방천지점,카페,제주특별자치도,서귀포시,33.24941618,126.5581381,30,7,21,142mbps
스타벅스,카페,제주특별자치도,서귀포시,33.29182472,126.2842904,47,15,28,119mbps
할리스,카페,제주특별자치도,제주시,33.49381812,126.5340341,27,6,16,90mbps
미레이나,카페,제주특별자치도,제주시,33.35240639,126.1825523,37,9,30,52mbps
스타벅스,카페,제주특별자치도,제주시,33.48032623,126.5234872,50,12,32,59mbps
스타벅스,카페,제주특별자치도,서귀포시,33.46286872,126.9355007,20,10,20,124mbps
스타벅스,카페,제주특별자치도,서귀포시,33.30497034,126.316352,39,13,29,60mbps
파티세리쥬레,카페,제주특별자치도,제주시,33.47891477,126.4669247,27,9,24,70mbps
스타벅스,카페,제주특별자치도,제주시,33.50729521,126.5408176,25,5,24,93mbps
스타벅스,카페,제주특별자치도,서귀포시,33.20677207,126.2899707,16,5,1,132mbps
스타벅스,카페,제주특별자치도,제주시,33.51669033,126.5035583,31,10,26,126mbps
멜로우베이킹카페,카페,제주특별자치도,제주시,33.53394135,126.6761745,49,12,31,54mbps
디스트로,카페,제주특별자치도,제주시,33.47019377,126.5430358,34,11,21,105mbps
스타벅스,카페,제주특별자치도,서귀포시,33.24952039,126.5067161,28,9,13,76mbps
스타벅스,카페,제주특별자치도,제주시,33.48782272,126.4818588,13,6,1,82mbps
유리한커피,카페,제주특별자치도,제주시,33.48998578,126.5387031,26,13,18,133mbps
이오스,카페,제주특별자치도,서귀포시,33.34905457,126.8281866,38,19,23,93mbps
무제,카페,제주특별자치도,제주시,33.51208951,126.5282426,31,6,25,120mbps
스타벅스,카페,제주특별자치도,서귀포시,33.25122161,126.412672,42,14,37,89mbps
원주다방,카페,제주특별자치도,서귀포시,33.24953686,126.5642326,35,7,17,101mbps
메가엠지씨커피제주외도점,카페,제주특별자치도,제주시,33.48853573,126.4306582,16,5,14,66mbps
카페멜록,카페,제주특별자치도,제주시,33.46736074,126.3387029,25,12,20,126mbps
온당,카페,제주특별자치도,제주시,33.55434002,126.7479555,12,2,9,91mbps
소길언제나,카페,제주특별자치도,제주시,33.44121877,126.3796164,12,2,3,86mbps
솔트스톤시티,카페,제주특별자치도,제주시,33.49782953,126.529084,19,6,1,53mbps
스타벅스,카페,제주특별자치도,제주시,33.51173631,126.5804342,19,4,12,130mbps
차롱가게,카페,제주특별자치도,서귀포시,33.29194292,126.5278956,33,8,30,65mbps
안녕소깍,카페,제주특별자치도,서귀포시,33.2586603,126.6247364,41,10,23,93mbps
고산의낮고산의밤,카페,제주특별자치도,제주시,33.30339528,126.1797351,44,22,25,64mbps
해가커피,카페,제주특별자치도,서귀포시,33.25035467,126.3236667,19,4,5,106mbps
송악산농장카페,카페,제주특별자치도,서귀포시,33.208177,126.2896912,11,3,6,80mbps
테이크타임커피로스터스,카페,제주특별자치도,제주시,33.34464271,126.1769423,12,3,5,128mbps
담다제주,카페,제주특별자치도,서귀포시,33.36044863,126.7659863,32,10,27,62mbps
코데인커피앙투라지,카페,제주특별자치도,서귀포시,33.24850319,126.5071296,49,16,33,112mbps
하양한,카페,제주특별자치도,제주시,33.54274147,126.6628769,20,6,3,110mbps
오아시스인제주,카페,제주특별자치도,제주시,33.51379472,126.5479085,13,2,10,59mbps
커피91로,카페,제주특별자치도,제주시,33.5058148,126.5354981,28,7,10,74mbps
수북,카페,제주특별자치도,제주시,33.50300264,126.5285502,11,2,5,64mbps
온듯,카페,제주특별자치도,제주시,33.5174902,126.4984517,13,6,9,115mbps
킁킁,카페,제주특별자치도,제주시,33.46614942,126.5086766,36,12,19,141mbps
빽다방제주이도초교점,카페,제주특별자치도,제주시,33.4890576,126.5340058,40,8,31,113mbps
컴포즈커피제주이호테우점,카페,제주특별자치도,제주시,33.49689115,126.4521472,49,12,34,79mbps
해온제과,카페,제주특별자치도,제주시,33.53606655,126.6332209,11,3,6,97mbps
2투1카페,카페,제주특별자치도,제주시,33.48906994,126.4934938,29,7,24,135mbps
그린루스카,카페,제주특별자치도,제주시,33.50534039,126.5152139,17,8,13,112mbps
달타냥,카페,제주특별자치도,서귀포시,33.26667247,126.6206666,46,11,44,53mbps
업소명없음,카페,제주특별자치도,서귀포시,33.2375508,126.5169332,41,13,27,72mbps
브라보커피웍스,카페,제주특별자치도,제주시,33.5215561,126.8609789,38,7,21,136mbps
매머드익스프레스서귀포일호,카페,제주특별자치도,서귀포시,33.2519674,126.560572,47,15,34,145mbps
컴포즈커피제주동초교점,카페,제주특별자치도,제주시,33.51337277,126.5338002,38,12,33,119mbps
라스트플라츠커피,카페,제주특별자치도,제주시,33.48970156,126.5374349,32,10,31,64mbps
한수풀마루,카페,제주특별자치도,제주시,33.41588987,126.2636324,40,20,38,83mbps
카페이사벨,카페,제주특별자치도,제주시,33.47884271,126.5536525,14,4,13,87mbps
컴포즈커피제주,카페,제주특별자치도,제주시,33.5421172,126.6653988,45,11,42,114mbps
마리벨하모어촌계직영,카페,제주특별자치도,서귀포시,33.21043258,126.2575172,21,4,20,147mbps
종이시계,카페,제주특별자치도,제주시,33.48533978,126.3917939,50,12,39,105mbps
봄봄,카페,제주특별자치도,제주시,33.48913908,126.4754379,38,19,34,96mbps
우지커피제주,카페,제주특별자치도,제주시,33.49223411,126.5371847,13,6,13,118mbps
커브커피스토어,카페,제주특별자치도,제주시,33.52611549,126.577426,34,8,32,117mbps
달보름,카페,제주특별자치도,제주시,33.53662109,126.8381089,39,9,30,120mbps
금잔듸다방,카페,제주특별자치도,서귀포시,33.25081636,126.5640009,24,8,9,134mbps
부리부리,카페,제주특별자치도,제주시,33.43565914,126.6908209,20,4,16,80mbps
제주트립티,카페,제주특별자치도,제주시,33.46468205,126.5138161,10,3,9,89mbps
동광과자점,카페,제주특별자치도,제주시,33.49948228,126.5346064,45,22,35,140mbps
대성다방,카페,제주특별자치도,서귀포시,33.24840885,126.5665345,29,9,25,62mbps
커피베이제주서귀포기업,카페,제주특별자치도,서귀포시,33.25309058,126.5620365,49,24,41,112mbps
잔물결,카페,제주특별자치도,제주시,33.38805895,126.2296579,25,5,8,113mbps
제주여행자2층,카페,제주특별자치도,제주시,33.41053926,126.262925,42,8,28,138mbps
메가엠지씨커피제주롯데시티점,카페,제주특별자치도,제주시,33.4897347,126.4863344,22,7,12,144mbps
베릴,카페,제주특별자치도,제주시,33.39755969,126.2425155,48,24,30,61mbps
카페젠타일스,카페,제주특별자치도,서귀포시,33.26433223,126.6131854,34,6,24,54mbps
더벤티제주세화점,카페,제주특별자치도,제주시,33.5229848,126.8567246,45,9,28,110mbps
메가엠지씨커피제주버스,카페,제주특별자치도,제주시,33.50033355,126.5144455,36,18,33,95mbps
팔길,카페,제주특별자치도,서귀포시,33.233896,126.383595,45,9,27,79mbps
봄봄모슬포점,카페,제주특별자치도,서귀포시,33.22128259,126.253596,49,16,30,97mbps
달리는커피제주도남,카페,제주특별자치도,제주시,33.49704232,126.5259783,41,8,26,61mbps
시종일관,카페,제주특별자치도,제주시,33.42518546,126.2682418,30,6,26,138mbps
빽다방탐라도서관점,카페,제주특별자치도,제주시,33.48001668,126.4779782,17,8,3,139mbps
해일리,카페,제주특별자치도,서귀포시,33.46907161,126.9351518,43,21,34,56mbps
정원,카페,제주특별자치도,제주시,33.51758558,126.9518211,27,6,22,71mbps
앨리스케이커리제주,카페,제주특별자치도,서귀포시,33.28382611,126.3531332,36,12,21,53mbps
컴포즈커피제주하귀점,카페,제주특별자치도,제주시,33.48673156,126.4149608,47,15,27,112mbps
카페힐스,카페,제주특별자치도,제주시,33.94710328,126.3320735,47,15,36,51mbps
커피베이제주회수점,카페,제주특별자치도,서귀포시,33.26748142,126.446876,21,10,2,89mbps
카페봄봄한림점,카페,제주특별자치도,제주시,33.41441632,126.2644834,40,8,39,135mbps
카페리나,카페,제주특별자치도,제주시,33.30054782,126.1799765,24,8,12,87mbps
덤불,카페,제주특별자치도,제주시,33.4955863,126.4951776,33,8,30,60mbps
투빅커피,카페,제주특별자치도,서귀포시,33.25918685,126.5598383,48,24,43,114mbps
음파,카페,제주특별자치도,제주시,33.51243198,126.5211586,43,21,34,77mbps
엔조이모몰리,카페,제주특별자치도,서귀포시,33.25274909,126.5572629,23,4,5,66mbps
청자다방대흘,카페,제주특별자치도,제주시,33.49578583,126.6528791,34,6,19,113mbps
부커피,카페,제주특별자치도,제주시,33.51890666,126.4920498,41,10,36,116mbps
퍼스트커피랩제주,카페,제주특별자치도,제주시,33.49616148,126.5362276,36,12,25,140mbps
내음커피바,카페,제주특별자치도,제주시,33.51531348,126.5296351,50,10,47,140mbps
평대여카페,카페,제주특별자치도,제주시,33.5336432,126.8430775,47,15,43,86mbps
모어모어,카페,제주특별자치도,제주시,33.52914521,126.8757151,23,4,21,121mbps
다분한의도,카페,제주특별자치도,서귀포시,33.32593472,126.8332262,40,20,23,53mbps
카페153,카페,제주특별자치도,제주시,33.43474851,126.4004272,35,8,25,59mbps
컴포즈커피제주연동,카페,제주특별자치도,제주시,33.48645974,126.4945742,46,15,37,139mbps
제주성산카페바다방책과와인,카페,제주특별자치도,서귀포시,33.37408394,126.8734645,13,4,7,51mbps
이디야제주외도점,카페,제주특별자치도,제주시,33.49019697,126.4311639,37,7,27,88mbps
그릭요것,카페,제주특별자치도,제주시,33.50940424,126.5146208,45,9,32,60mbps
카페제주디어,카페,제주특별자치도,서귀포시,33.24533041,126.5654231,31,6,14,73mbps
만디와산,카페,제주특별자치도,제주시,33.49473083,126.6796134,28,5,16,54mbps
오늘도통통서귀포,카페,제주특별자치도,서귀포시,33.22130301,126.2570071,46,11,40,128mbps
플랩잭스쥬스카페,카페,제주특별자치도,서귀포시,33.28403955,126.2742204,12,4,7,98mbps
올레길카페,카페,제주특별자치도,서귀포시,33.30562659,126.7947917,37,18,17,131mbps
달리는커피,카페,제주특별자치도,서귀포시,33.25308503,126.5029938,22,7,20,100mbps
플레이스우도,카페,제주특별자치도,제주시,33.51453111,126.9571615,42,14,39,51mbps
고도,카페,제주특별자치도,제주시,33.51899972,126.4949663,26,6,21,81mbps
인무드,카페,제주특별자치도,서귀포시,33.30743746,126.3390751,38,12,26,133mbps
에이프,카페,제주특별자치도,제주시,33.49865004,126.5314793,31,6,28,148mbps
설문대,카페,제주특별자치도,제주시,33.41650177,126.2634337,48,16,46,54mbps
메가엠지씨커피제주,카페,제주특별자치도,서귀포시,33.25235498,126.5030623,35,11,22,147mbps
달비치까페,카페,제주특별자치도,제주시,33.55507964,126.7972082,24,12,12,116mbps
카페동백부엉이,카페,제주특별자치도,제주시,33.5148089,126.7086114,21,10,3,130mbps
일일커피,카페,제주특별자치도,제주시,33.50010359,126.527253,12,3,5,86mbps
하이리브,카페,제주특별자치도,제주시,33.50866411,126.5919004,27,13,24,97mbps
찌즈,카페,제주특별자치도,제주시,33.51233454,126.5169616,42,10,25,128mbps
너흐,카페,제주특별자치도,서귀포시,33.27807664,126.2463936,50,25,43,111mbps
시선,카페,제주특별자치도,제주시,33.38469592,126.2267429,34,11,16,109mbps
카페봄봄한경점,카페,제주특별자치도,제주시,33.35312675,126.1851562,32,6,19,65mbps
메가엠지씨커피제주,카페,제주특별자치도,제주시,33.49462085,126.5341159,12,4,11,71mbps
춤추는염소들,카페,제주특별자치도,제주시,33.48312626,126.4929582,12,6,9,88mbps
핀스,카페,제주특별자치도,서귀포시,33.26356099,126.1822219,25,6,24,52mbps
오세요커피,카페,제주특별자치도,서귀포시,33.25732214,126.5073913,12,6,8,69mbps
디저트39제주아라점,카페,제주특별자치도,제주시,33.47387376,126.545889,35,11,15,107mbps
제주곶밭,카페,제주특별자치도,서귀포시,33.26479633,126.378527,15,3,5,70mbps
빽다방제주도청점,카페,제주특별자치도,제주시,33.49199875,126.4975873,15,3,1,141mbps
랍다:즐겁다,카페,제주특별자치도,서귀포시,33.24413149,126.525996,15,3,1,90mbps
봄봄,카페,제주특별자치도,제주시,33.50369401,126.5422141,21,10,1,53mbps
어른아이책방,카페,제주특별자치도,제주시,33.5522316,126.7075491,46,23,40,105mbps
유인원,카페,제주특별자치도,서귀포시,33.28255638,126.2242098,43,8,37,112mbps
그모르메,카페,제주특별자치도,제주시,33.35061535,126.306026,18,4,16,121mbps
그레인,카페,제주특별자치도,제주시,33.49781203,126.6893411,39,9,33,129mbps
네꼬야밀키티신산점,카페,제주특별자치도,서귀포시,33.38099356,126.8766463,27,13,15,107mbps
에이바우트커피연동,카페,제주특별자치도,제주시,33.4785253,126.4900693,24,4,21,109mbps
워터쉐드,카페,제주특별자치도,제주시,33.42390804,126.6754762,24,12,11,96mbps
맛있는커피집,카페,제주특별자치도,서귀포시,33.25776631,126.414356,48,24,48,61mbps
애월항커피사무소,카페,제주특별자치도,제주시,33.46708989,126.3202992,35,17,20,82mbps
선한필름카페,카페,제주특별자치도,제주시,33.49642372,126.671913,40,10,35,104mbps
할리스제주황사평드라이브스루점,카페,제주특별자치도,제주시,33.4971357,126.5560552,23,4,15,113mbps
맨션다미,카페,제주특별자치도,제주시,33.46786165,126.5107539,19,3,9,87mbps
소요유,카페,제주특별자치도,서귀포시,33.25422786,126.562385,40,13,23,79mbps
에버그린,카페,제주특별자치도,제주시,33.52354503,126.6247267,39,7,28,94mbps
컴포즈커피서귀포일호,카페,제주특별자치도,서귀포시,33.2530077,126.5615433,33,11,29,77mbps
너흐,카페,제주특별자치도,제주시,33.46254165,126.4647875,48,24,35,118mbps
폴비앙,카페,제주특별자치도,제주시,33.43356809,126.4214471,35,17,32,50mbps
카페프룻,카페,제주특별자치도,제주시,33.48247637,126.4712066,10,3,5,69mbps
봄봄제주도남,카페,제주특별자치도,제주시,33.49640447,126.528941,11,5,5,150mbps
갤러리시인의공방카페,카페,제주특별자치도,서귀포시,33.26032111,126.5567954,18,4,12,107mbps
차귀도베이커리,카페,제주특별자치도,제주시,33.30796063,126.1639941,23,4,23,121mbps
델마펜션까페,카페,제주특별자치도,제주시,33.49358897,126.4276875,45,9,33,135mbps
트레블러카페와투어,카페,제주특별자치도,제주시,33.47981439,126.5606516,10,3,9,109mbps
세원,카페,제주특별자치도,제주시,33.52401924,126.8546669,49,12,37,112mbps
성지오름,카페,제주특별자치도,제주시,33.5111676,126.5300127,19,6,14,75mbps
카페로제뜨,카페,제주특별자치도,제주시,33.5013263,126.5193257,46,11,40,53mbps
블루웨일,카페,제주특별자치도,서귀포시,33.23714713,126.2336878,37,12,31,65mbps
브런치오,카페,제주특별자치도,제주시,33.47661952,126.3539957,15,7,4,149mbps
포프,카페,제주특별자치도,서귀포시,33.22239505,126.260216,26,8,24,106mbps
히읗커피,카페,제주특별자치도,제주시,33.51650065,126.5789366,47,9,47,86mbps
당동,카페,제주특별자치도,제주시,33.46794585,126.3822122,14,3,6,130mbps
홈스윗홈,카페,제주특별자치도,제주시,33.47950814,126.4814026,31,6,13,139mbps
제제,카페,제주특별자치도,서귀포시,33.25852567,126.6249409,42,10,33,97mbps
어둑,카페,제주특별자치도,제주시,33.39898247,126.2451903,40,8,22,94mbps
퍼르,카페,제주특별자치도,제주시,33.48697456,126.5315207,40,8,27,99mbps
점초도원,카페,제주특별자치도,제주시,33.42967084,126.4346236,29,5,27,136mbps
카페인중독연동점,카페,제주특별자치도,제주시,33.48681753,126.4894827,48,12,41,93mbps
연북로188,카페,제주특별자치도,제주시,33.48139357,126.5014465,25,6,15,55mbps
하이오커피안덕점,카페,제주특별자치도,서귀포시,33.24655149,126.3323123,12,4,4,58mbps
탐앤탐스블랙제주김녕점,카페,제주특별자치도,제주시,33.55543542,126.7370977,30,15,21,132mbps
풀베개,카페,제주특별자치도,서귀포시,33.28551286,126.3032247,36,12,34,78mbps
효돈빵오롯이,카페,제주특별자치도,서귀포시,33.25758755,126.615941,48,9,43,110mbps
1800무드,카페,제주특별자치도,제주시,33.47175242,126.565286,42,21,26,129mbps
카페보리,카페,제주특별자치도,서귀포시,33.3644841,126.8671711,38,7,29,140mbps
윤아현커피,카페,제주특별자치도,제주시,33.51489929,126.5274093,19,4,1,74mbps
제주커피로스테리아,카페,제주특별자치도,제주시,33.49268156,126.4752551,44,8,37,95mbps
스타라파,카페,제주특별자치도,서귀포시,33.40114228,126.8741777,44,11,41,144mbps
솔트스톤브이점,카페,제주특별자치도,제주시,33.49796472,126.5290725,31,7,31,130mbps
메가엠지씨커피제주성산,카페,제주특별자치도,서귀포시,33.4651483,126.9326913,16,8,9,128mbps
설빙외도일동점,카페,제주특별자치도,제주시,33.4880016,126.4321466,16,5,0,112mbps
까페비엣,카페,제주특별자치도,제주시,33.43864615,126.2759253,26,8,16,111mbps
카페알지니,카페,제주특별자치도,제주시,33.47673706,126.7849861,27,6,9,98mbps
소소다정,카페,제주특별자치도,제주시,33.48514361,126.4128088,33,6,23,65mbps
벨롱벨롱,카페,제주특별자치도,서귀포시,33.24444498,126.5302005,18,9,16,106mbps
롱블랙,카페,제주특별자치도,제주시,33.52553571,126.5873,31,6,30,78mbps
카페마음마루,카페,제주특별자치도,제주시,33.47076529,126.5439903,46,11,46,102mbps
한번한봄,카페,제주특별자치도,제주시,33.51740032,126.623128,41,13,30,70mbps
소랑인성산,카페,제주특별자치도,서귀포시,33.46154291,126.9346411,46,23,26,83mbps
카렐베이크샵,카페,제주특별자치도,제주시,33.53514064,126.6280894,40,8,40,118mbps
해화탕,카페,제주특별자치도,제주시,33.44331678,126.2916093,45,11,28,138mbps
빽다방제주아라점,카페,제주특별자치도,제주시,33.47459607,126.5486393,17,3,8,73mbps
커피프렌즈촬영지,카페,제주특별자치도,서귀포시,33.28865473,126.3072147,30,15,10,58mbps
더로그,카페,제주특별자치도,제주시,33.45002835,126.5588982,11,3,6,76mbps
제주와나,카페,제주특별자치도,제주시,33.50984204,126.5299553,16,8,14,99mbps
천향보이차,카페,제주특별자치도,제주시,33.49245868,126.4976169,30,10,26,143mbps
빽다방서귀포,카페,제주특별자치도,서귀포시,33.25506975,126.4161232,16,5,10,139mbps
올드타운,카페,제주특별자치도,서귀포시,33.38441503,126.8031187,13,2,6,129mbps
에린,카페,제주특별자치도,제주시,33.48995649,126.528524,12,4,7,59mbps
에이바우트한라수목원점,카페,제주특별자치도,제주시,33.46958464,126.4886479,41,13,29,68mbps
밭318,카페,제주특별자치도,제주시,33.49828705,126.9663705,36,9,25,133mbps
포레스텔라인제주,카페,제주특별자치도,제주시,33.43080872,126.7465819,10,2,7,93mbps
더시그니청,카페,제주특별자치도,제주시,33.48849263,126.4934218,28,14,22,92mbps
서호웰니스카페,카페,제주특별자치도,서귀포시,33.25117745,126.5153988,10,3,10,89mbps
사계절다방,카페,제주특별자치도,제주시,33.52375034,126.8560129,43,14,43,116mbps
레스빠스,카페,제주특별자치도,서귀포시,33.31742554,126.7443546,45,22,32,57mbps
블루샥제주,카페,제주특별자치도,서귀포시,33.25236289,126.5679422,19,6,1,82mbps
탐나는농장감귤체험카페,카페,제주특별자치도,제주시,33.44803571,126.3585312,50,12,36,114mbps
작은방,카페,제주특별자치도,제주시,33.53461586,126.6215245,14,7,2,80mbps
카페연연,카페,제주특별자치도,제주시,33.4907209,126.4915473,26,5,8,94mbps
카페라떼는,카페,제주특별자치도,제주시,33.48024056,126.3999633,34,17,16,98mbps
빽다방제주이호테우점,카페,제주특별자치도,제주시,33.49681612,126.4514913,22,5,13,144mbps
씨씨씨카페커브코너,카페,제주특별자치도,서귀포시,33.25403038,126.5575354,47,9,38,57mbps
생각지못한기쁨,카페,제주특별자치도,서귀포시,33.31205348,126.3492846,22,11,13,129mbps
순아,카페,제주특별자치도,제주시,33.51307816,126.5227265,25,6,8,110mbps
워터라이프,카페,제주특별자치도,서귀포시,33.25345801,126.5691387,23,11,5,98mbps
곱지당,카페,제주특별자치도,서귀포시,33.27305539,126.6577345,27,5,10,54mbps
사오월,카페,제주특별자치도,서귀포시,33.23869589,126.3402902,37,7,21,111mbps
투모로우,카페,제주특별자치도,서귀포시,33.24599166,126.6185777,31,6,28,148mbps
파인더,카페,제주특별자치도,제주시,33.49857628,126.528671,39,19,25,145mbps
젠틀도넛카페성산,카페,제주특별자치도,서귀포시,33.45079262,126.9147083,19,3,16,114mbps
동립,카페,제주특별자치도,제주시,33.55042421,126.6946014,20,4,6,97mbps
로미뮤직하우스,카페,제주특별자치도,제주시,33.48801195,126.7080126,20,4,8,150mbps
제제그리너,카페,제주특별자치도,제주시,33.39738991,126.2427642,46,11,29,126mbps
제주낭그늘,카페,제주특별자치도,제주시,33.32790158,126.2262569,18,9,3,141mbps
사이,카페,제주특별자치도,제주시,33.33512725,126.2268804,33,8,27,105mbps
터틀락,카페,제주특별자치도,서귀포시,33.27714478,126.3635407,23,5,17,126mbps
늘이플,카페,제주특별자치도,서귀포시,33.24793488,126.2765899,21,5,16,129mbps
러스틱테이블,카페,제주특별자치도,제주시,33.47644207,126.5480165,49,9,48,127mbps
엔제리너스한라수목원점,카페,제주특별자치도,제주시,33.47054483,126.4919341,14,2,11,103mbps
배호배호,카페,제주특별자치도,제주시,33.30379856,126.1793663,30,10,27,97mbps
동희네,카페,제주특별자치도,제주시,33.35394833,126.183956,50,16,35,67mbps
콤비,카페,제주특별자치도,서귀포시,33.2570368,126.5768158,38,12,19,57mbps
런카페,카페,제주특별자치도,서귀포시,33.24825864,126.5674152,26,5,8,71mbps
카페아이갓에브리씽공무원연금공단점,카페,제주특별자치도,서귀포시,33.25372468,126.5189153,17,4,1,104mbps
유키모찌제주애월점,카페,제주특별자치도,제주시,33.46389391,126.3097179,41,10,22,67mbps
휴게소신제주점,카페,제주특별자치도,제주시,33.48367865,126.4826366,45,15,42,102mbps
베리모어,카페,제주특별자치도,제주시,33.4890121,126.536298,30,15,12,102mbps
아이리스카페앤비어,카페,제주특별자치도,제주시,33.42201179,126.26214,44,14,35,88mbps
에그서울인제주,카페,제주특별자치도,제주시,33.46407404,126.3096842,41,8,29,119mbps
흘,카페,제주특별자치도,제주시,33.45809469,126.7109849,28,14,19,87mbps
디니,카페,제주특별자치도,제주시,33.47682131,126.568413,40,20,22,51mbps
제일다방,카페,제주특별자치도,서귀포시,33.22115695,126.2521919,36,18,27,54mbps
샐럽올데이,카페,제주특별자치도,제주시,33.49221526,126.4976183,33,8,20,74mbps
프레쎈트,카페,제주특별자치도,서귀포시,33.26383248,126.6177704,36,7,21,53mbps
믈커피로스터스,카페,제주특별자치도,서귀포시,33.27690086,126.1912856,41,8,23,121mbps
빽다방제주용문마을회관점,카페,제주특별자치도,제주시,33.50614491,126.5088812,32,16,31,93mbps
세미콜론,카페,제주특별자치도,제주시,33.49315105,126.5413119,19,4,14,92mbps
꿀집,카페,제주특별자치도,서귀포시,33.35636351,126.8616933,28,5,25,63mbps
메가엠지씨커피제주중앙중점,카페,제주특별자치도,제주시,33.48584398,126.4983545,41,10,36,138mbps
아지트원두왓,카페,제주특별자치도,제주시,33.48678484,126.5509002,17,4,6,115mbps
놀당카페,카페,제주특별자치도,제주시,33.39668928,126.2446727,50,12,47,102mbps
카페을리,카페,제주특별자치도,서귀포시,33.28401388,126.3650689,29,5,29,122mbps
비굳커피,카페,제주특별자치도,제주시,33.48422859,126.5397773,39,19,20,128mbps
메가엠지씨커피제주이호,카페,제주특별자치도,제주시,33.49575213,126.4576102,16,5,3,118mbps
빽다방제주화북,카페,제주특별자치도,제주시,33.51913104,126.5652321,40,8,40,71mbps
우리는,카페,제주특별자치도,제주시,33.50103044,126.5267852,38,12,34,81mbps
커피가좋아,카페,제주특별자치도,제주시,33.4168613,126.2632479,30,7,28,94mbps
아일랜드프로젝트646미터퍼세크,카페,제주특별자치도,제주시,33.36273724,126.193372,40,10,22,111mbps
카페게이트제주,카페,제주특별자치도,제주시,33.50318438,126.5265582,32,10,21,74mbps
만첩,카페,제주특별자치도,제주시,33.51393769,126.5211719,32,6,25,130mbps
담소요,카페,제주특별자치도,서귀포시,33.29962907,126.6243249,29,7,27,98mbps
콜레트커피,카페,제주특별자치도,서귀포시,33.23426348,126.5132391,35,17,22,142mbps
카페인동광,카페,제주특별자치도,제주시,33.50786743,126.5419554,42,21,23,95mbps
디저트39제주화북점,카페,제주특별자치도,제주시,33.52066356,126.5729531,46,23,45,92mbps
커피마신붕어,카페,제주특별자치도,제주시,33.46997735,126.7863368,27,5,12,140mbps
방탄카페영포에버,카페,제주특별자치도,제주시,33.45382972,126.6577144,33,8,25,72mbps
메가엠지씨커피제주송악산점,카페,제주특별자치도,서귀포시,33.20776907,126.290885,21,5,15,69mbps
일록일청,카페,제주특별자치도,서귀포시,33.42330165,126.913574,19,4,1,55mbps
마르쉘터,카페,제주특별자치도,제주시,33.5104206,126.5399723,24,4,16,103mbps
더벤티서귀포,카페,제주특별자치도,서귀포시,33.25087509,126.5118593,37,7,21,111mbps
카페봄봄서홍점,카페,제주특별자치도,서귀포시,33.25726637,126.5572938,30,15,13,127mbps
빽다방제주한림점,카페,제주특별자치도,제주시,33.40822439,126.2663416,15,5,1,51mbps
빽다방서귀포호근동,카페,제주특별자치도,서귀포시,33.26181704,126.5367937,27,13,16,114mbps
모아크루아상,카페,제주특별자치도,서귀포시,33.4065902,126.8959711,13,3,4,117mbps
쉼카페,카페,제주특별자치도,제주시,33.499604,126.5239304,20,6,17,143mbps
카페청굴물,카페,제주특별자치도,제주시,33.55798019,126.751294,47,15,34,103mbps
우리의케이크,카페,제주특별자치도,서귀포시,33.26181704,126.5367937,15,3,2,114mbps
메가엠지씨커피제주노형이편한세상점,카페,제주특별자치도,제주시,33.48324095,126.4686843,31,6,29,74mbps
애월아시시,카페,제주특별자치도,제주시,33.47763447,126.3549887,20,10,14,128mbps
모몽더티하우스,카페,제주특별자치도,제주시,33.34975655,126.1840489,30,7,24,105mbps
에코푸드트럭,카페,제주특별자치도,제주시,33.94973845,126.329262,29,14,17,76mbps
감성커피제주외도점,카페,제주특별자치도,제주시,33.48951144,126.431093,10,2,1,126mbps
유수암카페리본,카페,제주특별자치도,제주시,33.42357668,126.4058262,27,13,14,56mbps
메쉬커피제주,카페,제주특별자치도,제주시,33.51741737,126.5233915,42,10,22,70mbps
이집카페,카페,제주특별자치도,서귀포시,33.2478962,126.5854228,28,14,14,72mbps
이디야서귀포,카페,제주특별자치도,서귀포시,33.26048555,126.5599391,35,7,19,70mbps
제주갈렙,카페,제주특별자치도,제주시,33.54539511,126.6414614,18,4,11,132mbps
더벤티서귀포상창점,카페,제주특별자치도,서귀포시,33.28533095,126.3652097,48,12,44,102mbps
카페봄봄아라점,카페,제주특별자치도,제주시,33.47775377,126.5418449,18,9,14,75mbps
아네스,카페,제주특별자치도,제주시,33.51683341,126.5192615,49,12,37,84mbps
컴포즈커피제주저지점,카페,제주특별자치도,제주시,33.31864653,126.2686501,21,4,1,141mbps
카페공간,카페,제주특별자치도,제주시,33.47318036,126.4264662,43,8,26,125mbps
브라운포레,카페,제주특별자치도,제주시,33.42644051,126.6716496,36,9,25,56mbps
델픽제주스톤하우스,카페,제주특별자치도,서귀포시,33.22717545,126.2994716,21,4,5,137mbps
온데프,카페,제주특별자치도,제주시,33.54466888,126.6491737,29,7,12,89mbps
커피모,카페,제주특별자치도,서귀포시,33.32439989,126.8316933,30,6,10,87mbps
봄봄회수점,카페,제주특별자치도,서귀포시,33.26324404,126.4449065,12,2,5,64mbps
제주유기농마을,카페,제주특별자치도,서귀포시,33.2919058,126.7560025,47,15,38,91mbps
프로브커피,카페,제주특별자치도,제주시,33.50944961,126.5263411,46,15,44,63mbps
이때,카페,제주특별자치도,서귀포시,33.21832983,126.2528488,14,3,2,135mbps
빽다방서귀포중문,카페,제주특별자치도,서귀포시,33.25109372,126.43172,26,5,20,121mbps
그리울땐제주,카페,제주특별자치도,서귀포시,33.30097702,126.7706334,34,6,20,96mbps
뭉실몽실,카페,제주특별자치도,제주시,33.48817866,126.5376474,28,7,18,113mbps
택하다커피,카페,제주특별자치도,서귀포시,33.34542284,126.7634805,30,7,24,129mbps
언제나달달,카페,제주특별자치도,서귀포시,33.25206677,126.4237299,35,11,23,100mbps
가파도쉼팡,카페,제주특별자치도,서귀포시,33.17022427,126.2703783,19,4,3,53mbps
서호주택,카페,제주특별자치도,서귀포시,33.25843792,126.5136953,37,9,33,114mbps
노리카페앤샵,카페,제주특별자치도,제주시,33.4931614,126.5110098,20,5,3,97mbps
리치망고협재점,카페,제주특별자치도,제주시,33.40240328,126.2517715,14,7,7,89mbps
에스엘,카페,제주특별자치도,제주시,33.46955452,126.3409453,10,2,3,93mbps
이제,카페,제주특별자치도,제주시,33.32241899,126.2481385,26,6,6,149mbps
곰막다방,카페,제주특별자치도,제주시,33.55687771,126.7205204,37,18,29,149mbps
제주밀연구회,카페,제주특별자치도,제주시,33.50100367,126.5983718,23,7,9,59mbps
긍정동커피,카페,제주특별자치도,서귀포시,33.24737624,126.5600477,43,10,42,68mbps
오르,카페,제주특별자치도,제주시,33.51135128,126.5429595,23,5,6,76mbps
커피에반하다덕수점,카페,제주특별자치도,서귀포시,33.25212034,126.3037903,19,9,1,110mbps
로스티드코너,카페,제주특별자치도,제주시,33.50253304,126.5166501,29,7,19,102mbps
카페모들,카페,제주특별자치도,제주시,33.48897854,126.3892183,49,24,31,83mbps
메가엠지씨커피제주서사로점,카페,제주특별자치도,제주시,33.50422339,126.5200954,39,13,25,89mbps
게티하우스,카페,제주특별자치도,서귀포시,33.41821173,126.8440488,14,3,11,51mbps
오랜,카페,제주특별자치도,제주시,33.49647757,126.5485796,31,7,18,133mbps
한라;산도,카페,제주특별자치도,제주시,33.51379411,126.5260376,40,13,21,126mbps
굿올데이즈,카페,제주특별자치도,서귀포시,33.23477182,126.4828091,26,6,20,129mbps
1950스테이,카페,제주특별자치도,제주시,33.45053973,126.6646323,38,19,21,92mbps
메가엠지씨커피제주동홍,카페,제주특별자치도,서귀포시,33.24896496,126.5708992,27,9,26,113mbps
이든모아휴게점,카페,제주특별자치도,서귀포시,33.21005903,126.2583784,38,19,29,62mbps
마보로시,카페,제주특별자치도,제주시,33.50933277,126.5124902,20,10,3,65mbps
아몽즈커피제주연동점,카페,제주특별자치도,제주시,33.48023491,126.4892416,32,10,22,59mbps
공든,카페,제주특별자치도,제주시,33.53874709,126.6403261,26,6,13,128mbps
하나커피,카페,제주특별자치도,서귀포시,33.39910787,126.7847045,47,9,43,69mbps
메가엠지씨커피제주위미감귤점,카페,제주특별자치도,서귀포시,33.27757872,126.6599818,50,10,37,52mbps
샵토스트앤커피,카페,제주특별자치도,제주시,33.46864014,126.6108817,14,4,7,102mbps
패스브루,카페,제주특별자치도,서귀포시,33.23726176,126.2894454,47,15,31,143mbps
휘낭찬란,카페,제주특별자치도,제주시,33.50961619,126.5370168,18,3,2,107mbps
가파도가는길휴게점,카페,제주특별자치도,서귀포시,33.21005903,126.2583784,40,10,36,79mbps
제주휴게소,카페,제주특별자치도,제주시,33.47615987,126.5497501,15,7,5,74mbps
베르디,카페,제주특별자치도,제주시,33.48820367,126.484568,12,3,1,94mbps
카페레브,카페,제주특별자치도,제주시,33.50422589,126.5161026,12,4,3,130mbps
더카페라운지,카페,제주특별자치도,서귀포시,33.23489574,126.5135252,11,2,1,129mbps
웨스트사이드,카페,제주특별자치도,제주시,33.35575,126.1864747,12,6,3,88mbps
참새사주까페,카페,제주특별자치도,제주시,33.47672361,126.6787437,23,4,23,101mbps
카멜커피1,카페,제주특별자치도,제주시,33.55702922,126.8099215,20,5,6,132mbps
우봉이,카페,제주특별자치도,제주시,33.54030817,126.6632417,14,2,6,80mbps
빽다방제주보성,카페,제주특별자치도,제주시,33.50320627,126.5275697,11,2,9,102mbps
투빅커피,카페,제주특별자치도,제주시,33.48704841,126.4821109,41,8,39,66mbps
오너먼트커피,카페,제주특별자치도,제주시,33.49142967,126.5439358,22,5,10,91mbps
웨스트311,카페,제주특별자치도,제주시,33.31740139,126.2548397,49,9,32,93mbps
하모팜휴게점,카페,제주특별자치도,서귀포시,33.21005903,126.2583784,11,3,2,92mbps
하이오커피,카페,제주특별자치도,서귀포시,33.25030067,126.5660745,46,9,46,80mbps
오현길카페,카페,제주특별자치도,제주시,33.50692046,126.5274742,14,3,10,142mbps
꽈작,카페,제주특별자치도,제주시,33.51305303,126.5139439,48,9,48,55mbps
아무튼카페,카페,제주특별자치도,제주시,33.48528997,126.5439787,14,2,6,74mbps
카페인중독제주아라점,카페,제주특별자치도,제주시,33.47332973,126.5450526,22,11,20,140mbps
다운힐,카페,제주특별자치도,제주시,33.47406111,126.5478137,48,24,44,139mbps
타임센트,카페,제주특별자치도,제주시,33.4533208,126.3085433,29,5,22,86mbps
보블루,카페,제주특별자치도,제주시,33.50933195,126.8999705,32,10,18,134mbps
베큠커피로스터스,카페,제주특별자치도,제주시,33.48826386,126.4817055,12,6,9,65mbps
못,카페,제주특별자치도,서귀포시,33.27245743,126.6984064,21,10,17,79mbps
리커버,카페,제주특별자치도,제주시,33.53606053,126.6251894,19,9,1,131mbps
할리스제주애월천덕로점,카페,제주특별자치도,제주시,33.43284449,126.324674,24,12,21,51mbps
산토리니,카페,제주특별자치도,제주시,33.49079205,126.4913102,49,12,44,115mbps
내적친밀,카페,제주특별자치도,서귀포시,33.25211183,126.4598822,25,8,16,88mbps
와흘리온,카페,제주특별자치도,제주시,33.5033388,126.6332621,16,5,4,127mbps
카페티고,카페,제주특별자치도,제주시,33.50007318,126.7617694,50,25,40,113mbps
해피라떼클럽,카페,제주특별자치도,서귀포시,33.2545713,126.5071706,19,3,7,57mbps
게무로사,카페,제주특별자치도,제주시,33.47937155,126.4810807,33,6,31,114mbps
빽다방제주애월항점,카페,제주특별자치도,제주시,33.46588341,126.3222449,24,8,17,145mbps
샾피드,카페,제주특별자치도,서귀포시,33.41386913,126.756436,31,6,15,107mbps
카페후추,카페,제주특별자치도,제주시,33.47307008,126.5406539,14,4,13,99mbps
보통,카페,제주특별자치도,제주시,33.50392163,126.7657731,39,19,39,53mbps
컨트리커피,카페,제주특별자치도,제주시,33.52680232,126.5886181,11,3,4,94mbps
키에키커피스탠드,카페,제주특별자치도,제주시,33.52141354,126.5630894,26,13,26,79mbps
메가엠지씨커피제주일주서로점,카페,제주특별자치도,제주시,33.49263067,126.4251759,38,7,33,107mbps
커피콜라주,카페,제주특별자치도,제주시,33.48198654,126.4747494,35,17,16,91mbps
네꼬야밀크티샵노형,카페,제주특별자치도,제주시,33.48418263,126.4845811,10,2,10,55mbps
공차제주,카페,제주특별자치도,서귀포시,33.27927517,126.2750971,40,10,36,92mbps
소뭇,카페,제주특별자치도,제주시,33.48119602,126.4733017,44,11,35,53mbps
리치스그로서리,카페,제주특별자치도,제주시,33.5137945,126.5285024,34,11,29,92mbps
카페가까이,카페,제주특별자치도,서귀포시,33.24270659,126.6175619,28,14,17,95mbps
마이티커피,카페,제주특별자치도,제주시,33.48823456,126.5381313,35,8,32,76mbps
파스쿠찌종합,카페,제주특별자치도,제주시,33.48957693,126.5235764,43,21,37,142mbps
메가엠지씨커피서귀포효돈점,카페,제주특별자치도,서귀포시,33.26337588,126.6217756,42,14,39,135mbps
카페오유,카페,제주특별자치도,서귀포시,33.25250828,126.5656773,32,10,30,102mbps
사시사,카페,제주특별자치도,제주시,33.49013784,126.5432431,47,11,33,121mbps
보드게임카페홈즈앤루팡제주연동점,카페,제주특별자치도,제주시,33.48815522,126.4902926,33,11,22,149mbps
로타리다방,카페,제주특별자치도,서귀포시,33.24899822,126.5674866,18,3,2,54mbps
와흘354,카페,제주특별자치도,제주시,33.47455529,126.6440988,24,4,11,85mbps
베롱혼디,카페,제주특별자치도,서귀포시,33.26981103,126.2033504,11,5,7,52mbps
카페더씨씨,카페,제주특별자치도,서귀포시,33.37720794,126.8778445,10,5,3,51mbps
벌크커피삼도점,카페,제주특별자치도,제주시,33.50172967,126.5164071,29,14,12,108mbps
퍼스트커피랩제주,카페,제주특별자치도,제주시,33.55724431,126.8033198,29,14,14,61mbps
킨더플레이,카페,제주특별자치도,제주시,33.47536801,126.4598674,26,5,14,59mbps
해맑음다방,카페,제주특별자치도,제주시,33.50751406,126.5247373,36,9,33,103mbps
카페아난,카페,제주특별자치도,서귀포시,33.21249821,126.2546574,48,24,40,89mbps
파크삼,카페,제주특별자치도,서귀포시,33.25635513,126.5113888,34,11,16,127mbps
비밀역,카페,제주특별자치도,서귀포시,33.24180148,126.3325952,35,8,15,87mbps
모아나카페,카페,제주특별자치도,제주시,33.50276753,126.5428001,14,4,13,92mbps
싱귤벙귤휴게점,카페,제주특별자치도,서귀포시,33.21005903,126.2583784,39,7,39,111mbps
올데이모즈,카페,제주특별자치도,제주시,33.50037455,126.6692077,30,6,14,76mbps
멜케삼춘휴게점,카페,제주특별자치도,서귀포시,33.21005903,126.2583784,13,4,7,140mbps
카페와일드가든,카페,제주특별자치도,서귀포시,33.24682043,126.5739142,31,6,31,104mbps
카페블레스,카페,제주특별자치도,제주시,33.50073834,126.5282073,42,8,22,62mbps
카페봄봄외도점,카페,제주특별자치도,제주시,33.49098108,126.4311049,26,6,6,103mbps
현자커피,카페,제주특별자치도,서귀포시,33.31121261,126.7150141,31,15,22,73mbps
사랑자유평화낭만,카페,제주특별자치도,제주시,33.5009182,126.5328446,42,14,26,136mbps
염전의봄애월점,카페,제주특별자치도,제주시,33.46241151,126.3106547,34,6,31,66mbps
아문커피,카페,제주특별자치도,서귀포시,33.26209366,126.5360195,27,13,14,113mbps
롤롤,카페,제주특별자치도,서귀포시,33.24533041,126.5654231,41,13,27,122mbps
느린빙수,카페,제주특별자치도,제주시,33.47691966,126.5405906,28,5,8,104mbps
슬며시,카페,제주특별자치도,제주시,33.54331798,126.6727695,11,2,7,102mbps
쿠리,카페,제주특별자치도,서귀포시,33.38634763,126.8843986,34,6,18,60mbps
대원미디어코리코카페제주점,카페,제주특별자치도,제주시,33.43651339,126.7324994,29,5,25,103mbps
오다윤카페,카페,제주특별자치도,제주시,33.49011428,126.5020206,46,11,46,96mbps
킥커피,카페,제주특별자치도,제주시,33.48170354,126.482487,39,19,28,131mbps
무르무르,카페,제주특별자치도,제주시,33.48973356,126.488239,46,15,29,84mbps
도바나,카페,제주특별자치도,제주시,33.50991268,126.5201608,42,10,28,76mbps
체프메이트커피,카페,제주특별자치도,제주시,33.5175838,126.5197956,47,15,47,94mbps
카페다각,카페,제주특별자치도,제주시,33.48879309,126.6673687,29,7,17,75mbps
하고야까페,카페,제주특별자치도,제주시,33.51397207,126.9570433,25,8,11,71mbps
옹포정미소,카페,제주특별자치도,제주시,33.40508591,126.2555861,34,8,33,121mbps
어드브레드,카페,제주특별자치도,제주시,33.5134056,126.5281816,46,23,43,142mbps
선문,카페,제주특별자치도,제주시,33.51182618,126.5207099,44,8,29,136mbps
멜로우프루츠,카페,제주특별자치도,제주시,33.49612806,126.5345275,36,18,25,79mbps
캄포,카페,제주특별자치도,제주시,33.46292551,126.5402234,30,6,28,97mbps
용수씨,카페,제주특별자치도,제주시,33.3291493,126.1655209,28,9,8,125mbps
캐롤,카페,제주특별자치도,서귀포시,33.26411751,126.613723,21,10,18,132mbps
싱그러우니,카페,제주특별자치도,서귀포시,33.26410794,126.3760956,16,3,10,99mbps
하나카페,카페,제주특별자치도,서귀포시,33.25833479,126.5126871,39,9,22,69mbps
에이치,카페,제주특별자치도,제주시,33.49308902,126.9518562,11,5,5,143mbps
또똣쉼팡제주,카페,제주특별자치도,제주시,33.51084005,126.8921225,44,14,39,116mbps
카페브루,카페,제주특별자치도,서귀포시,33.21185456,126.2570869,28,9,17,51mbps
멜빌,카페,제주특별자치도,서귀포시,33.30821091,126.7822222,31,10,18,117mbps
커피마마제주금능해변,카페,제주특별자치도,제주시,33.38891675,126.2327779,19,9,8,125mbps
온화미담,카페,제주특별자치도,제주시,33.51641064,126.5409093,13,2,6,98mbps
또시,카페,제주특별자치도,제주시,33.40527002,126.2607444,39,13,36,139mbps
모페,카페,제주특별자치도,서귀포시,33.43639763,126.9203682,29,5,23,140mbps
테로,카페,제주특별자치도,제주시,33.47474142,126.5440125,10,2,5,133mbps
더윈썸,카페,제주특별자치도,제주시,33.43252324,126.2757288,38,9,29,55mbps
누에보홍스랩,카페,제주특별자치도,제주시,33.40065413,126.3441855,16,8,13,129mbps
에이바우트커피,카페,제주특별자치도,제주시,33.49505538,126.5345871,19,3,1,128mbps
카페;메쥬,카페,제주특별자치도,서귀포시,33.25317377,126.5575183,49,12,29,92mbps
제주포슬,카페,제주특별자치도,서귀포시,33.28113679,126.2235568,24,8,16,139mbps
아꼬아체험농장카페,카페,제주특별자치도,서귀포시,33.29987808,126.6352755,42,21,28,85mbps
카페가젠,카페,제주특별자치도,제주시,33.50395153,126.546044,49,12,31,50mbps
모슬포영다방,카페,제주특별자치도,서귀포시,33.22075646,126.2515624,42,21,40,58mbps
공차제주서귀포,카페,제주특별자치도,서귀포시,33.25375159,126.5628381,33,16,31,142mbps
카페위유,카페,제주특별자치도,제주시,33.45464651,126.4571456,19,3,4,129mbps
봄봄하귀점,카페,제주특별자치도,제주시,33.48110976,126.4044654,41,10,34,126mbps
카페페이지,카페,제주특별자치도,제주시,33.51251537,126.5102014,12,2,1,70mbps
무슈부부커피스탠드오리진,카페,제주특별자치도,제주시,33.5231567,126.857241,26,8,14,95mbps
카페젠타일스,카페,제주특별자치도,서귀포시,33.32568646,126.8433761,29,9,20,132mbps
스튜디오유엠엠,카페,제주특별자치도,제주시,33.49925449,126.5221352,14,7,10,83mbps
밀물리,카페,제주특별자치도,서귀포시,33.24978875,126.4302691,47,23,38,55mbps
오리움커피,카페,제주특별자치도,서귀포시,33.25350089,126.5763714,30,15,11,52mbps
퐁치커피익스프레스,카페,제주특별자치도,제주시,33.50989426,126.5108404,42,8,27,130mbps
카페1큐84,카페,제주특별자치도,제주시,33.46020837,126.3231496,42,14,23,137mbps
월간레코드,카페,제주특별자치도,서귀포시,33.45994493,126.9307269,12,6,2,143mbps
에이바우트커피외도점,카페,제주특별자치도,제주시,33.49072667,126.4306762,32,8,26,142mbps
현스낵상점,카페,제주특별자치도,제주시,33.48827784,126.480737,13,2,0,63mbps
산세라,카페,제주특별자치도,제주시,33.33207804,126.256111,27,5,17,103mbps
카페요아정서귀포시청1,카페,제주특별자치도,서귀포시,33.24907746,126.5617883,36,7,23,57mbps
감성커피,카페,제주특별자치도,제주시,33.48681075,126.4770444,26,13,26,75mbps
홀수,카페,제주특별자치도,제주시,33.37391056,126.285005,10,2,2,113mbps
메가엠지씨커피제주하귀농협하나로점,카페,제주특별자치도,제주시,33.48505936,126.412153,46,11,39,126mbps
모니크,카페,제주특별자치도,서귀포시,33.25449173,126.4295089,29,14,27,74mbps
유키즈,카페,제주특별자치도,제주시,33.48581527,126.4782985,46,23,39,55mbps
쇄질,카페,제주특별자치도,제주시,33.44021887,126.3779889,48,24,32,143mbps
빽다방제주동문,카페,제주특별자치도,제주시,33.51287793,126.526936,28,5,24,86mbps
엘엘엘.에프,카페,제주특별자치도,서귀포시,33.26773757,126.1977775,40,13,33,103mbps
컴포즈커피서귀포,카페,제주특별자치도,서귀포시,33.43857891,126.9193983,44,8,35,129mbps
빽다방제주하귀점,카페,제주특별자치도,제주시,33.48419034,126.4114165,35,8,30,111mbps
그릭볼,카페,제주특별자치도,제주시,33.48810983,126.4815235,19,4,18,124mbps
골목사이카페,카페,제주특별자치도,서귀포시,33.24249032,126.5654371,39,19,28,116mbps
제로플러스커피,카페,제주특별자치도,제주시,33.4888405,126.494711,40,20,22,94mbps
카페더브릿지,카페,제주특별자치도,제주시,33.49776724,126.5292995,34,17,28,69mbps
선미다방,카페,제주특별자치도,서귀포시,33.2464982,126.332463,27,6,8,61mbps
빽다방제주법조,카페,제주특별자치도,제주시,33.49459457,126.5343205,16,5,6,65mbps
사슴카페,카페,제주특별자치도,제주시,33.49601642,126.6579897,44,14,37,89mbps
아구아비바,카페,제주특별자치도,제주시,33.53726746,126.618886,50,10,33,57mbps
메가엠지씨커피제주애월항점,카페,제주특별자치도,제주시,33.46445838,126.3205026,14,2,11,125mbps
메종메르미누,카페,제주특별자치도,서귀포시,33.27110706,126.2029952,16,3,5,50mbps
심풀그리고잇닿다,카페,제주특별자치도,제주시,33.51341004,126.6334026,38,9,22,63mbps
카페요아정제주삼화점,카페,제주특별자치도,제주시,33.51561842,126.5766805,36,12,35,91mbps
요미그릭,카페,제주특별자치도,제주시,33.49264036,126.4331493,36,18,24,118mbps
메고지고떡창고외도우정점,카페,제주특별자치도,제주시,33.48608832,126.4317287,16,4,0,110mbps
어니스크,카페,제주특별자치도,제주시,33.49113905,126.4793426,47,11,35,116mbps
카페요아정제주외도점,카페,제주특별자치도,제주시,33.48736384,126.4306982,37,18,30,87mbps
달롱도르제주,카페,제주특별자치도,제주시,33.5078326,126.5398569,10,3,2,101mbps
스타벅스,카페,제주특별자치도,제주시,33.45810482,126.3111728,31,10,18,65mbps
선흘리2085,카페,제주특별자치도,제주시,33.48685706,126.7001079,28,7,15,90mbps
빽다방한라대점,카페,제주특별자치도,제주시,33.47650147,126.4782145,34,17,30,59mbps
오커스트,카페,제주특별자치도,제주시,33.5088896,126.5260751,44,11,31,138mbps
초낭재,카페,제주특별자치도,서귀포시,33.31460143,126.8267723,46,11,33,113mbps
매듭커피,카페,제주특별자치도,제주시,33.49903731,126.5458975,35,8,25,98mbps
라라숲,카페,제주특별자치도,제주시,33.47409431,126.5495026,31,7,14,104mbps
청단풍,카페,제주특별자치도,제주시,33.50259258,126.541811,21,5,17,78mbps
책빵글라,카페,제주특별자치도,제주시,33.48369027,126.4986251,24,8,17,64mbps
심쿵사,카페,제주특별자치도,제주시,33.52003046,126.5646141,20,5,14,93mbps
파르다르,카페,제주특별자치도,서귀포시,33.24109408,126.5169029,34,17,20,112mbps
골목커피,카페,제주특별자치도,제주시,33.48525737,126.4872001,28,9,27,76mbps
백억커피제주,카페,제주특별자치도,제주시,33.50000314,126.5292874,48,12,39,80mbps
트리플에이제주신,카페,제주특별자치도,서귀포시,33.24614524,126.5244507,14,4,6,114mbps
봄봄,카페,제주특별자치도,서귀포시,33.25276319,126.5036824,45,22,45,94mbps
카페아나소라,카페,제주특별자치도,제주시,33.49187532,126.6736841,48,16,29,91mbps
헤이피피,카페,제주특별자치도,제주시,33.36492475,126.19982,30,6,18,102mbps
더벤티제주김녕점,카페,제주특별자치도,제주시,33.55468038,126.7513035,22,5,18,136mbps
포투이어스,카페,제주특별자치도,제주시,33.48719731,126.4810663,42,14,22,119mbps
몽라브,카페,제주특별자치도,제주시,33.46683609,126.5276058,12,4,3,53mbps
카페오션,카페,제주특별자치도,서귀포시,33.24589446,126.4129758,13,3,6,123mbps
하로헌,카페,제주특별자치도,제주시,33.51178307,126.6738569,34,17,29,98mbps
즈물,카페,제주특별자치도,제주시,33.30856867,126.2508345,26,13,9,99mbps
연호제카페,카페,제주특별자치도,제주시,33.51622803,126.5306742,17,4,4,102mbps
하니하니,카페,제주특별자치도,제주시,33.55806866,126.754966,10,3,9,94mbps
카페마요피,카페,제주특별자치도,제주시,33.52442393,126.8884457,46,23,36,128mbps
카페밀리,카페,제주특별자치도,제주시,33.5063764,126.6180852,17,4,7,76mbps
비씨디,카페,제주특별자치도,제주시,33.48150367,126.4908265,28,5,23,64mbps
플라잉애월,카페,제주특별자치도,제주시,33.48550691,126.3818401,49,24,30,133mbps
오즈,카페,제주특별자치도,서귀포시,33.28416994,126.3001008,46,15,41,66mbps
커피러스트,카페,제주특별자치도,제주시,33.48275001,126.7464308,24,6,15,83mbps
메가엠지씨커피제주,카페,제주특별자치도,제주시,33.49160934,126.5929381,40,13,24,62mbps
람번트,카페,제주특별자치도,제주시,33.41472406,126.2601375,22,11,15,71mbps
무량제주,카페,제주특별자치도,서귀포시,33.27565723,126.6530873,47,15,38,112mbps
라이스웨더,카페,제주특별자치도,제주시,33.51388364,126.5353904,45,22,31,105mbps
힐링찻집,카페,제주특별자치도,제주시,33.46302231,126.7092044,22,7,4,130mbps
찻잔속에,카페,제주특별자치도,제주시,33.49284706,126.5371491,49,9,48,83mbps
냥다방,카페,제주특별자치도,제주시,33.46873906,126.3401877,39,9,35,101mbps
은빌레,카페,제주특별자치도,서귀포시,33.31174864,126.7167949,45,9,31,55mbps
신풍예가,카페,제주특별자치도,서귀포시,33.36105403,126.8339651,49,16,31,143mbps
읍천리382제주연동점,카페,제주특별자치도,제주시,33.48153659,126.4900624,47,11,28,119mbps
워크인커피바,카페,제주특별자치도,서귀포시,33.46382394,126.9345748,23,7,18,104mbps
빽다방제주한경면수월봉점,카페,제주특별자치도,제주시,33.29949664,126.1737269,42,14,26,125mbps
델리커시,카페,제주특별자치도,제주시,33.49310964,126.513894,23,4,6,117mbps
가상순커피,카페,제주특별자치도,제주시,33.4753257,126.545989,41,10,28,62mbps
빈투지,카페,제주특별자치도,제주시,33.51851878,126.5284875,27,6,7,145mbps
우누커피,카페,제주특별자치도,제주시,33.51344422,126.5408604,13,3,9,144mbps
우리다,카페,제주특별자치도,제주시,33.48720154,126.536738,33,8,20,98mbps
하몽휴게점,카페,제주특별자치도,서귀포시,33.21005903,126.2583784,22,4,8,142mbps
시온디저트카페,카페,제주특별자치도,제주시,33.49030771,126.4788957,35,17,27,71mbps
제이이에스로스터리,카페,제주특별자치도,서귀포시,33.2865042,126.7253574,42,10,36,65mbps
빔클라우드beamcloud,카페,제주특별자치도,제주시,33.44757162,126.3010282,20,5,9,62mbps
카페1930,카페,제주특별자치도,서귀포시,33.25476388,126.5609765,45,22,43,131mbps
공간서오,카페,제주특별자치도,제주시,33.45968744,126.7020623,12,6,1,134mbps
밈피,카페,제주특별자치도,제주시,33.31677239,126.2673234,50,10,38,104mbps
카페무물,카페,제주특별자치도,제주시,33.46655526,126.3381281,28,7,28,102mbps
포크,카페,제주특별자치도,제주시,33.40912789,126.2590777,43,14,28,147mbps
너리,카페,제주특별자치도,서귀포시,33.26756037,126.59075,14,7,14,123mbps
아그당,카페,제주특별자치도,제주시,33.51655478,126.521814,22,7,9,143mbps
러프라이프커피,카페,제주특별자치도,제주시,33.50076585,126.5307039,22,5,4,128mbps
억새타르트,카페,제주특별자치도,서귀포시,33.28684051,126.3282055,10,3,1,114mbps
한라빙,카페,제주특별자치도,서귀포시,33.25489859,126.5055805,13,4,6,95mbps
벌크커피추자점,카페,제주특별자치도,제주시,33.95870413,126.2977631,18,3,14,106mbps
카파드래곤제주점,카페,제주특별자치도,제주시,33.43876917,126.2957219,38,12,38,61mbps
달코미커피,카페,제주특별자치도,제주시,33.46011568,126.3112322,15,3,4,124mbps
요우르,카페,제주특별자치도,제주시,33.54930795,126.6541188,39,9,37,109mbps
모리커피서귀포,카페,제주특별자치도,서귀포시,33.25284039,126.5026947,28,7,10,103mbps
보테,카페,제주특별자치도,제주시,33.48751502,126.4794289,16,3,3,99mbps
부나커피,카페,제주특별자치도,제주시,33.50415219,126.525014,26,13,23,119mbps
컵비,카페,제주특별자치도,서귀포시,33.25283492,126.4339301,36,9,32,89mbps
더퍼즈플레이스,카페,제주특별자치도,제주시,33.44079898,126.3301184,27,6,27,98mbps
공차서귀포,카페,제주특별자치도,서귀포시,33.2554539,126.5069188,35,7,27,53mbps
에이바우트커피아라스위첸점,카페,제주특별자치도,제주시,33.47305119,126.5453123,44,8,30,127mbps
청담카페,카페,제주특별자치도,제주시,33.50879566,126.5227392,43,14,34,133mbps
더벤티제주아라점,카페,제주특별자치도,제주시,33.47735291,126.5431596,34,17,22,93mbps
나무밑,카페,제주특별자치도,서귀포시,33.24140237,126.6013335,30,7,10,110mbps
하와이안비치카페,카페,제주특별자치도,서귀포시,33.43516052,126.9174658,27,6,11,150mbps
영아리,카페,제주특별자치도,서귀포시,33.22671165,126.2987672,26,6,21,78mbps
포포파이하우스,카페,제주특별자치도,서귀포시,33.25004218,126.5617835,50,16,33,96mbps
카페던스페이스,카페,제주특별자치도,제주시,33.51951718,126.4936286,18,4,2,99mbps
네버마인드Nvrmnd,카페,제주특별자치도,제주시,33.48818442,126.5367758,42,8,36,149mbps
돈내코숲카페,카페,제주특별자치도,서귀포시,33.30445752,126.5701551,36,12,32,119mbps
요정,카페,제주특별자치도,제주시,33.40972565,126.2655979,48,24,45,85mbps
단델리온,카페,제주특별자치도,제주시,33.50431484,126.5181039,36,7,22,110mbps
오뜨미르,카페,제주특별자치도,제주시,33.4872582,126.5326167,12,2,3,84mbps
우호,카페,제주특별자치도,제주시,33.46479613,126.3196179,43,21,24,100mbps
제철과사람,카페,제주특별자치도,서귀포시,33.25246965,126.5753784,19,9,11,129mbps
카페수미,카페,제주특별자치도,서귀포시,33.3246543,126.8331427,27,5,23,77mbps
오븐런,카페,제주특별자치도,제주시,33.4923038,126.495003,45,9,26,105mbps
오띠모,카페,제주특별자치도,제주시,33.46425157,126.3272166,26,5,12,55mbps
미스유얼웨이즈,카페,제주특별자치도,제주시,33.5208086,126.8789348,34,6,20,68mbps
컴포즈커피,카페,제주특별자치도,서귀포시,33.24644534,126.5594193,39,19,36,117mbps
카페붐비지,카페,제주특별자치도,서귀포시,33.25032297,126.5621469,24,12,6,148mbps
삐삐아일랜드,카페,제주특별자치도,제주시,33.45907391,126.3521252,36,12,35,132mbps
비에스엠엘,카페,제주특별자치도,제주시,33.48168434,126.4843699,43,14,29,72mbps
이더리,카페,제주특별자치도,서귀포시,33.22787507,126.2690632,30,7,10,71mbps
카페몽몽,카페,제주특별자치도,제주시,33.49243921,126.4733843,46,9,39,110mbps
코히동시오리,카페,제주특별자치도,제주시,33.4833249,126.4714489,32,6,21,55mbps
메종봉주르,카페,제주특별자치도,서귀포시,33.25964146,126.3542237,30,15,29,62mbps
오라339,카페,제주특별자치도,제주시,33.48246224,126.5094238,45,9,37,125mbps
펍65,카페,제주특별자치도,제주시,33.51332616,126.5262662,13,4,3,140mbps
작은천국,카페,제주특별자치도,제주시,33.39883423,126.2445359,12,4,5,88mbps
브리즈101,카페,제주특별자치도,제주시,33.4637643,126.3221754,46,23,29,68mbps
소금,카페,제주특별자치도,서귀포시,33.28194633,126.7273469,22,5,14,92mbps
귤바테,카페,제주특별자치도,서귀포시,33.28161299,126.6298124,42,10,30,64mbps
송맛이야기,카페,제주특별자치도,서귀포시,33.25260124,126.5562549,49,9,32,74mbps
봄차한잔,카페,제주특별자치도,제주시,33.4805862,126.4137863,48,9,35,117mbps
싱싱프루츠삼화점,카페,제주특별자치도,제주시,33.51727139,126.5882865,50,16,47,138mbps
씨2떠블유2,카페,제주특별자치도,제주시,33.48159374,126.4864362,40,20,21,89mbps
아라댕댕,카페,제주특별자치도,제주시,33.4745663,126.5405384,19,9,0,135mbps
카페굿모닝,카페,제주특별자치도,제주시,33.49121404,126.5441414,20,6,7,113mbps
솔바르,카페,제주특별자치도,서귀포시,33.36406791,126.8658286,20,10,13,105mbps
레피스,카페,제주특별자치도,제주시,33.49776518,126.5456566,25,8,17,115mbps
이디야커피제주애월하나로마트점,카페,제주특별자치도,제주시,33.46042699,126.3219109,47,15,41,69mbps
컴포즈커피제주베라체점,카페,제주특별자치도,제주시,33.49220003,126.5425759,38,7,25,87mbps
곤트란쉐리에제주,카페,제주특별자치도,제주시,33.47054409,126.4851997,39,13,37,53mbps
빽다방빵연구소호텔더,카페,제주특별자치도,서귀포시,33.2595323,126.4064992,34,8,22,134mbps
모먼트이루다,카페,제주특별자치도,제주시,33.46998696,126.5431875,22,11,15,50mbps
메가엠지씨커피제주동광육,카페,제주특별자치도,서귀포시,33.31056357,126.3403079,42,10,35,81mbps
스타벅스,카페,제주특별자치도,제주시,33.34793548,126.3593199,23,11,20,133mbps
컴포즈커피제주대학교점,카페,제주특별자치도,제주시,33.46036145,126.5616533,10,2,10,131mbps
빽다방제주신비로점,카페,제주특별자치도,제주시,33.45008149,126.4860735,33,6,20,62mbps
카페라엘라,카페,제주특별자치도,제주시,33.48573986,126.4324196,50,16,50,108mbps
메가엠지씨커피제주저지점,카페,제주특별자치도,제주시,33.33309138,126.2567039,38,7,19,116mbps
무릉농원카페,카페,제주특별자치도,서귀포시,33.26428196,126.555026,33,8,21,146mbps
빽다방제주월정리점,카페,제주특별자치도,제주시,33.55586098,126.7953542,50,25,30,54mbps
컴포즈커피제주드림,카페,제주특별자치도,제주시,33.48424291,126.4817402,33,6,33,77mbps
투썸플레이스영어도시점,카페,제주특별자치도,서귀포시,33.28072702,126.278241,18,9,1,150mbps
메가엠지씨커피제주,카페,제주특별자치도,서귀포시,33.25160785,126.4239261,18,9,1,120mbps
카페위더스,카페,제주특별자치도,제주시,33.48084573,126.5019768,30,10,23,139mbps
컴포즈커피서귀포,카페,제주특별자치도,서귀포시,33.24642251,126.3301244,12,2,6,106mbps
카페그린,카페,제주특별자치도,서귀포시,33.24640383,126.5213483,38,9,23,66mbps
카미커피,카페,제주특별자치도,제주시,33.49726526,126.5300663,19,3,15,101mbps
카페묵담墨談,카페,제주특별자치도,제주시,33.3458311,126.2114137,34,11,27,55mbps
달오름,카페,제주특별자치도,서귀포시,33.24665428,126.5675733,42,8,30,117mbps
스타벅스,카페,제주특별자치도,서귀포시,33.22739455,126.2579532,17,5,6,57mbps
딜라이트,카페,제주특별자치도,제주시,33.46704245,126.5087899,19,6,11,96mbps
위카페제주한라,카페,제주특별자치도,제주시,33.49046755,126.4847806,36,7,18,127mbps
빽다방제주종합경,카페,제주특별자치도,제주시,33.49421881,126.5185687,25,5,20,56mbps
스타벅스,카페,제주특별자치도,제주시,33.4834169,126.4761287,11,2,7,53mbps
스타벅스,카페,제주특별자치도,제주시,33.50063108,126.5053288,15,7,7,73mbps
메가엠지씨커피서귀포감산점,카페,제주특별자치도,서귀포시,33.25972877,126.3571528,25,12,16,90mbps
스타벅스,카페,제주특별자치도,제주시,33.43553717,126.7313518,35,8,32,68mbps
나무사이로커피,카페,제주특별자치도,서귀포시,33.41349167,126.7524915,37,9,37,94mbps
스타벅스,카페,제주특별자치도,서귀포시,33.24826378,126.5637238,15,3,7,97mbps
스타벅스,카페,제주특별자치도,제주시,33.46330177,126.4509925,43,8,35,64mbps
스타벅스,카페,제주특별자치도,제주시,33.49097285,126.4741464,43,10,30,108mbps
찻집여백,카페,제주특별자치도,서귀포시,33.24227364,126.4452108,39,19,38,116mbps
무아,카페,제주특별자치도,제주시,33.49436497,126.5428766,30,15,27,114mbps
스타벅스,카페,제주특별자치도,서귀포시,33.28293738,126.7189169,22,7,11,60mbps
빵금소소금빵,카페,제주특별자치도,제주시,33.51821676,126.5771953,33,11,32,106mbps
스타벅스,카페,제주특별자치도,제주시,33.52299853,126.8530539,21,4,12,77mbps
스타벅스,카페,제주특별자치도,제주시,33.46892728,126.4844885,14,3,10,50mbps
카페인중독제주삼화점,카페,제주특별자치도,제주시,33.51783638,126.5793391,21,10,11,126mbps
중문다방,카페,제주특별자치도,서귀포시,33.25154612,126.4300967,40,10,31,57mbps
브리릭,카페,제주특별자치도,제주시,33.50937794,126.5217674,50,25,48,75mbps
망상,카페,제주특별자치도,제주시,33.51490159,126.528012,37,18,37,60mbps
데저트알씨,카페,제주특별자치도,제주시,33.48697456,126.5315207,25,12,20,105mbps
리타르스튜디오,카페,제주특별자치도,서귀포시,33.2583188,126.6221301,46,15,34,141mbps
원다방,카페,제주특별자치도,서귀포시,33.32429224,126.8321016,29,9,27,121mbps
카페게이트제주,카페,제주특별자치도,제주시,33.48951801,126.5389853,28,7,27,90mbps
카페요아정제주,카페,제주특별자치도,제주시,33.50656537,126.5409398,13,6,11,70mbps
롤스커피,카페,제주특별자치도,서귀포시,33.27689666,126.3608698,44,22,32,94mbps
기적회신,카페,제주특별자치도,제주시,33.50898787,126.5305734,25,8,11,150mbps
메라키카페,카페,제주특별자치도,제주시,33.49619287,126.4935815,28,14,25,131mbps
제주탱이점방,카페,제주특별자치도,서귀포시,33.25394474,126.563921,34,6,19,72mbps
하도리안,카페,제주특별자치도,제주시,33.5259876,126.892868,25,6,17,97mbps
선흘에서,카페,제주특별자치도,제주시,33.45835707,126.7037341,10,5,4,94mbps
백마베이크,카페,제주특별자치도,제주시,33.51025549,126.5202127,45,11,44,66mbps
별가게,카페,제주특별자치도,제주시,33.52134659,126.955382,24,6,17,66mbps
나와산,카페,제주특별자치도,제주시,33.48043261,126.6800642,37,9,34,138mbps
생각할때남녕,카페,제주특별자치도,제주시,33.48888986,126.4826379,16,8,4,70mbps
빽다방제주연동사장1길점,카페,제주특별자치도,제주시,33.485137,126.4908053,22,7,16,55mbps
제주트립티산지,카페,제주특별자치도,제주시,33.51509277,126.5284954,22,11,8,77mbps
베터플랫제주,카페,제주특별자치도,제주시,33.5182457,126.5230964,48,12,31,91mbps
바당앞카페,카페,제주특별자치도,제주시,33.52601502,126.5744123,25,5,15,117mbps
수집,카페,제주특별자치도,제주시,33.49486171,126.5431107,47,9,33,67mbps
카페인큐브,카페,제주특별자치도,제주시,33.45289819,126.5725541,26,5,19,60mbps
케케커피,카페,제주특별자치도,제주시,33.52933909,126.5923416,41,13,23,70mbps
봄봄제주서귀강정점,카페,제주특별자치도,서귀포시,33.23469788,126.4889143,40,13,21,120mbps
가이아띠어리,카페,제주특별자치도,서귀포시,33.45626228,126.9102929,15,7,3,127mbps
무이카,카페,제주특별자치도,제주시,33.48058078,126.4813424,32,16,31,58mbps
뿌리와열매,카페,제주특별자치도,제주시,33.4717943,126.7838579,50,16,43,53mbps
옛날카페,카페,제주특별자치도,제주시,33.5409425,126.667772,20,5,15,78mbps
시도,카페,제주특별자치도,제주시,33.48888555,126.4421585,37,12,36,100mbps
카페바당,카페,제주특별자치도,제주시,33.53849425,126.6340396,40,13,30,73mbps
오아시스80,카페,제주특별자치도,제주시,33.46300132,126.3097142,42,10,24,110mbps
카페브리프,카페,제주특별자치도,제주시,33.45834389,126.4156785,47,11,47,146mbps
포레스트제이카우셰드,카페,제주특별자치도,서귀포시,33.25540836,126.3311933,35,17,28,98mbps
빠빠라기,카페,제주특별자치도,제주시,33.50000314,126.5292874,32,6,20,63mbps
제주둥지,카페,제주특별자치도,제주시,33.40084444,126.2534187,43,8,35,55mbps
만남,카페,제주특별자치도,제주시,33.55702922,126.8099215,50,10,34,71mbps
오하이츄러스,카페,제주특별자치도,제주시,33.42583644,126.395822,10,2,2,119mbps
휘카,카페,제주특별자치도,제주시,33.51559656,126.5119169,24,6,21,121mbps
마이크로하비타트,카페,제주특별자치도,제주시,33.4178941,126.2640885,34,8,29,145mbps
청옥헌,카페,제주특별자치도,서귀포시,33.24941415,126.2720602,19,4,16,52mbps
공차제주,카페,제주특별자치도,제주시,33.51711699,126.5226505,14,7,6,74mbps
요거트가족,카페,제주특별자치도,제주시,33.49260528,126.4742764,17,3,9,137mbps
단풍정원,카페,제주특별자치도,제주시,33.49228283,126.4338296,39,7,25,74mbps
에이바우트커피인제점,카페,제주특별자치도,제주시,33.50499049,126.541723,28,7,8,99mbps
복고다방,카페,제주특별자치도,제주시,33.49260528,126.4742764,33,8,33,86mbps
빽다방제주,카페,제주특별자치도,제주시,33.49992688,126.5282009,45,9,40,52mbps
카페일리터제주,카페,제주특별자치도,제주시,33.47864425,126.4796433,46,9,44,141mbps
빽다방서귀포516로점,카페,제주특별자치도,서귀포시,33.29126884,126.5949337,35,8,17,118mbps
지니귤카페,카페,제주특별자치도,서귀포시,33.28734223,126.6662134,42,10,42,61mbps
잔물결시티로스터스,카페,제주특별자치도,제주시,33.48944261,126.4789977,26,5,24,62mbps
우프,카페,제주특별자치도,서귀포시,33.28046523,126.6319426,25,8,7,119mbps
카페제주웰컴,카페,제주특별자치도,제주시,33.48621789,126.4994068,46,15,38,73mbps
카페아이갓에브리씽제주헬스케어타운의료서비스,카페,제주특별자치도,서귀포시,33.28362907,126.5595868,11,2,4,97mbps
오프리르제주,카페,제주특별자치도,서귀포시,33.25012601,126.5625449,37,9,31,102mbps
휘당,카페,제주특별자치도,제주시,33.50434978,126.4973975,41,8,34,68mbps
리프트커피,카페,제주특별자치도,제주시,33.47568702,126.5486444,32,10,21,149mbps
설빙제주,카페,제주특별자치도,제주시,33.50703335,126.5407113,19,6,16,120mbps
오동다방,카페,제주특별자치도,제주시,33.50015555,126.5290606,50,16,31,124mbps
파스쿠찌제주도남점,카페,제주특별자치도,제주시,33.49590246,126.5273296,39,13,32,56mbps
용두암해수랜드2층매점,카페,제주특별자치도,제주시,33.51610776,126.5044227,19,9,3,62mbps
남원드림센터운영협의회,카페,제주특별자치도,서귀포시,33.2773233,126.716305,47,11,43,97mbps
텐퍼센트제주,카페,제주특별자치도,제주시,33.4924981,126.5354508,40,8,34,134mbps
평화다방,카페,제주특별자치도,제주시,33.50110763,126.5304868,49,16,48,51mbps
차마실,카페,제주특별자치도,제주시,33.48462451,126.4155237,42,21,35,132mbps
마르Marrr,카페,제주특별자치도,서귀포시,33.47180032,126.9149998,12,2,6,51mbps
잔잔히,카페,제주특별자치도,제주시,33.47355981,126.3620547,47,11,41,70mbps
숨비나리카페,카페,제주특별자치도,서귀포시,33.28210653,126.3484334,40,10,28,150mbps
커피룸,카페,제주특별자치도,제주시,33.55553743,126.7959795,11,2,9,126mbps
고븐달,카페,제주특별자치도,제주시,33.50143445,126.9694472,44,11,34,80mbps
그린마일커피(제,카페,제주특별자치도,제주시,33.44205041,126.3133108,11,2,5,76mbps
메가엠지씨커피제주광양,카페,제주특별자치도,제주시,33.50084739,126.5284327,21,4,12,140mbps
황제다방,카페,제주특별자치도,서귀포시,33.24741449,126.565799,14,4,3,60mbps
지앤엘제주양와당제주,카페,제주특별자치도,제주시,33.48107694,126.5241071,41,10,33,69mbps
와요커피제주아라점,카페,제주특별자치도,제주시,33.47752274,126.5501519,36,18,26,88mbps
카페낭뜰,카페,제주특별자치도,제주시,33.3566228,126.2985008,28,9,10,144mbps
아꼬왓,카페,제주특별자치도,제주시,33.45072807,126.3737408,37,7,27,149mbps
비밀역2,카페,제주특별자치도,서귀포시,33.24180148,126.3325952,27,13,9,117mbps
스키즈키샵,카페,제주특별자치도,제주시,33.51708177,126.5371278,34,8,34,119mbps
동수,카페,제주특별자치도,제주시,33.4866226,126.4903124,42,10,27,133mbps
안티코,카페,제주특별자치도,제주시,33.51206578,126.707652,40,13,35,136mbps
공터하우스,카페,제주특별자치도,제주시,33.50922039,126.516021,48,24,30,77mbps
카페요아정제주,카페,제주특별자치도,제주시,33.5421172,126.6653988,29,14,17,66mbps
카페봄봄서귀서광리점,카페,제주특별자치도,서귀포시,33.28590339,126.3333332,13,2,6,67mbps
스탠스커피,카페,제주특별자치도,제주시,33.49686136,126.5353307,35,7,28,134mbps
알프스제주,카페,제주특별자치도,서귀포시,33.39864166,126.8025492,41,20,38,118mbps
카페희스토리,카페,제주특별자치도,제주시,33.50509118,126.4676791,12,3,6,83mbps
카페인팜,카페,제주특별자치도,제주시,33.46766207,126.3565579,49,16,35,128mbps
돌셋,카페,제주특별자치도,서귀포시,33.21199468,126.291945,39,7,20,77mbps
일조카페,카페,제주특별자치도,제주시,33.52306572,126.8565307,38,12,18,86mbps
홍콩다방,카페,제주특별자치도,제주시,33.48777462,126.4898214,18,3,14,69mbps
근호다방,카페,제주특별자치도,서귀포시,33.44725832,126.9147333,31,7,16,85mbps
키라라,카페,제주특별자치도,제주시,33.49347157,126.5426553,19,3,14,144mbps
키아오라카페,카페,제주특별자치도,서귀포시,33.43430401,126.9048958,32,6,17,149mbps
여우다방,카페,제주특별자치도,제주시,33.52332566,126.855217,14,2,11,56mbps
카페하나로,카페,제주특별자치도,제주시,33.50378787,126.5531048,44,14,39,110mbps
햅브,카페,제주특별자치도,제주시,33.4723309,126.5480486,48,9,43,75mbps
윔블던,카페,제주특별자치도,제주시,33.49181335,126.4941235,17,8,14,122mbps
카페위드썸,카페,제주특별자치도,서귀포시,33.24602347,126.3347306,30,15,30,76mbps
귀빈다방,카페,제주특별자치도,서귀포시,33.24813312,126.5676197,20,10,10,108mbps
구둠,카페,제주특별자치도,제주시,33.40789666,126.2582281,41,13,35,87mbps
모모찌,카페,제주특별자치도,제주시,33.55639099,126.79419,17,3,6,91mbps
이런공간,카페,제주특별자치도,제주시,33.46543434,126.4013885,44,22,44,121mbps
모스트,카페,제주특별자치도,제주시,33.48374238,126.4871229,45,22,32,90mbps
제피로스,카페,제주특별자치도,제주시,33.31758726,126.1690138,12,3,6,137mbps
벨로씨,카페,제주특별자치도,서귀포시,33.47729671,126.8984688,27,5,8,109mbps
봄이카페,카페,제주특별자치도,제주시,33.42967084,126.4346236,31,10,20,117mbps
그디행복,카페,제주특별자치도,제주시,33.51141115,126.5300437,37,18,35,75mbps
아방호두과자어멍갤러리,카페,제주특별자치도,제주시,33.48685198,126.6500311,21,7,4,83mbps
바크모스,카페,제주특별자치도,제주시,33.38062888,126.3091407,14,4,8,94mbps
청사별곡,카페,제주특별자치도,제주시,33.48929881,126.523933,32,10,23,102mbps
타임센트,카페,제주특별자치도,제주시,33.4533208,126.3085433,16,4,7,89mbps
곰세기카페,카페,제주특별자치도,서귀포시,33.34214766,126.856205,11,2,8,50mbps
그래카페,카페,제주특별자치도,제주시,33.47168156,126.5357986,40,8,34,76mbps
팜앤카페살리다,카페,제주특별자치도,제주시,33.43674718,126.2703492,13,6,6,64mbps
플레이커피랩,카페,제주특별자치도,서귀포시,33.25206677,126.4237299,34,6,30,110mbps
카페트와,카페,제주특별자치도,서귀포시,33.45127741,126.9117393,16,8,6,116mbps
빽다방제주애월좋은마트점,카페,제주특별자치도,제주시,33.47099184,126.365871,25,5,23,122mbps
청양커피로스터리,카페,제주특별자치도,제주시,33.50034313,126.5309752,20,5,5,55mbps
취향의섬,카페,제주특별자치도,서귀포시,33.27438384,126.6898234,27,5,25,111mbps
카페연우,카페,제주특별자치도,제주시,33.29456045,126.167654,23,5,5,144mbps
스타벅스,카페,제주특별자치도,서귀포시,33.25541713,126.5777787,38,12,28,93mbps
에이바우트커피신제주점,카페,제주특별자치도,제주시,33.48170354,126.482487,20,5,20,111mbps
빽다방서귀포동홍,카페,제주특별자치도,서귀포시,33.25742255,126.5736051,29,7,29,144mbps
늘웃,카페,제주특별자치도,서귀포시,33.2148619,126.2731938,38,7,25,131mbps
돌염전소금커피,카페,제주특별자치도,제주시,33.48248426,126.3759763,21,4,2,129mbps
무히어Muhere,카페,제주특별자치도,서귀포시,33.26343233,126.6408147,10,5,9,109mbps
탄,카페,제주특별자치도,제주시,33.51499275,126.5259127,40,20,24,53mbps
까떼커피표선점,카페,제주특별자치도,서귀포시,33.32545084,126.8424314,50,12,31,100mbps
피노스커피,카페,제주특별자치도,제주시,33.48883778,126.4766771,39,9,28,123mbps
연동제이,카페,제주특별자치도,제주시,33.4883156,126.489829,23,11,20,77mbps
나우커피제주삼도점,카페,제주특별자치도,제주시,33.5002533,126.5239699,29,7,29,89mbps
동명동락,카페,제주특별자치도,제주시,33.39480258,126.2744941,17,5,2,52mbps
얼리버드커피하우스,카페,제주특별자치도,제주시,33.50253353,126.5284774,30,15,28,98mbps
정오의물결,카페,제주특별자치도,서귀포시,33.24480792,126.5166786,23,5,21,128mbps
선다방,카페,제주특별자치도,서귀포시,33.28016294,126.7200636,42,10,36,113mbps
코코,카페,제주특별자치도,제주시,33.49009068,126.4917662,36,7,20,108mbps
12월,카페,제주특별자치도,제주시,33.50953082,126.5895285,10,5,8,69mbps
카페903,카페,제주특별자치도,서귀포시,33.23804528,126.511952,34,11,32,123mbps
빽다방빵연구소제주합동,카페,제주특별자치도,제주시,33.49013111,126.5270274,34,6,24,64mbps
백억커피제주,카페,제주특별자치도,제주시,33.5141342,126.5253792,13,4,3,69mbps
숲의아이,카페,제주특별자치도,서귀포시,33.31105793,126.7223596,38,12,35,132mbps
제주과,카페,제주특별자치도,제주시,33.48910894,126.4789782,25,6,17,89mbps
이디야커피제주,카페,제주특별자치도,서귀포시,33.25490452,126.4097713,20,4,19,90mbps
코메트이에프,카페,제주특별자치도,제주시,33.49693475,126.4497795,32,6,28,96mbps
아워메이,카페,제주특별자치도,서귀포시,33.25598438,126.5203731,39,19,37,64mbps
컴포즈커피제주뉴월드화북마트점,카페,제주특별자치도,제주시,33.51970763,126.5702775,23,7,9,107mbps
류지커피로스터스,카페,제주특별자치도,서귀포시,33.24728109,126.5611856,24,12,22,133mbps
카름,카페,제주특별자치도,제주시,33.50167197,126.5415468,40,20,22,141mbps
컴포즈커피서귀포위미점,카페,제주특별자치도,서귀포시,33.27476917,126.6579854,17,8,3,142mbps
벌크커피제주,카페,제주특별자치도,제주시,33.49928396,126.5298402,28,9,10,115mbps
캣우먼카페엔커피숍,카페,제주특별자치도,서귀포시,33.24870892,126.5672627,32,16,19,55mbps
팥팥,카페,제주특별자치도,제주시,33.45026843,126.481168,31,6,14,61mbps
일일커피제주화북점,카페,제주특별자치도,제주시,33.51950178,126.5655424,12,2,3,83mbps
투에스,카페,제주특별자치도,서귀포시,33.30787578,126.7762849,49,16,48,147mbps
차화술,카페,제주특별자치도,제주시,33.5099161,126.5328501,21,10,10,132mbps
정다방,카페,제주특별자치도,제주시,33.48770033,126.4914897,43,14,29,125mbps
컴포즈커피제주외도,카페,제주특별자치도,제주시,33.48793504,126.4313939,14,7,8,70mbps
테마라운지,카페,제주특별자치도,서귀포시,33.26222076,126.4280098,40,8,24,84mbps
사운드프레소제주연동점,카페,제주특별자치도,제주시,33.4769154,126.4888415,18,4,4,82mbps
백억커피제주연동점,카페,제주특별자치도,제주시,33.48603057,126.4910475,23,7,16,102mbps
굿핸드,카페,제주특별자치도,서귀포시,33.25456169,126.5754541,50,10,42,62mbps
어놀문화센터삼화지구점,카페,제주특별자치도,제주시,33.5134961,126.5809315,42,14,41,134mbps
뺵다방제주서광로동성길점,카페,제주특별자치도,제주시,33.49978583,126.5104345,17,4,2,96mbps
카페동화,카페,제주특별자치도,제주시,33.51800134,126.5774762,11,3,6,137mbps
담안,카페,제주특별자치도,제주시,33.50594461,126.4669635,22,7,3,146mbps
뉴트커피,카페,제주특별자치도,제주시,33.48746432,126.4999591,39,13,34,137mbps
커피정원,카페,제주특별자치도,서귀포시,33.43900812,126.8637562,16,3,0,62mbps
고성리안,카페,제주특별자치도,서귀포시,33.4507833,126.9142674,50,25,31,106mbps
돌담길찻집,카페,제주특별자치도,서귀포시,33.25032735,126.3023988,25,8,16,112mbps
메가엠지씨커피제주평화로무수천점,카페,제주특별자치도,제주시,33.46219594,126.4496656,21,4,14,150mbps
브라운터틀,카페,제주특별자치도,제주시,33.51417948,126.9571509,44,8,43,107mbps
나풀,카페,제주특별자치도,제주시,33.52479282,126.5862271,14,3,6,149mbps
카페수,카페,제주특별자치도,제주시,33.46893751,126.4005576,34,8,26,141mbps
봄봄안덕,카페,제주특별자치도,서귀포시,33.24629207,126.331016,50,12,41,61mbps
기분존카페,카페,제주특별자치도,제주시,33.32500012,126.2575566,33,8,21,97mbps
우도의아침,카페,제주특별자치도,제주시,33.50227291,126.9692962,17,4,1,118mbps
제주오션뷰카페마녀의언덕,카페,제주특별자치도,서귀포시,33.23402652,126.3844631,43,21,31,81mbps
네이키드,카페,제주특별자치도,제주시,33.49860362,126.5311244,46,15,39,83mbps
콩지쿡,카페,제주특별자치도,제주시,33.46792895,126.3878923,29,14,28,98mbps
비더커피,카페,제주특별자치도,제주시,33.31075584,126.2209106,20,6,11,109mbps
떡기리제주점,카페,제주특별자치도,제주시,33.33910412,126.2255671,38,19,27,127mbps
뉴은하수카페,카페,제주특별자치도,서귀포시,33.22119424,126.2538971,39,7,27,143mbps
카페봄봄제주오일장점,카페,제주특별자치도,제주시,33.49337083,126.4848172,14,4,10,85mbps
져스터원더노트,카페,제주특별자치도,제주시,33.55656245,126.7287594,12,2,0,113mbps
스타독스,카페,제주특별자치도,제주시,33.50462438,126.5426828,43,14,26,55mbps
메가엠지씨커피제주오라정실점,카페,제주특별자치도,제주시,33.47157375,126.5078499,36,9,32,71mbps
빽다방제주연북로점,카페,제주특별자치도,제주시,33.4813412,126.4842429,21,10,19,108mbps
카페산들랑,카페,제주특별자치도,제주시,33.51320491,126.8588826,37,9,31,83mbps
어니스트밀크,카페,제주특별자치도,서귀포시,33.45041315,126.8718803,22,11,11,138mbps
풀잎들커피아카이브,카페,제주특별자치도,제주시,33.49699703,126.5402801,32,16,21,96mbps
더벤티모슬포점,카페,제주특별자치도,서귀포시,33.22409951,126.2557498,28,14,24,124mbps
카페범,카페,제주특별자치도,서귀포시,33.23150297,126.5059912,47,23,28,59mbps
플러피,카페,제주특별자치도,제주시,33.43024323,126.263651,49,24,31,99mbps
망고레이애월,카페,제주특별자치도,제주시,33.48178295,126.4001033,27,13,18,120mbps
컬쳐앤브런치씨앤비카페,카페,제주특별자치도,서귀포시,33.24590814,126.4294788,28,9,13,64mbps
공탱크,카페,제주특별자치도,제주시,33.38838898,126.2290854,32,6,25,126mbps
마노커피하우스,카페,제주특별자치도,서귀포시,33.2513556,126.4239706,44,11,26,123mbps
좋은사람좋은커피협동조합,카페,제주특별자치도,서귀포시,33.2513556,126.4239706,11,2,4,112mbps
협재노랑대문,카페,제주특별자치도,제주시,33.39909764,126.2463395,11,2,7,115mbps
본카페,카페,제주특별자치도,제주시,33.46777599,126.3320732,40,13,34,53mbps
제주외도가야카페,카페,제주특별자치도,제주시,33.48897754,126.4306661,15,3,10,95mbps
오우너스원,카페,제주특별자치도,제주시,33.42568885,126.6570937,29,9,21,90mbps
블레스크,카페,제주특별자치도,제주시,33.513617,126.524521,50,12,42,146mbps
린앤모닝,카페,제주특별자치도,제주시,33.47892679,126.4978672,43,8,41,133mbps
메가엠지씨커피제주삼화초점,카페,제주특별자치도,제주시,33.51444114,126.5751578,47,9,27,72mbps
오사카커피,카페,제주특별자치도,제주시,33.51565645,126.5250049,34,8,15,79mbps
금호커피숍,카페,제주특별자치도,서귀포시,33.24982105,126.5655725,31,15,13,122mbps
컴포즈커피서귀포올레,카페,제주특별자치도,서귀포시,33.24769482,126.5634584,21,10,7,76mbps
더벤티제주노형이편한세상점,카페,제주특별자치도,제주시,33.48442128,126.4706138,24,4,20,130mbps
우호적무관심,카페,제주특별자치도,제주시,33.33772492,126.2672125,31,15,25,70mbps
메가엠지씨커피제주,카페,제주특별자치도,제주시,33.48851806,126.5392058,31,7,21,80mbps
테마라운지2,카페,제주특별자치도,서귀포시,33.26222076,126.4280098,10,2,5,106mbps
고망고제주연동점,카페,제주특별자치도,제주시,33.48799374,126.4904873,37,12,33,121mbps
어오케이커피제주,카페,제주특별자치도,서귀포시,33.25083819,126.4251652,46,15,40,92mbps
오롯커피,카페,제주특별자치도,제주시,33.49076541,126.518491,44,8,44,117mbps
코지스테이무인카페,카페,제주특별자치도,제주시,33.51044372,126.5246029,41,20,30,125mbps
커피빈제주동문,카페,제주특별자치도,제주시,33.51287129,126.5275603,50,25,46,74mbps
모이세카페,카페,제주특별자치도,제주시,33.49019398,126.4883869,47,23,27,133mbps
벤티프레소하효점,카페,제주특별자치도,서귀포시,33.26174026,126.6176292,23,4,14,74mbps
몽크커피,카페,제주특별자치도,제주시,33.50596686,126.5375851,15,5,1,106mbps
또뜻헌책방,카페,제주특별자치도,제주시,33.50285304,126.5201137,22,7,7,128mbps
타래커피제주아라동점,카페,제주특별자치도,제주시,33.4842769,126.5406486,41,13,34,111mbps
오늘도빵과커피,카페,제주특별자치도,제주시,33.4833217,126.496669,40,20,30,92mbps
밝은달귤후르츠앤북스,카페,제주특별자치도,서귀포시,33.22843054,126.2532886,30,10,23,107mbps
키에키로스팅룸,카페,제주특별자치도,제주시,33.51036787,126.5236347,15,3,4,148mbps
카페사분의일,카페,제주특별자치도,제주시,33.4462479,126.4813102,23,4,7,108mbps
1층마카롱,카페,제주특별자치도,제주시,33.50639044,126.5351291,38,9,34,99mbps
달리는커피서귀포,카페,제주특별자치도,서귀포시,33.27956333,126.7180582,42,10,35,77mbps
서귀포안덕면화순카페인더눅,카페,제주특별자치도,서귀포시,33.24235013,126.3357134,35,8,35,65mbps
감성커피서귀포법환점,카페,제주특별자치도,서귀포시,33.23380114,126.5125979,27,13,25,123mbps
봄봄애월점,카페,제주특별자치도,제주시,33.4600074,126.3210214,45,15,27,141mbps
루미에르,카페,제주특별자치도,제주시,33.50715659,126.5093598,14,7,8,100mbps
카페마망,카페,제주특별자치도,서귀포시,33.44979759,126.8879605,36,7,31,105mbps
아이빈,카페,제주특별자치도,제주시,33.54296867,126.6348929,10,3,10,94mbps
엘에프,카페,제주특별자치도,서귀포시,33.24313133,126.4515681,19,6,6,117mbps
신세계다방,카페,제주특별자치도,제주시,33.41580881,126.262128,15,3,2,60mbps
컴포즈커피제주일도인제점,카페,제주특별자치도,제주시,33.50540414,126.5414302,22,11,5,141mbps
로스트룸,카페,제주특별자치도,제주시,33.49131336,126.534478,47,15,30,112mbps
이보커,카페,제주특별자치도,제주시,33.48132024,126.4770881,24,12,8,134mbps
카페세바,카페,제주특별자치도,제주시,33.51322501,126.7060336,19,3,8,115mbps
올리브앤씨,카페,제주특별자치도,제주시,33.44830957,126.3023882,20,6,2,96mbps
원카페,카페,제주특별자치도,제주시,33.45454772,126.5724385,25,5,18,110mbps
사우스포트,카페,제주특별자치도,서귀포시,33.2570146,126.5474648,31,6,30,110mbps
수노카페,카페,제주특별자치도,제주시,33.55641627,126.7198004,21,10,16,149mbps
소오커피,카페,제주특별자치도,제주시,33.50753611,126.523435,43,14,41,52mbps
더벤티연동점,카페,제주특별자치도,제주시,33.48727456,126.4909972,34,17,33,56mbps
우포포이,카페,제주특별자치도,제주시,33.50173705,126.5183011,39,7,32,55mbps
해오름디저트카페,카페,제주특별자치도,서귀포시,33.25434209,126.5641014,20,10,8,61mbps
빙고커피앤디저트,카페,제주특별자치도,제주시,33.48923078,126.541763,19,4,6,147mbps
선주청과,카페,제주특별자치도,제주시,33.39338242,126.2405633,37,9,34,64mbps
백억커피제주삼도점,카페,제주특별자치도,제주시,33.50210182,126.5193645,24,6,19,97mbps
띠아모,카페,제주특별자치도,서귀포시,33.25641704,126.5722364,50,16,44,115mbps
카페직,카페,제주특별자치도,제주시,33.49673051,126.5269592,28,7,21,108mbps
가을다방,카페,제주특별자치도,제주시,33.51372289,126.5382112,34,11,22,148mbps
메가엠지씨커피제주수모루점,카페,제주특별자치도,서귀포시,33.24514817,126.5230719,42,21,32,62mbps
백억커피제주삼화점,카페,제주특별자치도,제주시,33.51972257,126.5719889,20,5,4,131mbps
풀말차정원,카페,제주특별자치도,제주시,33.55351926,126.7068663,20,10,7,112mbps
우도바이킹,카페,제주특별자치도,제주시,33.49708947,126.9453972,35,8,26,116mbps
수스로로스팅하우스,카페,제주특별자치도,제주시,33.46343044,126.3388188,31,7,27,87mbps
아노록커피바,카페,제주특별자치도,제주시,33.53461586,126.6215245,26,6,18,135mbps
이노프,카페,제주특별자치도,서귀포시,33.32958828,126.7980974,31,6,18,52mbps
나나곳간,카페,제주특별자치도,제주시,33.485147,126.4154341,28,9,26,123mbps
베이커리카페&피쉬마켓,카페,제주특별자치도,제주시,33.9594195,126.2967402,21,7,13,82mbps
크레이지빙수신제주점,카페,제주특별자치도,제주시,33.48119602,126.4733017,14,2,14,67mbps
로뎀카페,카페,제주특별자치도,제주시,33.50198112,126.5325914,21,10,18,55mbps
카페드노엘,카페,제주특별자치도,제주시,33.51448928,126.576051,49,12,49,140mbps
카페직민속자연사박물관점,카페,제주특별자치도,제주시,33.50562928,126.5317215,45,9,25,104mbps
이디야커피서홍점,카페,제주특별자치도,서귀포시,33.26140716,126.5554162,22,5,8,144mbps
컴포즈커피제주,카페,제주특별자치도,제주시,33.49237498,126.5362801,32,16,16,62mbps
카페마노앤디또,카페,제주특별자치도,제주시,33.34972684,126.185016,11,3,5,105mbps
무로이로비,카페,제주특별자치도,서귀포시,33.3077306,126.3365603,19,3,5,71mbps
예평제주점,카페,제주특별자치도,제주시,33.33878318,126.2662584,25,12,11,103mbps
카주아루,카페,제주특별자치도,제주시,33.49254164,126.5350417,46,11,43,128mbps
달곰카페,카페,제주특별자치도,제주시,33.49925051,126.6570299,46,11,35,67mbps
카페봄봄,카페,제주특별자치도,서귀포시,33.27904527,126.2743261,42,10,29,103mbps
믈커피스페셜티점,카페,제주특별자치도,서귀포시,33.27195899,126.5986401,16,3,12,122mbps
카르마커피제주,카페,제주특별자치도,제주시,33.55622211,126.8011899,26,13,14,133mbps
카페이엘라도,카페,제주특별자치도,제주시,33.51167757,126.5172666,22,5,17,115mbps
카페밀,카페,제주특별자치도,제주시,33.49129047,126.5428605,41,10,31,138mbps
카페휘,카페,제주특별자치도,제주시,33.37623144,126.2140516,17,5,1,107mbps
신수카페,카페,제주특별자치도,제주시,33.3027058,126.1984238,10,2,8,125mbps
디저트39서귀포명동로점,카페,제주특별자치도,서귀포시,33.24720983,126.5639973,34,6,14,77mbps
여름정원,카페,제주특별자치도,서귀포시,33.3610065,126.8389506,25,6,5,101mbps
커피솝,카페,제주특별자치도,제주시,33.5092763,126.5096062,16,4,1,133mbps
한복입은바리스타,카페,제주특별자치도,제주시,33.51357722,126.5235525,32,6,12,129mbps
벤치테이블,카페,제주특별자치도,서귀포시,33.45906614,126.9100857,13,4,7,52mbps
에이바우트커피이편한세상시티점,카페,제주특별자치도,제주시,33.48386022,126.4829368,23,5,15,136mbps
삼달리꽃밭에서,카페,제주특별자치도,서귀포시,33.36766501,126.8654793,38,9,26,107mbps
웨이브피스,카페,제주특별자치도,제주시,33.47768903,126.5487739,43,21,38,68mbps
빽다방제주애월구엄포구점,카페,제주특별자치도,제주시,33.4840147,126.377321,15,3,11,66mbps
통기타추억여행,카페,제주특별자치도,서귀포시,33.23720755,126.2941773,12,2,11,79mbps
복다방카페,카페,제주특별자치도,서귀포시,33.21856442,126.2513772,11,2,9,108mbps
더벤티제주연오점,카페,제주특별자치도,제주시,33.48470368,126.5017611,35,11,20,81mbps
빽다방제주송악산점,카페,제주특별자치도,서귀포시,33.2071798,126.2903213,20,5,16,126mbps
카페봄봄,카페,제주특별자치도,제주시,33.50352747,126.5266855,36,9,19,147mbps
인디55,카페,제주특별자치도,서귀포시,33.22363966,126.2423016,18,6,3,52mbps
뉴데이커피,카페,제주특별자치도,제주시,33.47424563,126.5440366,46,23,34,148mbps
헬로남생이,카페,제주특별자치도,제주시,33.53357391,126.6140254,23,5,8,98mbps
카페옐로우,카페,제주특별자치도,제주시,33.49383701,126.9509734,27,6,24,143mbps
프롬프트제주,카페,제주특별자치도,제주시,33.51238155,126.5387565,13,6,5,107mbps
2시6분,카페,제주특별자치도,제주시,33.47130841,126.7844186,30,10,25,115mbps
애플망고포레,카페,제주특별자치도,서귀포시,33.30997942,126.8047144,50,10,42,89mbps
사우스본,카페,제주특별자치도,제주시,33.48955725,126.5496593,48,16,34,66mbps
하토말차,카페,제주특별자치도,제주시,33.50953602,126.523015,31,15,15,92mbps
카페요지,카페,제주특별자치도,제주시,33.49580789,126.5357022,20,6,1,95mbps
이지비지,카페,제주특별자치도,제주시,33.50776563,126.5245099,43,8,43,129mbps
삼달198,카페,제주특별자치도,서귀포시,33.37410125,126.8486517,11,2,9,57mbps
읍천리382제주점,카페,제주특별자치도,제주시,33.49573717,126.5360792,40,20,21,148mbps
투모로우,카페,제주특별자치도,서귀포시,33.24604549,126.6184916,29,9,21,50mbps
온도디저트랩,카페,제주특별자치도,제주시,33.50934664,126.5091537,14,4,13,56mbps
파리크라상파스쿠찌제주대,카페,제주특별자치도,제주시,33.46720844,126.545203,28,9,12,132mbps
라이초,카페,제주특별자치도,제주시,33.49854048,126.5407454,45,15,29,142mbps
블랙이쉬레드,카페,제주특별자치도,제주시,33.41604938,126.398556,35,11,29,127mbps
그라포드커피,카페,제주특별자치도,서귀포시,33.30889074,126.7791601,44,22,42,95mbps
투빅커피제주,카페,제주특별자치도,서귀포시,33.25365322,126.4314781,40,13,25,139mbps
우도바라기,카페,제주특별자치도,제주시,33.50620298,126.9416569,42,21,30,115mbps
비로소커피,카페,제주특별자치도,제주시,33.5019043,126.4880597,17,5,12,100mbps
파스쿠찌제주,카페,제주특별자치도,서귀포시,33.27904527,126.2743261,48,16,48,136mbps
민박카페,카페,제주특별자치도,서귀포시,33.46498638,126.9333799,32,10,12,91mbps
더벤티,카페,제주특별자치도,제주시,33.49922914,126.5296468,15,3,4,140mbps
씨로드,카페,제주특별자치도,서귀포시,33.20080273,126.2773317,47,23,43,141mbps
시나몬도넛샾,카페,제주특별자치도,제주시,33.51018468,126.5136156,43,10,41,51mbps
까페노을숲,카페,제주특별자치도,제주시,33.32838227,126.1640783,43,10,25,134mbps
스타벅스,카페,제주특별자치도,제주시,33.54248744,126.6689719,37,7,28,56mbps
무슈부부커피스탠드관덕정,카페,제주특별자치도,제주시,33.51295651,126.5215755,29,5,21,83mbps
포구안,카페,제주특별자치도,서귀포시,33.2370442,126.5118825,28,9,28,96mbps
스타벅스,카페,제주특별자치도,서귀포시,33.25421818,126.4114393,33,16,31,80mbps
카페쿠리,카페,제주특별자치도,서귀포시,33.3867624,126.8844195,42,8,31,131mbps
슈소롯,카페,제주특별자치도,제주시,33.49181766,126.4306906,18,9,4,107mbps
라벤더블루,카페,제주특별자치도,제주시,33.30877122,126.1652104,37,7,33,91mbps
코모커피,카페,제주특별자치도,제주시,33.51610725,126.5799072,13,4,1,101mbps
컴포즈커피제주남녕고점,카페,제주특별자치도,제주시,33.49061308,126.4807661,11,3,4,109mbps
빽다방제주도남점,카페,제주특별자치도,제주시,33.49762774,126.5281811,31,10,14,92mbps
토마틀,카페,제주특별자치도,제주시,33.514451,126.6947709,40,20,35,76mbps
만금카페,카페,제주특별자치도,제주시,33.50929181,126.5204764,30,7,25,105mbps
비파인,카페,제주특별자치도,제주시,33.33959753,126.2222866,36,12,21,58mbps
카페광령올레,카페,제주특별자치도,제주시,33.4610293,126.4388088,16,3,10,97mbps
텐퍼센트커피제주아라,카페,제주특별자치도,제주시,33.47500928,126.5457539,45,22,28,149mbps
아이러브눅,카페,제주특별자치도,제주시,33.53237784,126.6580081,50,16,44,58mbps
온오프베이크샵,카페,제주특별자치도,제주시,33.4858144,126.5370897,46,11,38,78mbps
제주아꼼이네오션라운지,카페,제주특별자치도,제주시,33.52690761,126.5877456,41,13,36,70mbps
브라운커피,카페,제주특별자치도,제주시,33.55645234,126.7537214,36,18,26,60mbps
갑준이똘,카페,제주특별자치도,제주시,33.51843369,126.9534137,14,4,11,106mbps
오랑주리혜원,카페,제주특별자치도,제주시,33.33797058,126.1989495,44,22,27,128mbps
이디야커피제주남원포구점,카페,제주특별자치도,서귀포시,33.27825043,126.7195974,29,7,20,99mbps
카페요아정제주,카페,제주특별자치도,서귀포시,33.25189152,126.4248256,15,7,3,148mbps
닛츠,카페,제주특별자치도,제주시,33.48710321,126.4211452,14,2,10,122mbps
소설과농담,카페,제주특별자치도,제주시,33.50911943,126.522533,34,11,27,146mbps
커피다,카페,제주특별자치도,제주시,33.50017495,126.5176964,41,8,37,107mbps
더벤티원,카페,제주특별자치도,제주시,33.48554597,126.4850464,41,8,36,79mbps
카페뷰,카페,제주특별자치도,제주시,33.52034669,126.9579013,47,15,43,138mbps
내향적커피,카페,제주특별자치도,서귀포시,33.25577113,126.5758238,14,3,7,131mbps
포클로버커피,카페,제주특별자치도,제주시,33.47868272,126.4910797,10,2,9,130mbps
미남커피난드르점,카페,제주특별자치도,서귀포시,33.23545337,126.3669543,12,3,7,56mbps
카페다온99.9,카페,제주특별자치도,서귀포시,33.38648384,126.7945267,29,9,24,70mbps
블루웨일소품앤카페,카페,제주특별자치도,제주시,33.51610012,126.5254976,50,12,48,106mbps
더벤티제주,카페,제주특별자치도,서귀포시,33.24803222,126.5619759,30,7,26,72mbps
송당안,카페,제주특별자치도,제주시,33.47219566,126.7813718,39,19,22,85mbps
강정동베이커리,카페,제주특별자치도,서귀포시,33.25894371,126.5070495,48,24,30,143mbps
감성커피제주,카페,제주특별자치도,제주시,33.49606676,126.5350121,29,14,14,56mbps
커피클럽,카페,제주특별자치도,서귀포시,33.2435206,126.4601711,15,3,9,105mbps
카페봄봄내도점,카페,제주특별자치도,제주시,33.49555316,126.4392426,46,9,29,51mbps
우지커피제주,카페,제주특별자치도,제주시,33.4813185,126.4852866,44,8,41,116mbps
쉼,카페,제주특별자치도,서귀포시,33.26482145,126.6410237,27,6,13,128mbps
원비원,카페,제주특별자치도,제주시,33.52360573,126.8557117,43,21,28,128mbps
김녕카페분식,카페,제주특별자치도,제주시,33.55710448,126.7598361,44,11,38,150mbps
카페실꽃누리,카페,제주특별자치도,제주시,33.51330058,126.5058702,27,13,18,60mbps
바다아뜰리에,카페,제주특별자치도,제주시,33.46534983,126.3186562,44,14,26,87mbps
에치,카페,제주특별자치도,제주시,33.52159965,126.567308,29,9,24,130mbps
카페삼도동,카페,제주특별자치도,제주시,33.51184704,126.5214417,16,4,7,53mbps
감아라,카페,제주특별자치도,제주시,33.4849451,126.5482844,48,24,29,56mbps
커피처방전,카페,제주특별자치도,제주시,33.49276512,126.5065679,44,14,41,136mbps
제주복이당,카페,제주특별자치도,제주시,33.51440446,126.5253239,11,2,8,135mbps
시도,카페,제주특별자치도,제주시,33.48888555,126.4421585,14,4,2,137mbps
카페더플로라화련,카페,제주특별자치도,서귀포시,33.27301285,126.1937365,41,8,30,107mbps
괸당커피,카페,제주특별자치도,제주시,33.50030902,126.5291136,20,10,6,100mbps
아꼬아가게,카페,제주특별자치도,제주시,33.51163393,126.5199576,24,8,11,106mbps
누아제주,카페,제주특별자치도,제주시,33.5115318,126.519194,43,10,42,142mbps
촐,카페,제주특별자치도,서귀포시,33.41223397,126.7737708,50,25,35,110mbps
카페오복,카페,제주특별자치도,제주시,33.4982157,126.5358507,20,5,13,123mbps
텐퍼센트커피제주동문,카페,제주특별자치도,제주시,33.51221109,126.5270257,47,11,36,74mbps
캐럿츠,카페,제주특별자치도,제주시,33.55479234,126.7979519,16,8,2,55mbps
꿀다방,카페,제주특별자치도,제주시,33.52537131,126.8543847,12,3,10,67mbps
더벤티서귀포,카페,제주특별자치도,서귀포시,33.25314257,126.5222773,37,9,36,140mbps
오디너리6,카페,제주특별자치도,제주시,33.48361245,126.4776016,39,13,27,101mbps
바깥채,카페,제주특별자치도,제주시,33.51245598,126.518048,46,9,46,112mbps
로스터리정도,카페,제주특별자치도,제주시,33.49147638,126.5275258,22,7,16,81mbps
빽다방제주노형월랑점,카페,제주특별자치도,제주시,33.48978524,126.4768651,44,8,36,123mbps
카페봄봄,카페,제주특별자치도,제주시,33.48887284,126.597029,49,16,43,109mbps
카페봄봄칠십리점,카페,제주특별자치도,서귀포시,33.24205257,126.5665981,29,9,18,93mbps
하랑,카페,제주특별자치도,제주시,33.50002062,126.5220771,12,4,4,93mbps
이디야커피,카페,제주특별자치도,제주시,33.50249849,126.543189,38,7,33,135mbps
오희커피,카페,제주특별자치도,제주시,33.48526827,126.4726099,20,10,1,72mbps
할리스제주,카페,제주특별자치도,제주시,33.48299598,126.4789394,42,14,37,76mbps
더바우,카페,제주특별자치도,제주시,33.35418064,126.2129606,11,3,5,150mbps
가보세엠케이카페,카페,제주특별자치도,서귀포시,33.22107755,126.2539839,13,2,11,95mbps
카페토스티,카페,제주특별자치도,제주시,33.47023241,126.5412928,38,19,31,123mbps
카페퍼즈,카페,제주특별자치도,제주시,33.36428404,126.1997292,30,6,15,120mbps
도톨,카페,제주특별자치도,서귀포시,33.26419802,126.6135187,43,14,42,135mbps
메가엠지씨커피제주노형,카페,제주특별자치도,제주시,33.48449616,126.4797805,28,14,16,92mbps
카페봄봄서귀,카페,제주특별자치도,서귀포시,33.25048197,126.5612125,21,5,9,52mbps
허당소금빵,카페,제주특별자치도,서귀포시,33.40523593,126.9049167,39,19,25,93mbps
카페봄봄예래점,카페,제주특별자치도,서귀포시,33.26408698,126.3845529,23,4,21,81mbps
무로이,카페,제주특별자치도,서귀포시,33.3077306,126.3365603,32,8,21,96mbps
